<?xml version="1.0" encoding="UTF-8"?>
<TEI xmlns="http://www.tei-c.org/ns/1.0" xml:space="preserve" xml:lang="en">
    <teiHeader>
        <fileDesc>
            <titleStmt>
                <title>Funerary on Altar</title>
            </titleStmt>  
            <publicationStmt>
                <authority>UNIVERSITATEA BABES BOLYAI</authority>
<idno type="URI">http://inscriptionsfromdacia.altervista.org/text/fm00000068.html</idno>

  <idno type="localID">fm00000068</idno>
<availability>
                    <licence target="http://creativecommons.org/licenses/by-nc-sa/3.0/">
This file is licensed under the Creative Commons Attribution-NonCommercial-ShareAlike 3.0 Unported license.
</licence>
                </availability>
            </publicationStmt>
            <sourceDesc>
                <msDesc>
                    <msIdentifier>
                        <country>
                            <placeName type="modern">Romania</placeName>
                        </country>
                        <region>
                            <placeName type="modern">Constanța</placeName>
                        </region>
                        <settlement>
                            <placeName>Constanta</placeName>                     
                        </settlement>
                        <repository>Vasile Pârvan Institute of Archaeology, Bucharest</repository>
                        <collection/>
                        <idno/>
                    </msIdentifier>
                    <physDesc>
                        <objectDesc>
                            <supportDesc>
                                <support>
<objectType ref="http://www.eagle-network.eu/voc/objtyp/lod/29">Altar</objectType>
                                    <material ref="http://www.eagle-network.eu/voc/material/lod/66">Limestone</material>
<p/>
                                    <dimensions unit="cm">
                                <height>146</height>
                                         <width>42</width>
                                         <depth>49</depth>
                                             </dimensions>
                                   <rs type="decoration" ref="http://www.eagle-network.eu/voc/decor/lod/2000">yes</rs>
                                    <rs type="statPreserv"/>
                                   </support>
                            </supportDesc>
                            <layoutDesc>
                                <layout>
                                  <rs type="execution"/><dimensions>
                                        <width unit="cm"/>
                                        <height unit="cm"/>
                                    </dimensions>
                                    <rs type="metre">no</rs>
                                </layout>
                            </layoutDesc>
                        </objectDesc>
                        <handDesc>
                            <handNote>
                               
                                <height unit="cm">4-5</height>
                            </handNote>
                        </handDesc>
                    </physDesc>
                    <history>
                        <origin>
                            <origPlace>
                           <placeName ref="http://www.trismegistos.org/place/007773">Tomis</placeName>
                                <placeName type="provincItalicRegion" ref="http://www.trismegistos.org/place/029480">Moesia inferior</placeName>
                                </origPlace>
                              <origDate notBefore-custom="0101" notAfter-custom="0200" datingMethod="http://en.wikipedia.org/wiki/Julian_calendar">The second century AD.</origDate>
                        </origin>
                        <provenance type="found">  
                            <date>?</date>
                                <placeName>In the nearby of the county Court of Justice</placeName> 
                            <placeName type="modernRegion">Constanța</placeName>
                            <placeName type="modernCountry">Romania</placeName>
                        </provenance>
                    </history>
                </msDesc>
            </sourceDesc>
        </fileDesc>
        <encodingDesc>
            <p>Marked-up according to the EpiDoc Guidelines</p>
            <classDecl>
                <taxonomy>
                    <category xml:id="representation">
                        <catDesc>Digitized other representations</catDesc>
                    </category>
                </taxonomy>
            </classDecl>
        </encodingDesc>
        <profileDesc>
                <textClass>
<keywords>
     <term ref="http://www.eagle-network.eu/voc/typeins/lod/92">Funerary</term></keywords>
    </textClass>

            <langUsage>
                <language ident="ar">Arabic</language>
                <language ident="en">English</language>
                <language ident="fr">French</language>
                <language ident="de">German</language>
                <language ident="grc">Ancient Greek</language>
                <language ident="grc-Latn">Transliterated Greek</language>
                <language ident="el">Modern Greek</language>
                <language ident="he">Hebrew</language>
                <language ident="it">Italian</language>
                <language ident="la">Latin</language>
                <language ident="sp">Spanish</language>
            </langUsage>
        <creation>EAGLE - Europeana Network of Ancient Greek and Latin Epigraphy</creation></profileDesc>
        <revisionDesc>
         <change when="2015-02-26" who="Florian Matei-Popescu">Florian Matei-Popescu</change>
        </revisionDesc>
    </teiHeader>
         <facsimile>

    <graphic n="CIL III 7545_1" url="https://upload.wikimedia.org/wikipedia/commons/9/95/CIL_III_7545_1.JPG" sameAs="https://commons.wikimedia.org/wiki/File:CIL III 7545_1.JPG">
       <desc> CIL III 7545_1
          <ref type="license" target="http://creativecommons.org/licenses/by-sa/3.0/">Licensed under the Creative Commons Attribution-ShareAlike 3.0 Unported license. </ref>
      </desc>
   </graphic>
    <graphic n=" CIL III 7545_2"  url="https://upload.wikimedia.org/wikipedia/commons/5/50/CIL_III_7545_2.JPG" sameAs="https://commons.wikimedia.org/wiki/File:CIL III 7545_2.JPG">
       <desc>  CIL III 7545_2
          <ref type="license" target="http://creativecommons.org/licenses/by-sa/3.0/">Licensed under the Creative Commons Attribution-ShareAlike 3.0 Unported license. </ref>
      </desc>
   </graphic>
            
        </facsimile>
        
    
    <text>
        <body>
                       
            <div type="bibliography">
                <listBibl>
<bibl>Gr. Tocilescu, AEM 6, 1882, p. 14, no. 24 </bibl><bibl> CIL III 7545 </bibl><bibl> IGRR I 625 </bibl><bibl> ISM II 190</bibl>
                </listBibl>
            </div>
            
            
            <div type="edition" xml:lang="la"><head>Text</head>
                
  
            

    <ab>
                        <lb n="1"/>
                        
                        
                            
                            Face <expan><abbr>AC</abbr><ex>aius</ex></expan> Antonius <lb n="2"/>Fronto <expan><abbr>vete</abbr><ex>ranus</ex></expan> <lb n="3"/><expan><abbr>leg</abbr><ex>ionis</ex></expan> XIII <expan><abbr>Gem</abbr><ex>inae</ex></expan> <lb n="4"/>ex b<expan><ex>ene</ex><abbr>f</abbr><ex>iciario</ex></expan> co<expan><ex>n</ex><abbr>s</abbr><ex>ularis</ex></expan> lucum <lb n="5"/>et sepulchrum <lb n="6"/>vivus sibi et sui<supplied reason="lost">s</supplied> <lb n="7"/>exornavit <lb n="8"/>salveFace BΓ(άιος) Ἀντώνιος <lb n="9"/>Φρώντων <lb n="10"/>οὐετ(ερᾶνος) λεγι(ῶνος) ιγ΄ Διδύμης τὸ σύν<lb break="no" n="11"/>δενδρον καὶ <lb n="12"/>τὸ μνημῖον <lb n="13"/>ζῶν ἑαυτῷ καὶ τοῖς ἰδίοις <lb n="14"/>ἐξήρτισεν.
                        
                        
                    </ab>

                
                
            </div>

            

        </body>
    </text>
</TEI>
