<?xml version="1.0" encoding="UTF-8"?>
<TEI xmlns="http://www.tei-c.org/ns/1.0" xml:space="preserve" xml:lang="en">
    <teiHeader>
        <fileDesc>
            <titleStmt>
                <title>Dedication on Altar</title>
            </titleStmt>  
            <publicationStmt>
                <authority>UNIVERSITATEA BABES BOLYAI</authority>
<idno type="URI">http://inscriptionsfromdacia.altervista.org/text/fm00000176.html</idno>
<idno type="lupa">MNA L 1802 foto noua.JPG</idno>
  <idno type="localID">fm00000176</idno>
<availability>
                    <licence target="http://creativecommons.org/licenses/by-nc-sa/3.0/">
This file is licensed under the Creative Commons Attribution-NonCommercial-ShareAlike 3.0 Unported license.
</licence>
                </availability>
            </publicationStmt>
            <sourceDesc>
                <msDesc>
                    <msIdentifier>
                        <country>
                            <placeName type="modern">Romania</placeName>
                        </country>
                        <region>
                            <placeName type="modern">Constanța</placeName>
                        </region>
                        <settlement>
                            <placeName>Gârliciu</placeName>                     
                        </settlement>
                        <repository>Vasile Pârvan Institute of Archaeology, Bucharest</repository>
                        <collection/>
                        <idno/>
                    </msIdentifier>
                    <physDesc>
                        <objectDesc>
                            <supportDesc>
                                <support>
<objectType ref="http://www.eagle-network.eu/voc/objtyp/lod/29">Altar</objectType>
                                    <material ref="http://www.eagle-network.eu/voc/material/lod/66">Limestone</material>
<p/>
                                    <dimensions unit="cm">
                                <height>103</height>
                                         <width>29</width>
                                         <depth>49</depth>
                                             </dimensions>
                                   <rs type="decoration" ref="http://www.eagle-network.eu/voc/decor/lod/2000">yes</rs>
                                    <rs type="statPreserv"/>
                                   </support>
                            </supportDesc>
                            <layoutDesc>
                                <layout>
                                  <rs type="execution"/><dimensions>
                                        <width unit="cm"/>
                                        <height unit="cm"/>
                                    </dimensions>
                                    <rs type="metre">no</rs>
                                </layout>
                            </layoutDesc>
                        </objectDesc>
                        <handDesc>
                            <handNote>
                               No
                                <height unit="cm">5.6</height>
                            </handNote>
                        </handDesc>
                    </physDesc>
                    <history>
                        <origin>
                            <origPlace>
                           <placeName ref="http://www.trismegistos.org/place/030006">Cius</placeName>
                                <placeName type="provincItalicRegion" ref="http://www.trismegistos.org/place/029480">Moesia inferior</placeName>
                                </origPlace>
                              <origDate notBefore-custom="0244" notAfter-custom="0246" datingMethod="http://en.wikipedia.org/wiki/Julian_calendar">244-246 AD</origDate>
                        </origin>
                        <provenance type="found">  
                            <date>1957</date>
                                <placeName>Reused in the Late Roman fort</placeName> 
                            <placeName type="modernRegion">Constanța</placeName>
                            <placeName type="modernCountry">Romania</placeName>
                        </provenance>
                    </history>
                </msDesc>
            </sourceDesc>
        </fileDesc>
        <encodingDesc>
            <p>Marked-up according to the EpiDoc Guidelines</p>
            <classDecl>
                <taxonomy>
                    <category xml:id="representation">
                        <catDesc>Digitized other representations</catDesc>
                    </category>
                </taxonomy>
            </classDecl>
        </encodingDesc>
        <profileDesc>
                <textClass>
<keywords>
     <term ref="http://www.eagle-network.eu/voc/typeins/lod/79">Dedication</term></keywords>
    </textClass>

            <langUsage>
                <language ident="ar">Arabic</language>
                <language ident="en">English</language>
                <language ident="fr">French</language>
                <language ident="de">German</language>
                <language ident="grc">Ancient Greek</language>
                <language ident="grc-Latn">Transliterated Greek</language>
                <language ident="el">Modern Greek</language>
                <language ident="he">Hebrew</language>
                <language ident="it">Italian</language>
                <language ident="la">Latin</language>
                <language ident="sp">Spanish</language>
            </langUsage>
        <creation>EAGLE - Europeana Network of Ancient Greek and Latin Epigraphy</creation></profileDesc>
        <revisionDesc>
         <change when="2015-02-26" who="Florian Matei-Popescu">Florian Matei-Popescu</change>
        </revisionDesc>
    </teiHeader>
         <facsimile>

    <graphic n="AE 1960, 356_1" url="https://upload.wikimedia.org/wikipedia/commons/f/f3/AE_1960%2C_356_1.JPG" sameAs="https://commons.wikimedia.org/wiki/File:AE 1960, 356_1.JPG">
       <desc> AE 1960, 356_1
          <ref type="license" target="http://creativecommons.org/licenses/by-sa/3.0/">Licensed under the Creative Commons Attribution-ShareAlike 3.0 Unported license. </ref>
      </desc>
   </graphic>
    <graphic n=" AE 1960, 356_2" url="https://upload.wikimedia.org/wikipedia/commons/2/2f/AE_1960%2C_356_2.jpg" sameAs="https://commons.wikimedia.org/wiki/File:AE 1960, 356_2.jpg">
       <desc>  AE 1960, 356_2
          <ref type="license" target="http://creativecommons.org/licenses/by-sa/3.0/">Licensed under the Creative Commons Attribution-ShareAlike 3.0 Unported license. </ref>
      </desc>
   </graphic>
            
        </facsimile>
        
    
    <text>
        <body>
                       
            <div type="bibliography">
                <listBibl>
<bibl>AE 1960, 356 </bibl><bibl> ISM V 124</bibl>
                </listBibl>
            </div>
            
            
            <div type="edition" xml:lang="la"><head>Text</head>
                
  
            

    <ab>
                        <lb n="1"/>
                        
                        
                            
                            <supplied reason="lost"><expan><abbr>I</abbr><ex>ovi</ex></expan> <expan><abbr>O</abbr><ex>ptimo</ex></expan> M(aximo</supplied> <lb n="2"/><expan><abbr>pr</abbr><ex>o</ex></expan> <supplied reason="lost">salute</supplied> <lb n="3"/><expan><abbr>Imp</abbr><ex>eratoris</ex></expan> <expan><abbr>d</abbr><ex>omini</ex></expan> <expan><abbr>n</abbr><ex>ostri</ex></expan> <lb n="4"/>Marci iuli <lb n="5"/>Philippi <lb n="6"/>et Marco Iul<lb break="no" n="7"/>io (sic!) <expan><abbr>Philipp</abbr><ex>iano</ex></expan> <lb n="8"/><expan><abbr>nobil</abbr><ex>issimo</ex></expan> <expan><abbr>Caes</abbr><ex>ari</ex></expan> et <lb n="9"/>Otaciliae Se<lb break="no" n="10"/>verae <expan><abbr>Aug</abbr><ex>ustae</ex></expan> a<supplied reason="lost">r</supplied><lb break="no" n="11"/>contens <expan><abbr>r</abbr><ex>egionis</ex></expan> <expan><abbr>His</abbr><ex>triae</ex></expan> su<lb break="no" n="12"/>b <expan><abbr>arc</abbr><ex>ontatu</ex></expan> <expan><abbr>Aur</abbr><ex>elii</ex></expan> Euxi<lb break="no" n="13"/>ni Leontisci <lb n="14"/>...Cociei, <expan><abbr>Aur</abbr><ex>elius</ex></expan> Victor, <expan><abbr>Ulp</abbr><ex>ius</ex></expan> Marti<lb break="no" n="15"/>nus, <expan><abbr>Ael</abbr><ex>ius</ex></expan> Iulius, <expan><abbr>Aur</abbr><ex>elius</ex></expan> Castus, Mu<lb break="no" n="16"/>catra ITTIOSSIS <certainty match="preceding-sibling::node()" locus="value"/>, <expan><abbr>Mess</abbr><ex>ius</ex></expan> <expan><abbr>Frontin</abbr><ex>us</ex></expan> <lb n="17"/>.n... Sil<supplied reason="lost">ius</supplied> Ingenus, <expan><abbr>Herc</abbr><ex>ulius</ex></expan> <expan><abbr>Marcia</abbr><ex>nus</ex></expan> <lb n="18"/>...ci <expan><abbr>f</abbr><ex>ecerunt</ex></expan> <certainty match="preceding-sibling::node()" locus="value"/>
                        
                        
                    </ab>

                
                
            </div>

            
           <div type="translation">
                <p>                    To Jupiter the Good and the Greatest, for the good health of the Emperor, our Lord Marcus Iulius Philippus and Marcus Iulius Philippianus, noble Caesar, and Otacilia Severa Augusta, the archontes from the regio of Histria while Aurelius Euxinus, the son of Leontiscus, was the (first) archon, ...the son of Cocieius, Aurelius Victor, Ulpius Martinus, Aelius Iulius, Aurelius Castus, Mucatra the son of ..., Messius Frontinus, ..., Silius Ingenus, Herculius Marcianus, ... raised (this altar).</p>
                    <desc><ref type="license" target="http://creativecommons.org/licenses/by-sa/3.0/">Licensed under a Creative Commons Attribution-ShareAlike 3.0 Unported licence.</ref>
                </desc>
            </div>
            

        </body>
    </text>
</TEI>
