<?xml version="1.0" encoding="UTF-8"?>
<TEI xmlns="http://www.tei-c.org/ns/1.0" xml:space="preserve" xml:lang="en">
    <teiHeader>
        <fileDesc>
            <titleStmt>
                <title>Votive on Altar</title>
            </titleStmt>  
            <publicationStmt>
                <authority>UNIVERSITATEA BABES BOLYAI</authority>
<idno type="URI">http://inscriptionsfromdacia.altervista.org/text/fm00000152.html</idno>
<idno type="lupa">http://www.ubi-erat-lupa.org/monument.php?id=21128</idno>
  <idno type="localID">fm00000152</idno>
<availability>
                    <licence target="http://creativecommons.org/licenses/by-nc-sa/3.0/">
This file is licensed under the Creative Commons Attribution-NonCommercial-ShareAlike 3.0 Unported license.
</licence>
                </availability>
            </publicationStmt>
            <sourceDesc>
                <msDesc>
                    <msIdentifier>
                        <country>
                            <placeName type="modern">Romania</placeName>
                        </country>
                        <region>
                            <placeName type="modern">Constanța</placeName>
                        </region>
                        <settlement>
                            <placeName>Pantelimonul de Sus</placeName>                     
                        </settlement>
                        <repository/>
                        <collection/>
                        <idno/>
                    </msIdentifier>
                    <physDesc>
                        <objectDesc>
                            <supportDesc>
                                <support>
<objectType ref="http://www.eagle-network.eu/voc/objtyp/lod/29">Altar</objectType>
                                    <material ref="http://www.eagle-network.eu/voc/material/lod/66">Limestone</material>
<p/>
                                    <dimensions unit="cm">
                                <height>138</height>
                                         <width>43</width>
                                         <depth>51</depth>
                                             </dimensions>
                                   <rs type="decoration">no</rs>
                                    <rs type="statPreserv"/>
                                   </support>
                            </supportDesc>
                            <layoutDesc>
                                <layout>
                                  <rs type="execution"/><dimensions>
                                        <width unit="cm"/>
                                        <height unit="cm"/>
                                    </dimensions>
                                    <rs type="metre">no</rs>
                                </layout>
                            </layoutDesc>
                        </objectDesc>
                        <handDesc>
                            <handNote>
                               
                                <height unit="cm">4-5</height>
                            </handNote>
                        </handDesc>
                    </physDesc>
                    <history>
                        <origin>
                            <origPlace>
                           <placeName ref="http://www.trismegistos.org/place/030024">Ulmetum</placeName>
                                <placeName type="provincItalicRegion" ref="http://www.trismegistos.org/place/029480">Moesia inferior</placeName>
                                </origPlace>
                              <origDate notBefore-custom="0172" notAfter-custom="0172" datingMethod="http://en.wikipedia.org/wiki/Julian_calendar">172 AD</origDate>
                        </origin>
                        <provenance type="found">  
                            <date>1913</date>
                                <placeName>Reused in the Late Roman fort</placeName> 
                            <placeName type="modernRegion">Constanța</placeName>
                            <placeName type="modernCountry">Romania</placeName>
                        </provenance>
                    </history>
                </msDesc>
            </sourceDesc>
        </fileDesc>
        <encodingDesc>
            <p>Marked-up according to the EpiDoc Guidelines</p>
            <classDecl>
                <taxonomy>
                    <category xml:id="representation">
                        <catDesc>Digitized other representations</catDesc>
                    </category>
                </taxonomy>
            </classDecl>
        </encodingDesc>
        <profileDesc>
                <textClass>
<keywords>
     <term ref="http://www.eagle-network.eu/voc/typeins/lod/83">Votive</term></keywords>
    </textClass>

            <langUsage>
                <language ident="ar">Arabic</language>
                <language ident="en">English</language>
                <language ident="fr">French</language>
                <language ident="de">German</language>
                <language ident="grc">Ancient Greek</language>
                <language ident="grc-Latn">Transliterated Greek</language>
                <language ident="el">Modern Greek</language>
                <language ident="he">Hebrew</language>
                <language ident="it">Italian</language>
                <language ident="la">Latin</language>
                <language ident="sp">Spanish</language>
            </langUsage>
        <creation>EAGLE - Europeana Network of Ancient Greek and Latin Epigraphy</creation></profileDesc>
        <revisionDesc>
         <change when="2015-02-26" who="Florian Matei-Popescu">Florian Matei-Popescu</change>
        </revisionDesc>
    </teiHeader>
        
    
    <text>
        <body>
                       
            <div type="bibliography">
                <listBibl>
<bibl>V. Pârvan, Ulmetum, II, 2, p. 344-349, no. 8 </bibl><bibl> AE 1922, 65 </bibl><bibl> I. I. Russu, SCIV 8, 1957, p. 311-315 </bibl><bibl> AE 1958, 233 </bibl><bibl> ISM V 64 </bibl><bibl> Lupa 21128</bibl>
                </listBibl>
            </div>
            
            
            <div type="edition" xml:lang="la"><head>Text</head>
                
  
            

    <ab>
                        <lb n="1"/>
                        
                        
                            
                            [<expan><abbr>I</abbr><ex>ovi</ex></expan> <expan><abbr>O</abbr><ex>ptimo</ex></expan> <expan><abbr>M</abbr><ex>aximo</ex></expan> <expan><abbr>S</abbr><ex>acrum</ex></expan> <lb n="2"/>et Iunoni Reginae] <lb n="3"/>pro salutem Im<supplied reason="lost"><expan><abbr>p</abbr><ex>eratoris</ex></expan></supplied> <lb n="4"/>Aureli An<expan><ex>ton</ex><abbr>ini</abbr></expan> Mar<lb break="no" n="5"/>ti<expan><ex>u</ex><abbr>s</abbr></expan> P<expan><ex>h</ex><abbr>ilo</abbr></expan> <expan><abbr>mag</abbr><ex>ister</ex></expan> vici <lb n="6"/>Ul<expan><ex>me</ex><abbr>tinsium</abbr></expan> posu<lb break="no" n="7"/>it de suo et Bes<expan><ex>s</ex><abbr>is</abbr></expan> <lb n="8"/>VI n<expan><ex>o</ex><abbr>nas</abbr></expan> Iulias <lb n="9"/>Orfito et Ma<lb break="no" n="10"/>ximo co<expan><ex>n</ex><abbr>s</abbr><ex>ulibus</ex></expan>
                        
                        
                    </ab>

                
                
            </div>

            
           <div type="translation">
                <p>                    To Jupiter the Good and Greatest and to Juno the Queen, for the good health of the Emperor Aurelius Antoninus, Martius Philo the mayor of the Ulmetum village raised on his own and on the Bessis expenses on the 2nd of the July in the year of the consuls Orfitus and Maximus.</p>
                    <desc><ref type="license" target="http://creativecommons.org/licenses/by-sa/3.0/">Licensed under a Creative Commons Attribution-ShareAlike 3.0 Unported licence.</ref>
                </desc>
            </div>
            

        </body>
    </text>
</TEI>
