<?xml version="1.0" encoding="UTF-8"?>
<TEI xmlns="http://www.tei-c.org/ns/1.0" xml:space="preserve" xml:lang="en">
    <teiHeader>
        <fileDesc>
            <titleStmt>
                <title>Funerary on Sarcophagus</title>
            </titleStmt>  
            <publicationStmt>
                <authority>UNIVERSITATEA BABES BOLYAI</authority>
<idno type="URI">inscriptionsfromdacia.altervista.org/text/fm00000229.html</idno>

  <idno type="localID">fm00000229</idno>
<availability>
                    <licence target="http://creativecommons.org/licenses/by-nc-sa/3.0/">
This file is licensed under the Creative Commons Attribution-NonCommercial-ShareAlike 3.0 Unported license.
</licence>
                </availability>
            </publicationStmt>
            <sourceDesc>
                <msDesc>
                    <msIdentifier>
                        <country>
                            <placeName type="modern">Romania</placeName>
                        </country>
                        <region>
                            <placeName type="modern">Tulcea</placeName>
                        </region>
                        <settlement>
                            <placeName>Isaccea</placeName>                     
                        </settlement>
                        <repository>Museum of Tulcea</repository>
                        <collection/>
                        <idno/>
                    </msIdentifier>
                    <physDesc>
                        <objectDesc>
                            <supportDesc>
                                <support>
<objectType ref="http://www.eagle-network.eu/voc/objtyp/lod/214">Sarcophagus</objectType>
                                    <material ref="http://www.eagle-network.eu/voc/material/lod/66">Limestone</material>
<p/>
                                    <dimensions unit="cm">
                                <height>132</height>
                                         <width>143</width>
                                         <depth>280</depth>
                                             </dimensions>
                                   <rs type="decoration" ref="http://www.eagle-network.eu/voc/decor/lod/2000">yes</rs>
                                    <rs type="statPreserv">Sarcophagus</rs>
                                   </support>
                            </supportDesc>
                            <layoutDesc>
                                <layout>
                                  <rs type="execution"/><dimensions>
                                        <width unit="cm"/>
                                        <height unit="cm"/>
                                    </dimensions>
                                    <rs type="metre">no</rs>
                                </layout>
                            </layoutDesc>
                        </objectDesc>
                        <handDesc>
                            <handNote>
                               
                                <height unit="cm"/>
                            </handNote>
                        </handDesc>
                    </physDesc>
                    <history>
                        <origin>
                            <origPlace>
                           <placeName ref="www.trismegistos.org/place/NaN">Noviodunum</placeName>
                                <placeName type="provincItalicRegion" ref="www.trismegistos.org/place/NaN">Moesia inferior</placeName>
                                </origPlace>
                              <origDate notBefore-custom="NaN" notAfter-custom="NaN" datingMethod="http://en.wikipedia.org/wiki/Julian_calendar">Second century AD, on paleographic grounds</origDate>
                        </origin>
                        <provenance type="found">  
                            <date>1960</date>
                                <placeName>In the Roman graveyard, next to the tumulus no. 26</placeName> 
                            <placeName type="modernRegion">Tulcea</placeName>
                            <placeName type="modernCountry">Romania</placeName>
                        </provenance>
                    </history>
                </msDesc>
            </sourceDesc>
        </fileDesc>
        <encodingDesc>
            <p>Marked-up according to the EpiDoc Guidelines</p>
            <classDecl>
                <taxonomy>
                    <category xml:id="representation">
                        <catDesc>Digitized other representations</catDesc>
                    </category>
                </taxonomy>
            </classDecl>
        </encodingDesc>
        <profileDesc>
                <textClass>
<keywords>
     <term ref="http://www.eagle-network.eu/voc/typeins/lod/92">Funerary</term></keywords>
    </textClass>

            <langUsage>
                <language ident="ar">Arabic</language>
                <language ident="en">English</language>
                <language ident="fr">French</language>
                <language ident="de">German</language>
                <language ident="grc">Ancient Greek</language>
                <language ident="grc-Latn">Transliterated Greek</language>
                <language ident="el">Modern Greek</language>
                <language ident="he">Hebrew</language>
                <language ident="it">Italian</language>
                <language ident="la">Latin</language>
                <language ident="sp">Spanish</language>
            </langUsage>
        <creation>EAGLE - Europeana Network of Ancient Greek and Latin Epigraphy</creation></profileDesc>
        <revisionDesc>
         <change when="2016-02-04" who="FlorianMatei-Popescu">Florian Matei-Popescu</change>
        </revisionDesc>
    </teiHeader>
        
    
    <text>
        <body>
                       
            <div type="bibliography">
                <listBibl>
<bibl>E. Bujor, G. Simion, MCA 7, 1961, p. 396-397 </bibl><bibl> BullEp 1971, no. 444 </bibl><bibl> ISM V 280</bibl>
                </listBibl>
            </div>
            
            
            <div type="edition" xml:lang="la"><head>Text</head>
                
  
            

    <ab>
                        <lb n="1"/>
                        
                        
                            
                            Θ(εοῖς) Κ(αταχθονίος) <lb n="2"/>Ἀλέξανδρα <lb n="3"/>Ἀλεξάνδρῳ Ἡρακλέωνος τ<lb break="no" n="4"/>ῷ πατρινεῖ καὶ γερουσιάστῃ τὴν σορὸν ἔθ<lb break="no" n="5"/>ηκε, χέρε
                        
                        
                    </ab>

                
                
            </div>

            
           <div type="translation">
                <p>                    To the gods of the underworld! Alexandra made the sarcophagus for Alexandros, the son of Herakleon, her father-in-law and member of the gerousia. Farewell!</p>
                    <desc><ref type="license" target="http://creativecommons.org/licenses/by-sa/3.0/">Licensed under a Creative Commons Attribution-ShareAlike 3.0 Unported licence.</ref>
                </desc>
            </div>
            

            <div type="commentary">
                <p>Inscription in a tabula ansata</p>
            </div>

        </body>
    </text>
</TEI>
