<?xml version="1.0" encoding="UTF-8"?>
<TEI xmlns="http://www.tei-c.org/ns/1.0" xml:space="preserve" xml:lang="en">
    <teiHeader>
        <fileDesc>
            <titleStmt>
                <title>Dedication on Altar</title>
            </titleStmt>  
            <publicationStmt>
                <authority>UNIVERSITATEA BABES BOLYAI</authority>
<idno type="URI">http://inscriptionsfromdacia.altervista.org/text/fm00000045.html</idno>

  <idno type="localID">fm00000045</idno>
<availability>
                    <licence target="http://creativecommons.org/licenses/by-nc-sa/3.0/">
This file is licensed under the Creative Commons Attribution-NonCommercial-ShareAlike 3.0 Unported license.
</licence>
                </availability>
            </publicationStmt>
            <sourceDesc>
                <msDesc>
                    <msIdentifier>
                        <country>
                            <placeName type="modern">Romania</placeName>
                        </country>
                        <region>
                            <placeName type="modern">Olt</placeName>
                        </region>
                        <settlement>
                            <placeName>Dobrosloveni</placeName>                     
                        </settlement>
                        <repository>Vasile Pârvan Institute of Archaeology, Bucharest</repository>
                        <collection/>
                        <idno/>
                    </msIdentifier>
                    <physDesc>
                        <objectDesc>
                            <supportDesc>
                                <support>
<objectType ref="http://www.eagle-network.eu/voc/objtyp/lod/29">Altar</objectType>
                                    <material ref="http://www.eagle-network.eu/voc/material/lod/66">Limestone</material>
<p/>
                                    <dimensions unit="cm">
                                <height>68</height>
                                         <width>40</width>
                                         <depth>28</depth>
                                             </dimensions>
                                   <rs type="decoration" ref="http://www.eagle-network.eu/voc/decor/lod/2000">yes</rs>
                                    <rs type="statPreserv"/>
                                   </support>
                            </supportDesc>
                            <layoutDesc>
                                <layout>
                                  <rs type="execution"/><dimensions>
                                        <width unit="cm"/>
                                        <height unit="cm"/>
                                    </dimensions>
                                    <rs type="metre">no</rs>
                                </layout>
                            </layoutDesc>
                        </objectDesc>
                        <handDesc>
                            <handNote>
                               
                                <height unit="cm">4-4</height>
                            </handNote>
                        </handDesc>
                    </physDesc>
                    <history>
                        <origin>
                            <origPlace>
                           <placeName ref="http://www.trismegistos.org/place/029109">Romula</placeName>
                                <placeName type="provincItalicRegion" ref="http://www.trismegistos.org/place/042766">Dacia inferior</placeName>
                                </origPlace>
                              <origDate notBefore-custom="0120" notAfter-custom="0260" datingMethod="http://en.wikipedia.org/wiki/Julian_calendar">Second-Third century AD</origDate>
                        </origin>
                        <provenance type="found">  
                            <date>?</date>
                                <placeName>Resca</placeName> 
                            <placeName type="modernRegion">Olt</placeName>
                            <placeName type="modernCountry">Romania</placeName>
                        </provenance>
                    </history>
                </msDesc>
            </sourceDesc>
        </fileDesc>
        <encodingDesc>
            <p>Marked-up according to the EpiDoc Guidelines</p>
            <classDecl>
                <taxonomy>
                    <category xml:id="representation">
                        <catDesc>Digitized other representations</catDesc>
                    </category>
                </taxonomy>
            </classDecl>
        </encodingDesc>
        <profileDesc>
                <textClass>
<keywords>
     <term ref="http://www.eagle-network.eu/voc/typeins/lod/79">Dedication</term></keywords>
    </textClass>

            <langUsage>
                <language ident="ar">Arabic</language>
                <language ident="en">English</language>
                <language ident="fr">French</language>
                <language ident="de">German</language>
                <language ident="grc">Ancient Greek</language>
                <language ident="grc-Latn">Transliterated Greek</language>
                <language ident="el">Modern Greek</language>
                <language ident="he">Hebrew</language>
                <language ident="it">Italian</language>
                <language ident="la">Latin</language>
                <language ident="sp">Spanish</language>
            </langUsage>
        <creation>EAGLE - Europeana Network of Ancient Greek and Latin Epigraphy</creation></profileDesc>
        <revisionDesc>
         <change when="2015-02-26" who="Florian Matei-Popescu">Florian Matei-Popescu</change>
        </revisionDesc>
    </teiHeader>
         <facsimile>

    <graphic n="IDR II 341_1" url="https://upload.wikimedia.org/wikipedia/commons/6/61/IDR_II_341_1.jpg" sameAs="https://commons.wikimedia.org/wiki/File:IDR II 341_1.jpg">
       <desc> IDR II 341_1
          <ref type="license" target="http://creativecommons.org/licenses/by-sa/3.0/">Licensed under the Creative Commons Attribution-ShareAlike 3.0 Unported license. </ref>
      </desc>
   </graphic>
    <graphic n=" IDR II 341_2" url="https://upload.wikimedia.org/wikipedia/commons/3/34/IDR_II_341_2.jpg" sameAs="https://commons.wikimedia.org/wiki/File:IDR II 341_2.jpg">
       <desc>  IDR II 341_2
          <ref type="license" target="http://creativecommons.org/licenses/by-sa/3.0/">Licensed under the Creative Commons Attribution-ShareAlike 3.0 Unported license. </ref>
      </desc>
   </graphic>
    <graphic n=" IDR II 341_3" url="https://upload.wikimedia.org/wikipedia/commons/c/c8/IDR_II_341_3.JPG" sameAs="https://commons.wikimedia.org/wiki/File:IDR II 341_3.JPG">
       <desc>  IDR II 341_3
          <ref type="license" target="http://creativecommons.org/licenses/by-sa/3.0/">Licensed under the Creative Commons Attribution-ShareAlike 3.0 Unported license. </ref>
      </desc>
   </graphic>
            
        </facsimile>
        
    
    <text>
        <body>
                       
            <div type="bibliography">
                <listBibl>
<bibl>V. Pârvan, Dacia Malvensis, p. 58, no. 24 </bibl><bibl> IDR II 341</bibl>
                </listBibl>
            </div>
            
            
            <div type="edition" xml:lang="la"><head>Text</head>
                
  
            

    <ab>
                        <lb n="1"/>
                        
                        
                            
                            Soli Invic<lb break="no" n="2"/>to Mithra<supplied reason="lost">e</supplied> <lb n="3"/><expan><abbr>libr</abbr><ex>arii</ex></expan> cum <lb n="4"/><expan><abbr>Anton</abbr><ex>io</ex></expan> Z<supplied reason="lost">o</supplied><lb break="no" n="5"/><supplied reason="lost">i</supplied>lo <expan><abbr>act</abbr><ex>ario</ex></expan> p<expan><ex>rae</ex><abbr>p</abbr><ex>ositi</ex></expan> <lb n="6"/><expan><abbr>n</abbr><ex>umeri</ex></expan> <expan><abbr>S</abbr><ex>urorum</ex></expan> <expan><abbr>p</abbr><ex>osuerunt</ex></expan>.
                        
                        
                    </ab>

                
                
            </div>

            

        </body>
    </text>
</TEI>
