<?xml version="1.0" encoding="UTF-8"?>
<TEI xmlns="http://www.tei-c.org/ns/1.0" xml:space="preserve" xml:lang="en">
    <teiHeader>
        <fileDesc>
            <titleStmt>
                <title>votive on Altar</title>
            </titleStmt>  
            <publicationStmt>
                <authority>UNIVERSITATEA BABES BOLYAI</authority>
<idno type="URI">http://inscriptionsfromdacia.altervista.org/text/fm00000172.html</idno>

  <idno type="localID">fm00000172</idno>
<availability>
                    <licence target="http://creativecommons.org/licenses/by-nc-sa/3.0/">
This file is licensed under the Creative Commons Attribution-NonCommercial-ShareAlike 3.0 Unported license.
</licence>
                </availability>
            </publicationStmt>
            <sourceDesc>
                <msDesc>
                    <msIdentifier>
                        <country>
                            <placeName type="modern">Romania</placeName>
                        </country>
                        <region>
                            <placeName type="modern">Tulcea</placeName>
                        </region>
                        <settlement>
                            <placeName>Isaccea</placeName>                     
                        </settlement>
                        <repository>Vasile Pârvan Institute of Archaeology, Bucharest</repository>
                        <collection/>
                        <idno/>
                    </msIdentifier>
                    <physDesc>
                        <objectDesc>
                            <supportDesc>
                                <support>
<objectType ref="http://www.eagle-network.eu/voc/objtyp/lod/29">Altar</objectType>
                                    <material ref="http://www.eagle-network.eu/voc/material/lod/48">Marble</material>
<p/>
                                    <dimensions unit="cm">
                                <height>30</height>
                                         <width>66</width>
                                         <depth>76</depth>
                                             </dimensions>
                                   <rs type="decoration">no</rs>
                                    <rs type="statPreserv"/>
                                   </support>
                            </supportDesc>
                            <layoutDesc>
                                <layout>
                                  <rs type="execution"/><dimensions>
                                        <width unit="cm"/>
                                        <height unit="cm"/>
                                    </dimensions>
                                    <rs type="metre">no</rs>
                                </layout>
                            </layoutDesc>
                        </objectDesc>
                        <handDesc>
                            <handNote>
                               No
                                <height unit="cm"/>
                            </handNote>
                        </handDesc>
                    </physDesc>
                    <history>
                        <origin>
                            <origPlace>
                           <placeName ref="http://www.trismegistos.org/place/019874">Noviodunum</placeName>
                                <placeName type="provincItalicRegion" ref="http://www.trismegistos.org/place/029480">Moesia inferior</placeName>
                                </origPlace>
                              <origDate notBefore-custom="0293" notAfter-custom="0305" datingMethod="http://en.wikipedia.org/wiki/Julian_calendar">The end of the third century - the beginning of the fourth century AD</origDate>
                        </origin>
                        <provenance type="found">  
                            <date>?</date>
                                <placeName></placeName> 
                            <placeName type="modernRegion">Tulcea</placeName>
                            <placeName type="modernCountry">Romania</placeName>
                        </provenance>
                    </history>
                </msDesc>
            </sourceDesc>
        </fileDesc>
        <encodingDesc>
            <p>Marked-up according to the EpiDoc Guidelines</p>
            <classDecl>
                <taxonomy>
                    <category xml:id="representation">
                        <catDesc>Digitized other representations</catDesc>
                    </category>
                </taxonomy>
            </classDecl>
        </encodingDesc>
        <profileDesc>
                <textClass>
<keywords>
     <term ref="http://www.eagle-network.eu/voc/typeins/lod/83">votive</term></keywords>
    </textClass>

            <langUsage>
                <language ident="ar">Arabic</language>
                <language ident="en">English</language>
                <language ident="fr">French</language>
                <language ident="de">German</language>
                <language ident="grc">Ancient Greek</language>
                <language ident="grc-Latn">Transliterated Greek</language>
                <language ident="el">Modern Greek</language>
                <language ident="he">Hebrew</language>
                <language ident="it">Italian</language>
                <language ident="la">Latin</language>
                <language ident="sp">Spanish</language>
            </langUsage>
        <creation>EAGLE - Europeana Network of Ancient Greek and Latin Epigraphy</creation></profileDesc>
        <revisionDesc>
         <change when="2015-02-26" who="Florian Matei-Popescu">Florian Matei-Popescu</change>
        </revisionDesc>
    </teiHeader>
         <facsimile>

   <graphic n="CIL III 14446" url="https://upload.wikimedia.org/wikipedia/commons/1/16/CIL_III_14446.JPG" sameAs="https://commons.wikimedia.org/wiki/File:CIL III 14446.JPG">
       <desc> CIL III 14446
          <ref type="license" target="http://creativecommons.org/licenses/by-sa/3.0/">Licensed under the Creative Commons Attribution-ShareAlike 3.0 Unported license. </ref>
      </desc>
   </graphic>    
   
            
        </facsimile>
        
    
    <text>
        <body>
                       
            <div type="bibliography">
                <listBibl>
<bibl>Gr. Tocilescu, Fouilles, p. 206, no. 30 </bibl><bibl> CIL III 14446 </bibl><bibl> ISM V 274</bibl>
                </listBibl>
            </div>
            
            
            <div type="edition" xml:lang="la"><head>Text</head>
                
  
            

    <ab>
                        <lb n="1"/>
                        
                        
                            
                            <supplied reason="lost"><gap reason="lost" quantity="1" unit="character"/> <gap reason="lost" quantity="1" unit="character"/> <gap reason="lost" quantity="1" unit="character"/></supplied> <lb n="2"/><supplied reason="lost" cert="low">pro sal(ute) </supplied> <lb n="3"/><supplied reason="lost"><expan><abbr>D</abbr><ex>ominorum</ex></expan> <expan><abbr>n</abbr><ex>ostrorum</ex></expan> Imp(eratorum</supplied> <lb n="4"/><supplied reason="lost"><expan><abbr>C</abbr><ex>ai</ex></expan> <expan><abbr>Aur</abbr><ex>elii</ex></expan> <expan><abbr>Val</abbr><ex>erii</ex></expan></supplied> <lb n="5"/><supplied reason="lost">Diocletiani <expan><abbr>P</abbr><ex>ii</ex></expan></supplied> <lb n="6"/><supplied reason="lost"><expan><abbr>F</abbr><ex>elicis</ex></expan> <expan><abbr>Aug</abbr><ex>usti</ex></expan> et <expan><abbr>M</abbr><ex>arci</ex></expan></supplied> <lb n="7"/><expan><abbr>Aur</abbr><ex>elii</ex></expan> <expan><abbr>Val</abbr><ex>erii</ex></expan> Maximiani] <lb n="8"/><supplied reason="lost"><expan><abbr>P</abbr><ex>ii</ex></expan> <expan><abbr>F</abbr><ex>elicis</ex></expan> <expan><abbr>Aug</abbr><ex>usti</ex></expan> et</supplied> <lb n="9"/><supplied reason="lost"><expan><abbr>Fl</abbr><ex>avii</ex></expan> <expan><abbr>Val</abbr><ex>erii</ex></expan> Constantii</supplied> <lb n="10"/><supplied reason="lost">et Galerii <expan><abbr>Val</abbr><ex>erii</ex></expan> Maximiani</supplied> <lb n="11"/>nn<expan><ex>o</ex><abbr>bb</abbr><ex>ilissimorum</ex></expan> <expan><abbr>Caess</abbr><ex>arum</ex></expan> <lb n="12"/>Iovem et Fortun<lb break="no" n="13"/>nam <lb n="14"/><expan><abbr>Aur</abbr><ex>elio</ex></expan> Probo <certainty match="preceding-sibling::node()" locus="value"/> <lb n="15"/><supplied reason="lost"><gap reason="lost" quantity="1" unit="character"/> <gap reason="lost" quantity="1" unit="character"/> <gap reason="lost" quantity="1" unit="character"/></supplied>
                        
                        
                    </ab>

                
                
            </div>

            
           <div type="translation">
                <p>                    For the good health (?) of our Lords the Emperors Caius Valerius Diocletianus Pius Felix Augustus and Marcus Aurelius Valerius Maximianus Pius Felix Augustus and Flavius Valerius Constantius and Galerius Valerius Maximianus, the noble Caesars, (consacrated to ?) Jupiter and to Fortuna through the care of Aurelius Probus (?)</p>
                    <desc><ref type="license" target="http://creativecommons.org/licenses/by-sa/3.0/">Licensed under a Creative Commons Attribution-ShareAlike 3.0 Unported licence.</ref>
                </desc>
            </div>
            

        </body>
    </text>
</TEI>
