<?xml version="1.0" encoding="UTF-8"?>
<TEI xmlns="http://www.tei-c.org/ns/1.0" xml:space="preserve" xml:lang="en">
    <teiHeader>
        <fileDesc>
            <titleStmt>
                <title>Dedication on Altar</title>
            </titleStmt>  
            <publicationStmt>
                <authority>UNIVERSITATEA BABES BOLYAI</authority>
<idno type="URI">http://inscriptionsfromdacia.altervista.org/text/fm00000028.html</idno>

  <idno type="localID">fm00000028</idno>
<availability>
                    <licence target="http://creativecommons.org/licenses/by-nc-sa/3.0/">
This file is licensed under the Creative Commons Attribution-NonCommercial-ShareAlike 3.0 Unported license.
</licence>
                </availability>
            </publicationStmt>
            <sourceDesc>
                <msDesc>
                    <msIdentifier>
                        <country>
                            <placeName type="modern">Bulgaria</placeName>
                        </country>
                        <region>
                            <placeName type="modern">Veliko Tarnovo</placeName>
                        </region>
                        <settlement>
                            <placeName>Svishtov</placeName>                     
                        </settlement>
                        <repository>The National Military Museum, Bucharest</repository>
                        <collection/>
                        <idno/>
                    </msIdentifier>
                    <physDesc>
                        <objectDesc>
                            <supportDesc>
                                <support>
<objectType ref="http://www.eagle-network.eu/voc/objtyp/lod/29">Altar</objectType>
                                    <material ref="http://www.eagle-network.eu/voc/material/lod/66">Limestone</material>
<p/>
                                    <dimensions unit="cm">
                                <height>160</height>
                                         <width>65</width>
                                         <depth>75</depth>
                                             </dimensions>
                                   <rs type="decoration" ref="http://www.eagle-network.eu/voc/decor/lod/2000">yes</rs>
                                    <rs type="statPreserv"/>
                                   </support>
                            </supportDesc>
                            <layoutDesc>
                                <layout>
                                  <rs type="execution"/><dimensions>
                                        <width unit="cm"/>
                                        <height unit="cm"/>
                                    </dimensions>
                                    <rs type="metre">no</rs>
                                </layout>
                            </layoutDesc>
                        </objectDesc>
                        <handDesc>
                            <handNote>
                               
                                <height unit="cm">4.50-6</height>
                            </handNote>
                        </handDesc>
                    </physDesc>
                    <history>
                        <origin>
                            <origPlace>
                           <placeName ref="http://www.trismegistos.org/place/024622">Novae</placeName>
                                <placeName type="provincItalicRegion" ref="http://www.trismegistos.org/place/029480">Moesia inferior</placeName>
                                </origPlace>
                              <origDate notBefore-custom="0224" notAfter-custom="0224" datingMethod="http://en.wikipedia.org/wiki/Julian_calendar">224 AD - The pair of consuls.</origDate>
                        </origin>
                        <provenance type="found">  
                            <date>?</date>
                                <placeName></placeName> 
                            <placeName type="modernRegion">Veliko Tarnovo</placeName>
                            <placeName type="modernCountry">Bulgaria</placeName>
                        </provenance>
                    </history>
                </msDesc>
            </sourceDesc>
        </fileDesc>
        <encodingDesc>
            <p>Marked-up according to the EpiDoc Guidelines</p>
            <classDecl>
                <taxonomy>
                    <category xml:id="representation">
                        <catDesc>Digitized other representations</catDesc>
                    </category>
                </taxonomy>
            </classDecl>
        </encodingDesc>
        <profileDesc>
                <textClass>
<keywords>
     <term ref="http://www.eagle-network.eu/voc/typeins/lod/79">Dedication</term></keywords>
    </textClass>

            <langUsage>
                <language ident="ar">Arabic</language>
                <language ident="en">English</language>
                <language ident="fr">French</language>
                <language ident="de">German</language>
                <language ident="grc">Ancient Greek</language>
                <language ident="grc-Latn">Transliterated Greek</language>
                <language ident="el">Modern Greek</language>
                <language ident="he">Hebrew</language>
                <language ident="it">Italian</language>
                <language ident="la">Latin</language>
                <language ident="sp">Spanish</language>
            </langUsage>
        <creation>EAGLE - Europeana Network of Ancient Greek and Latin Epigraphy</creation></profileDesc>
        <revisionDesc>
         <change when="2015-02-26" who="Florian Matei-Popescu">Florian Matei-Popescu</change>
        </revisionDesc>
    </teiHeader>
         <facsimile>

    <graphic n="CIL III 7591_1" url="https://upload.wikimedia.org/wikipedia/commons/d/d6/CIL_III_7591_1.jpg" sameAs="https://commons.wikimedia.org/wiki/File:CIL III 7591_1.jpg">
       <desc> CIL III 7591_1
          <ref type="license" target="http://creativecommons.org/licenses/by-sa/3.0/">Licensed under the Creative Commons Attribution-ShareAlike 3.0 Unported license. </ref>
      </desc>
   </graphic>
    <graphic n=" CIL III 7591_2" url="https://upload.wikimedia.org/wikipedia/commons/b/b9/CIL_III_7591_2.JPG" sameAs="https://commons.wikimedia.org/wiki/File:CIL III 7591_2.jpg">
       <desc>  CIL III 7591_2
          <ref type="license" target="http://creativecommons.org/licenses/by-sa/3.0/">Licensed under the Creative Commons Attribution-ShareAlike 3.0 Unported license. </ref>
      </desc>
   </graphic>
            
        </facsimile>
        
    
    <text>
        <body>
                       
            <div type="bibliography">
                <listBibl>
<bibl>CIL III 7591 </bibl><bibl> ILS 2295 </bibl><bibl> ILBulg 282</bibl>
                </listBibl>
            </div>
            
            
            <div type="edition" xml:lang="la"><head>Text</head>
                
  
            

    <ab>
                        <lb n="1"/>
                        
                        
                            
                            Dis Militaribus <lb n="2"/>Genio Virtuti a<lb break="no" n="3"/>quilae <expan><abbr>sanc</abbr><ex>tae</ex></expan> signis<lb break="no" n="4"/>que <expan><abbr>leg</abbr><ex>ionis</ex></expan> I <expan><abbr>Ital</abbr><ex>icae</ex></expan> Seve<lb break="no" n="5"/>rianae <expan><abbr>M</abbr><ex>arcus</ex></expan> <expan><abbr>Aurel</abbr><ex>ius</ex></expan> <lb n="6"/>Iustus domo Ho<supplied reason="lost">r</supplied><lb break="no" n="7"/>rei Margensis <expan><abbr>mu</abbr><ex>nicipii</ex></expan> <certainty match="preceding-sibling::node()" locus="value"/> <lb n="8"/>Moesiae superio<lb break="no" n="9"/>ris ex CCC (trecenario) <expan><abbr>pr</abbr><ex>imus</ex></expan> <expan><abbr>p</abbr><ex>ilus</ex></expan> <lb n="10"/><expan><abbr>d</abbr><ex>onum</ex></expan> <expan><abbr>d</abbr><ex>edit</ex></expan> in latere: <expan><abbr>Dedic</abbr><ex>atum</ex></expan> XII <expan><abbr>Kal</abbr><ex>endas</ex></expan> <lb n="11"/><expan><abbr>Oct</abbr><ex>obres</ex></expan> Iuliano <lb n="12"/>II et Crispino <lb n="13"/>co<expan><ex>n</ex><abbr>s</abbr><ex>ulibus</ex></expan> <supplied reason="lost">pe</supplied>r Annium Italicum <lb n="14"/><expan><abbr>leg</abbr><ex>atus</ex></expan> <expan><abbr>Aug</abbr><ex>usti</ex></expan> <expan><abbr>pr</abbr><ex>o</ex></expan> <expan><abbr>pr</abbr><ex>aetore</ex></expan>.
                        
                        
                    </ab>

                
                
            </div>

            

        </body>
    </text>
</TEI>
