<?xml version="1.0" encoding="UTF-8"?>
<TEI xmlns="http://www.tei-c.org/ns/1.0" xml:space="preserve" xml:lang="en">
    <teiHeader>
        <fileDesc>
            <titleStmt>
                <title>Funerary on Stele</title>
            </titleStmt>  
            <publicationStmt>
                <authority>UNIVERSITATEA BABES BOLYAI</authority>
<idno type="URI">http://inscriptionsfromdacia.altervista.org/text/fm00000015.html</idno>

  <idno type="localID">fm00000015</idno>
<availability>
                    <licence target="http://creativecommons.org/licenses/by-nc-sa/3.0/">
This file is licensed under the Creative Commons Attribution-NonCommercial-ShareAlike 3.0 Unported license.
</licence>
                </availability>
            </publicationStmt>
            <sourceDesc>
                <msDesc>
                    <msIdentifier>
                        <country>
                            <placeName type="modern">Romania</placeName>
                        </country>
                        <region>
                            <placeName type="modern">Tulcea</placeName>
                        </region>
                        <settlement>
                            <placeName>Iglita</placeName>                     
                        </settlement>
                        <repository>Vasile Pârvan Institute of Archaeology, Bucharest</repository>
                        <collection/>
                        <idno/>
                    </msIdentifier>
                    <physDesc>
                        <objectDesc>
                            <supportDesc>
                                <support>
<objectType ref="http://www.eagle-network.eu/voc/objtyp/lod/250">Stele</objectType>
                                    <material ref="http://www.eagle-network.eu/voc/material/lod/66">Limestone</material>
<p/>
                                    <dimensions unit="cm">
                                <height>248</height>
                                         <width>32</width>
                                         <depth>84</depth>
                                             </dimensions>
                                   <rs type="decoration" ref="http://www.eagle-network.eu/voc/decor/lod/2000">yes</rs>
                                    <rs type="statPreserv"/>
                                   </support>
                            </supportDesc>
                            <layoutDesc>
                                <layout>
                                  <rs type="execution"/><dimensions>
                                        <width unit="cm"/>
                                        <height unit="cm"/>
                                    </dimensions>
                                    <rs type="metre">no</rs>
                                </layout>
                            </layoutDesc>
                        </objectDesc>
                        <handDesc>
                            <handNote>
                               Between words
                                <height unit="cm"/>
                            </handNote>
                        </handDesc>
                    </physDesc>
                    <history>
                        <origin>
                            <origPlace>
                           <placeName ref="http://www.trismegistos.org/place/029965">Troesmis</placeName>
                                <placeName type="provincItalicRegion" ref="http://www.trismegistos.org/place/029480">Moesia inferior</placeName>
                                </origPlace>
                              <origDate notBefore-custom="0101" notAfter-custom="0170" datingMethod="http://en.wikipedia.org/wiki/Julian_calendar">First half of the second century, before the V Macedonica legion was moved to Dacia in 168 AD</origDate>
                        </origin>
                        <provenance type="found">  
                            <date>?</date>
                                <placeName>in the legionary fortress</placeName> 
                            <placeName type="modernRegion">Tulcea</placeName>
                            <placeName type="modernCountry">Romania</placeName>
                        </provenance>
                    </history>
                </msDesc>
            </sourceDesc>
        </fileDesc>
        <encodingDesc>
            <p>Marked-up according to the EpiDoc Guidelines</p>
            <classDecl>
                <taxonomy>
                    <category xml:id="representation">
                        <catDesc>Digitized other representations</catDesc>
                    </category>
                </taxonomy>
            </classDecl>
        </encodingDesc>
        <profileDesc>
                <textClass>
<keywords>
     <term ref="http://www.eagle-network.eu/voc/typeins/lod/92">Funerary</term></keywords>
    </textClass>

            <langUsage>
                <language ident="ar">Arabic</language>
                <language ident="en">English</language>
                <language ident="fr">French</language>
                <language ident="de">German</language>
                <language ident="grc">Ancient Greek</language>
                <language ident="grc-Latn">Transliterated Greek</language>
                <language ident="el">Modern Greek</language>
                <language ident="he">Hebrew</language>
                <language ident="it">Italian</language>
                <language ident="la">Latin</language>
                <language ident="sp">Spanish</language>
            </langUsage>
        <creation>EAGLE - Europeana Network of Ancient Greek and Latin Epigraphy</creation></profileDesc>
        <revisionDesc>
         <change when="2015-02-26" who="Florian Matei-Popescu">Florian Matei-Popescu</change>
        </revisionDesc>
    </teiHeader>
         <facsimile>

   <graphic n="CIL III 7501" url="https://upload.wikimedia.org/wikipedia/commons/4/4b/CIL_III_7501.jpg" sameAs="https://commons.wikimedia.org/wiki/File:CIL III 7501.jpg">
       <desc> CIL III 7501
          <ref type="license" target="http://creativecommons.org/licenses/by-sa/3.0/">Licensed under the Creative Commons Attribution-ShareAlike 3.0 Unported license. </ref>
      </desc>
   </graphic>    
   
            
        </facsimile>
        
    
    <text>
        <body>
                       
            <div type="bibliography">
                <listBibl>
<bibl>Gr. Tocilescu, Inschriften aus der Dobrudscha, AEM 6, 1882, p. 40, no. 83 </bibl><bibl> CIL III 7501 </bibl><bibl> ISM V 184</bibl>
                </listBibl>
            </div>
            
            
            <div type="edition" xml:lang="la"><head>Text</head>
                
  
            

    <ab>
                        <lb n="1"/>
                        
                        
                            
                            <expan><abbr>D</abbr><ex>is</ex></expan> <expan><abbr>M</abbr><ex>anibus</ex></expan> <lb n="2"/><expan><abbr>T</abbr><ex>itus</ex></expan> <expan><abbr>Fl</abbr><ex>avius</ex></expan> <expan><abbr>Terentin</abbr><ex>a tribu</ex></expan> <expan><abbr>Val</abbr><ex>ens</ex></expan> A<lb break="no" n="3"/><expan><abbr>mast</abbr><ex>ri</ex></expan> <expan><abbr>vet</abbr><ex>eranus</ex></expan> <expan><abbr>leg</abbr><ex>ionis</ex></expan> V <expan><abbr>Mac</abbr><ex>edonicae</ex></expan> <expan><abbr>n<am>n</am></abbr><ex>orum</ex></expan> <lb n="4"/>LXV Valeria <expan><abbr>Fortunat</abbr><ex>a</ex></expan> <lb n="5"/>uxor eius <expan><abbr>an</abbr><ex>norum</ex></expan> LX <expan><abbr>Fl</abbr><ex>avius</ex></expan> Ale<lb break="no" n="6"/>xander frater <expan><abbr>an</abbr><ex>norum</ex></expan> LXII <lb n="7"/>Marcia Basilissa uxor <lb n="8"/>eius <expan><abbr>an</abbr><ex>norum</ex></expan> L in locum titu<lb break="no" n="9"/>lum posuerunt sibi
                        
                        
                    </ab>

                
                
            </div>

            

        </body>
    </text>
</TEI>
