<?xml version="1.0" encoding="UTF-8"?>
<TEI xmlns="http://www.tei-c.org/ns/1.0" xml:space="preserve" xml:lang="en">
    <teiHeader>
        <fileDesc>
            <titleStmt>
                <title>Dedication on Altar</title>
            </titleStmt>  
            <publicationStmt>
                <authority>UNIVERSITATEA BABES BOLYAI</authority>
<idno type="URI">http://inscriptionsfromdacia.altervista.org/text/fm00000110.html</idno>

  <idno type="localID">fm00000110</idno>
<availability>
                    <licence target="http://creativecommons.org/licenses/by-nc-sa/3.0/">
This file is licensed under the Creative Commons Attribution-NonCommercial-ShareAlike 3.0 Unported license.
</licence>
                </availability>
            </publicationStmt>
            <sourceDesc>
                <msDesc>
                    <msIdentifier>
                        <country>
                            <placeName type="modern">Romania</placeName>
                        </country>
                        <region>
                            <placeName type="modern">Constanța</placeName>
                        </region>
                        <settlement>
                            <placeName>Dorobantu</placeName>                     
                        </settlement>
                        <repository>Vasile Pârvan Institute of Archaeology, Bucharest</repository>
                        <collection/>
                        <idno/>
                    </msIdentifier>
                    <physDesc>
                        <objectDesc>
                            <supportDesc>
                                <support>
<objectType ref="http://www.eagle-network.eu/voc/objtyp/lod/29">Altar</objectType>
                                    <material ref="http://www.eagle-network.eu/voc/material/lod/66">Limestone</material>
<p/>
                                    <dimensions unit="cm">
                                <height>146</height>
                                         <width>66</width>
                                         <depth>42</depth>
                                             </dimensions>
                                   <rs type="decoration" ref="http://www.eagle-network.eu/voc/decor/lod/2000">yes</rs>
                                    <rs type="statPreserv"/>
                                   </support>
                            </supportDesc>
                            <layoutDesc>
                                <layout>
                                  <rs type="execution"/><dimensions>
                                        <width unit="cm"/>
                                        <height unit="cm"/>
                                    </dimensions>
                                    <rs type="metre">no</rs>
                                </layout>
                            </layoutDesc>
                        </objectDesc>
                        <handDesc>
                            <handNote>
                               hederae distinguentes
                                <height unit="cm">4.5</height>
                            </handNote>
                        </handDesc>
                    </physDesc>
                    <history>
                        <origin>
                            <origPlace>
                           <placeName ref="http://www.trismegistos.org/place/000425"></placeName>
                                <placeName type="provincItalicRegion" ref="http://www.trismegistos.org/place/029480">Moesia inferior</placeName>
                                </origPlace>
                              <origDate notBefore-custom="0101" notAfter-custom="0200" datingMethod="http://en.wikipedia.org/wiki/Julian_calendar">Second century AD</origDate>
                        </origin>
                        <provenance type="found">  
                            <date>?</date>
                                <placeName>Turkish cemetery from Dorobantu</placeName> 
                            <placeName type="modernRegion">Constanța</placeName>
                            <placeName type="modernCountry">Romania</placeName>
                        </provenance>
                    </history>
                </msDesc>
            </sourceDesc>
        </fileDesc>
        <encodingDesc>
            <p>Marked-up according to the EpiDoc Guidelines</p>
            <classDecl>
                <taxonomy>
                    <category xml:id="representation">
                        <catDesc>Digitized other representations</catDesc>
                    </category>
                </taxonomy>
            </classDecl>
        </encodingDesc>
        <profileDesc>
                <textClass>
<keywords>
     <term ref="http://www.eagle-network.eu/voc/typeins/lod/79">Dedication</term></keywords>
    </textClass>

            <langUsage>
                <language ident="ar">Arabic</language>
                <language ident="en">English</language>
                <language ident="fr">French</language>
                <language ident="de">German</language>
                <language ident="grc">Ancient Greek</language>
                <language ident="grc-Latn">Transliterated Greek</language>
                <language ident="el">Modern Greek</language>
                <language ident="he">Hebrew</language>
                <language ident="it">Italian</language>
                <language ident="la">Latin</language>
                <language ident="sp">Spanish</language>
            </langUsage>
        <creation>EAGLE - Europeana Network of Ancient Greek and Latin Epigraphy</creation></profileDesc>
        <revisionDesc>
         <change when="2015-02-26" who="Florian Matei-Popescu">Florian Matei-Popescu</change>
        </revisionDesc>
    </teiHeader>
        
    
    <text>
        <body>
                       
            <div type="bibliography">
                <listBibl>
<bibl>Gr. Tocilescu, AEM 14, 1891, p. 27, nr. 52 </bibl><bibl> CIL III 12494 </bibl><bibl> ISM V 6</bibl>
                </listBibl>
            </div>
            
            
            <div type="edition" xml:lang="la"><head>Text</head>
                
  
            

    <ab>
                        <lb n="1"/>
                        
                        
                            
                            <expan><abbr>I</abbr><ex>ovi</ex></expan> <expan><abbr>O</abbr><ex>ptimo</ex></expan> <expan><abbr>M</abbr><ex>aximo</ex></expan> <lb n="2"/><expan><abbr>M</abbr><ex>arcus</ex></expan> <expan><abbr>Coc</abbr><ex>ceius</ex></expan> Hilus <lb n="3"/>posuit pro salu<lb break="no" n="4"/>tem sua et suorum <lb n="5"/><supplied reason="lost">...</supplied>CI HI de suo <lb n="6"/>posuit aram
                        
                        
                    </ab>

                
                
            </div>

            <div type="apparatus">
                <p>l. 5: [fe]ci Hi(lus), Tocilescu; [mag(ister) vi]ci Hi, CIL III</p>
            </div>

            

        </body>
    </text>
</TEI>
