<?xml version="1.0" encoding="UTF-8"?>
<TEI xmlns="http://www.tei-c.org/ns/1.0" xml:space="preserve" xml:lang="en">
    <teiHeader>
        <fileDesc>
            <titleStmt>
                <title>Dedication on Statue base</title>
            </titleStmt>  
            <publicationStmt>
                <authority>UNIVERSITATEA BABES BOLYAI</authority>
<idno type="URI">http://inscriptionsfromdacia.altervista.org/text/fm00000007.html</idno>

  <idno type="localID">fm00000007</idno>
<availability>
                    <licence target="http://creativecommons.org/licenses/by-nc-sa/3.0/">
This file is licensed under the Creative Commons Attribution-NonCommercial-ShareAlike 3.0 Unported license.
</licence>
                </availability>
            </publicationStmt>
            <sourceDesc>
                <msDesc>
                    <msIdentifier>
                        <country>
                            <placeName type="modern">Bulgaria</placeName>
                        </country>
                        <region>
                            <placeName type="modern">Pleven</placeName>
                        </region>
                        <settlement>
                            <placeName>Gigen</placeName>                     
                        </settlement>
                        <repository>Vasile Pârvan Institute of Archaeology, Bucharest</repository>
                        <collection/>
                        <idno/>
                    </msIdentifier>
                    <physDesc>
                        <objectDesc>
                            <supportDesc>
                                <support>
<objectType ref="http://www.eagle-network.eu/voc/objtyp/lod/57">Statue base</objectType>
                                    <material ref="http://www.eagle-network.eu/voc/material/lod/66">Limestone</material>
<p/>
                                    <dimensions unit="cm">
                                <height>84</height>
                                         <width>45</width>
                                         <depth>54</depth>
                                             </dimensions>
                                   <rs type="decoration" ref="http://www.eagle-network.eu/voc/decor/lod/2000">yes</rs>
                                    <rs type="statPreserv"/>
                                   </support>
                            </supportDesc>
                            <layoutDesc>
                                <layout>
                                  <rs type="execution"/><dimensions>
                                        <width unit="cm"/>
                                        <height unit="cm"/>
                                    </dimensions>
                                    <rs type="metre">no</rs>
                                </layout>
                            </layoutDesc>
                        </objectDesc>
                        <handDesc>
                            <handNote>
                               
                                <height unit="cm">5-6</height>
                            </handNote>
                        </handDesc>
                    </physDesc>
                    <history>
                        <origin>
                            <origPlace>
                           <placeName ref="http://www.trismegistos.org/place/029839">Oescus</placeName>
                                <placeName type="provincItalicRegion" ref="http://www.trismegistos.org/place/029480">Moesia inferior</placeName>
                                </origPlace>
                              <origDate notBefore-custom="0106" notAfter-custom="0200" datingMethod="http://en.wikipedia.org/wiki/Julian_calendar">Second century</origDate>
                        </origin>
                        <provenance type="found">  
                            <date>?</date>
                                <placeName></placeName> 
                            <placeName type="modernRegion">Pleven</placeName>
                            <placeName type="modernCountry">Bulgaria</placeName>
                        </provenance>
                    </history>
                </msDesc>
            </sourceDesc>
        </fileDesc>
        <encodingDesc>
            <p>Marked-up according to the EpiDoc Guidelines</p>
            <classDecl>
                <taxonomy>
                    <category xml:id="representation">
                        <catDesc>Digitized other representations</catDesc>
                    </category>
                </taxonomy>
            </classDecl>
        </encodingDesc>
        <profileDesc>
                <textClass>
<keywords>
     <term ref="http://www.eagle-network.eu/voc/typeins/lod/79">Dedication</term></keywords>
    </textClass>

            <langUsage>
                <language ident="ar">Arabic</language>
                <language ident="en">English</language>
                <language ident="fr">French</language>
                <language ident="de">German</language>
                <language ident="grc">Ancient Greek</language>
                <language ident="grc-Latn">Transliterated Greek</language>
                <language ident="el">Modern Greek</language>
                <language ident="he">Hebrew</language>
                <language ident="it">Italian</language>
                <language ident="la">Latin</language>
                <language ident="sp">Spanish</language>
            </langUsage>
        <creation>EAGLE - Europeana Network of Ancient Greek and Latin Epigraphy</creation></profileDesc>
        <revisionDesc>
         <change when="2015-02-26" who="Florian Matei-Popescu">Florian Matei-Popescu</change>
        </revisionDesc>
    </teiHeader>
         <facsimile>

    <graphic n="SCIVA 54-56, 2003-2005, p. 310-311, no. 3_1" url="https://upload.wikimedia.org/wikipedia/commons/1/1b/SCIVA_54-56%2C_2003-2005%2C_p._310-311%2C_no._3_1.jpg" sameAs="https://commons.wikimedia.org/wiki/File:SCIVA 54-56, 2003-2005, p. 310-311, no. 3_1.jpg">
       <desc> SCIVA 54-56, 2003-2005, p. 310-311, no. 3_1
          <ref type="license" target="http://creativecommons.org/licenses/by-sa/3.0/">Licensed under the Creative Commons Attribution-ShareAlike 3.0 Unported license. </ref>
      </desc>
   </graphic>
    <graphic n=" SCIVA 54-56, 2003-2005, p. 310-311, no. 3_2" url="https://upload.wikimedia.org/wikipedia/commons/d/de/SCIVA_54-56%2C_2003-2005%2C_p._310-311%2C_no._3_2.jpg" sameAs="https://commons.wikimedia.org/wiki/File:SCIVA 54-56, 2003-2005, p. 310-311, no. 3_2.jpg">
       <desc>  SCIVA 54-56, 2003-2005, p. 310-311, no. 3_2
          <ref type="license" target="http://creativecommons.org/licenses/by-sa/3.0/">Licensed under the Creative Commons Attribution-ShareAlike 3.0 Unported license. </ref>
      </desc>
   </graphic>
    <graphic n=" SCIVA 54-56, 2003-2005, p. 310-311, no. 3_3" url="https://upload.wikimedia.org/wikipedia/commons/8/86/SCIVA_54-56%2C_2003-2005%2C_p._310-311%2C_no._3_3.jpg" sameAs="https://commons.wikimedia.org/wiki/File:SCIVA 54-56, 2003-2005, p. 310-311, no. 3_3.jpg">
       <desc>  SCIVA 54-56, 2003-2005, p. 310-311, no. 3_3
          <ref type="license" target="http://creativecommons.org/licenses/by-sa/3.0/">Licensed under the Creative Commons Attribution-ShareAlike 3.0 Unported license. </ref>
      </desc>
   </graphic>
            
        </facsimile>
        
    
    <text>
        <body>
                       
            <div type="bibliography">
                <listBibl>
<bibl>G. Bordenache, Sculture greche e romane del Museo Nazionale di Antichita di Bucarest. I. Statue e rilievi di culto. Elementi architectonici e decorativi, Bucharest, 1969, p. 129, no. 289 (photo)</bibl><bibl> Fl. Matei-Popescu, Note epigrafice I, SCIVA 54-56, 2003-2005, p. 310-311, no. 3 (photo).</bibl>
                </listBibl>
            </div>
            
            
            <div type="edition" xml:lang="la"><head>Text</head>
                
  
            

    <ab>
                        <lb n="1"/>
                        
                        
                            
                            <expan><abbr>Q</abbr><ex>uintus</ex></expan> <expan><abbr>Iul</abbr><ex>ius</ex></expan> <expan><abbr>Fel</abbr><ex>ix</ex></expan> <lb n="2"/><expan><abbr>dec</abbr><ex>urio</ex></expan> c<supplied reason="lost"><expan><abbr>ol</abbr><ex>oniae</ex></expan></supplied>.
                        
                        
                    </ab>

                
                
            </div>

            <div type="apparatus">
                <p>l. 2 not taken into account by Bordenache</p>
            </div>

            

        </body>
    </text>
</TEI>
