<?xml version="1.0" encoding="UTF-8"?>
<TEI xmlns="http://www.tei-c.org/ns/1.0" xml:space="preserve" xml:lang="en">
    <teiHeader>
        <fileDesc>
            <titleStmt>
                <title>Funerary on Stele</title>
            </titleStmt>  
            <publicationStmt>
                <authority>UNIVERSITATEA BABES BOLYAI</authority>
<idno type="URI">http://inscriptionsfromdacia.altervista.org/text/fm00000181.html</idno>

  <idno type="localID">fm00000181</idno>
<availability>
                    <licence target="http://creativecommons.org/licenses/by-nc-sa/3.0/">
This file is licensed under the Creative Commons Attribution-NonCommercial-ShareAlike 3.0 Unported license.
</licence>
                </availability>
            </publicationStmt>
            <sourceDesc>
                <msDesc>
                    <msIdentifier>
                        <country>
                            <placeName type="modern">Romania</placeName>
                        </country>
                        <region>
                            <placeName type="modern">Constanța</placeName>
                        </region>
                        <settlement>
                            <placeName>Gârliciu</placeName>                     
                        </settlement>
                        <repository>Vasile Pârvan Institute of Archaeology, Bucharest</repository>
                        <collection/>
                        <idno/>
                    </msIdentifier>
                    <physDesc>
                        <objectDesc>
                            <supportDesc>
                                <support>
<objectType ref="http://www.eagle-network.eu/voc/objtyp/lod/250">Stele</objectType>
                                    <material ref="http://www.eagle-network.eu/voc/material/lod/66">Limestone</material>
<p/>
                                    <dimensions unit="cm">
                                <height>75</height>
                                         <width>25</width>
                                         <depth>77</depth>
                                             </dimensions>
                                   <rs type="decoration" ref="http://www.eagle-network.eu/voc/decor/lod/2000">yes</rs>
                                    <rs type="statPreserv"/>
                                   </support>
                            </supportDesc>
                            <layoutDesc>
                                <layout>
                                  <rs type="execution"/><dimensions>
                                        <width unit="cm"/>
                                        <height unit="cm"/>
                                    </dimensions>
                                    <rs type="metre">no</rs>
                                </layout>
                            </layoutDesc>
                        </objectDesc>
                        <handDesc>
                            <handNote>
                               No
                                <height unit="cm">4.5</height>
                            </handNote>
                        </handDesc>
                    </physDesc>
                    <history>
                        <origin>
                            <origPlace>
                           <placeName ref="http://www.trismegistos.org/place/030006">Cius</placeName>
                                <placeName type="provincItalicRegion" ref="http://www.trismegistos.org/place/029480">Moesia inferior</placeName>
                                </origPlace>
                              <origDate notBefore-custom="0137" notAfter-custom="0150" datingMethod="http://en.wikipedia.org/wiki/Julian_calendar">Antoninus Pius, being a veteran that received the citizenship during the reign of Trajan, but who had lived 83 years. Being recruited in his early twenties, he had served 28 years. It had around 45-50 years when he was released from duty. Thereafter he lived around 30-35 years and he died as early as 140' AD</origDate>
                        </origin>
                        <provenance type="found">  
                            <date>By the end of the 19th century</date>
                                <placeName>In the Turkish graveyard</placeName> 
                            <placeName type="modernRegion">Constanța</placeName>
                            <placeName type="modernCountry">Romania</placeName>
                        </provenance>
                    </history>
                </msDesc>
            </sourceDesc>
        </fileDesc>
        <encodingDesc>
            <p>Marked-up according to the EpiDoc Guidelines</p>
            <classDecl>
                <taxonomy>
                    <category xml:id="representation">
                        <catDesc>Digitized other representations</catDesc>
                    </category>
                </taxonomy>
            </classDecl>
        </encodingDesc>
        <profileDesc>
                <textClass>
<keywords>
     <term ref="http://www.eagle-network.eu/voc/typeins/lod/92">Funerary</term></keywords>
    </textClass>

            <langUsage>
                <language ident="ar">Arabic</language>
                <language ident="en">English</language>
                <language ident="fr">French</language>
                <language ident="de">German</language>
                <language ident="grc">Ancient Greek</language>
                <language ident="grc-Latn">Transliterated Greek</language>
                <language ident="el">Modern Greek</language>
                <language ident="he">Hebrew</language>
                <language ident="it">Italian</language>
                <language ident="la">Latin</language>
                <language ident="sp">Spanish</language>
            </langUsage>
        <creation>EAGLE - Europeana Network of Ancient Greek and Latin Epigraphy</creation></profileDesc>
        <revisionDesc>
         <change when="2015-02-26" who="Florian Matei-Popescu">Florian Matei-Popescu</change>
        </revisionDesc>
    </teiHeader>
         <facsimile>

    <graphic n="CIL III 12480_1" url="https://upload.wikimedia.org/wikipedia/commons/9/9c/CIL_III_12480_1.JPG" sameAs="https://commons.wikimedia.org/wiki/File:CIL III 12480_1.JPG">
       <desc> CIL III 12480_1
          <ref type="license" target="http://creativecommons.org/licenses/by-sa/3.0/">Licensed under the Creative Commons Attribution-ShareAlike 3.0 Unported license. </ref>
      </desc>
   </graphic>
    <graphic n=" CIL III 12480_2" url="https://upload.wikimedia.org/wikipedia/commons/4/44/CIL_III_12480_2.jpg" sameAs="https://commons.wikimedia.org/wiki/File:CIL III 12480_2.jpg">
       <desc>  CIL III 12480_2
          <ref type="license" target="http://creativecommons.org/licenses/by-sa/3.0/">Licensed under the Creative Commons Attribution-ShareAlike 3.0 Unported license. </ref>
      </desc>
   </graphic>
            
        </facsimile>
        
    
    <text>
        <body>
                       
            <div type="bibliography">
                <listBibl>
<bibl>CIL III 12480 </bibl><bibl> ISM V 118</bibl>
                </listBibl>
            </div>
            
            
            <div type="edition" xml:lang="la"><head>Text</head>
                
  
            

    <ab>
                        <lb n="1"/>
                        
                        
                            
                            Dis <expan><abbr>Man</abbr><ex>ibus</ex></expan> <lb n="2"/><expan><abbr>M</abbr><ex>arco</ex></expan> <expan><abbr>Ulp</abbr><ex>io</ex></expan> Domi<lb break="no" n="3"/>tio Anthio <lb n="4"/><expan><abbr>vet</abbr><ex>erano</ex></expan> <expan><abbr>coh</abbr><ex>ortis</ex></expan> <expan><abbr>Lusit</abbr><ex>anorum</ex></expan> <lb n="5"/>ex <expan><abbr>p</abbr><ex cert="low">edite </ex></expan> <expan><abbr>mil</abbr><ex>itavit</ex></expan> annis <lb n="6"/>XXVIII vix<supplied reason="lost">it</supplied> <lb n="7"/><expan><abbr>an</abbr><ex>nis</ex></expan> LXXX<supplied reason="lost">II</supplied>I <lb n="8"/>Iulia coniux <lb n="9"/>po<supplied reason="lost">sui</supplied>t <supplied reason="lost">m</supplied>ar<lb break="no" n="10"/><supplied reason="lost">ito benemer(enti</supplied>.
                        
                        
                    </ab>

                
                
            </div>

            
           <div type="translation">
                <p>                    To the Manes Gods! For Marcus Ulpius Domitius Anthius, veteran of the Lusitani cohort, former foot-soldier, who served 28 years and lived 83 years</p>
                    <desc><ref type="license" target="http://creativecommons.org/licenses/by-sa/3.0/">Licensed under a Creative Commons Attribution-ShareAlike 3.0 Unported licence.</ref>
                </desc>
            </div>
            

        </body>
    </text>
</TEI>
