<?xml version="1.0" encoding="UTF-8"?>
<TEI xmlns="http://www.tei-c.org/ns/1.0" xml:space="preserve" xml:lang="en">
    <teiHeader>
        <fileDesc>
            <titleStmt>
                <title>Dedication on Altar</title>
            </titleStmt>  
            <publicationStmt>
                <authority>UNIVERSITATEA BABES BOLYAI</authority>
<idno type="URI">http://inscriptionsfromdacia.altervista.org/text/fm00000024.html</idno>

  <idno type="localID">fm00000024</idno>
<availability>
                    <licence target="http://creativecommons.org/licenses/by-nc-sa/3.0/">
This file is licensed under the Creative Commons Attribution-NonCommercial-ShareAlike 3.0 Unported license.
</licence>
                </availability>
            </publicationStmt>
            <sourceDesc>
                <msDesc>
                    <msIdentifier>
                        <country>
                            <placeName type="modern">Romania</placeName>
                        </country>
                        <region>
                            <placeName type="modern">Tulcea</placeName>
                        </region>
                        <settlement>
                            <placeName>Iglita</placeName>                     
                        </settlement>
                        <repository>Vasile Pârvan Institute of Archaeology, Bucharest</repository>
                        <collection/>
                        <idno/>
                    </msIdentifier>
                    <physDesc>
                        <objectDesc>
                            <supportDesc>
                                <support>
<objectType ref="http://www.eagle-network.eu/voc/objtyp/lod/29">Altar</objectType>
                                    <material ref="http://www.eagle-network.eu/voc/material/lod/66">Limestone</material>
<p/>
                                    <dimensions unit="cm">
                                <height>150</height>
                                         <width>60</width>
                                         <depth>60</depth>
                                             </dimensions>
                                   <rs type="decoration">no</rs>
                                    <rs type="statPreserv"/>
                                   </support>
                            </supportDesc>
                            <layoutDesc>
                                <layout>
                                  <rs type="execution"/><dimensions>
                                        <width unit="cm"/>
                                        <height unit="cm"/>
                                    </dimensions>
                                    <rs type="metre">no</rs>
                                </layout>
                            </layoutDesc>
                        </objectDesc>
                        <handDesc>
                            <handNote>
                               
                                <height unit="cm">7-8</height>
                            </handNote>
                        </handDesc>
                    </physDesc>
                    <history>
                        <origin>
                            <origPlace>
                           <placeName ref="http://www.trismegistos.org/place/029965">Troesmis</placeName>
                                <placeName type="provincItalicRegion" ref="http://www.trismegistos.org/place/029480">Moesia inferior</placeName>
                                </origPlace>
                              <origDate notBefore-custom="0173" notAfter-custom="0173" datingMethod="http://en.wikipedia.org/wiki/Julian_calendar">173 AD, the date of the second consulship of Ti. Claudius Pompeianus</origDate>
                        </origin>
                        <provenance type="found">  
                            <date>1861</date>
                                <placeName>in one of the two late Roman forts from Troesmis, in the western one</placeName> 
                            <placeName type="modernRegion">Tulcea</placeName>
                            <placeName type="modernCountry">Romania</placeName>
                        </provenance>
                    </history>
                </msDesc>
            </sourceDesc>
        </fileDesc>
        <encodingDesc>
            <p>Marked-up according to the EpiDoc Guidelines</p>
            <classDecl>
                <taxonomy>
                    <category xml:id="representation">
                        <catDesc>Digitized other representations</catDesc>
                    </category>
                </taxonomy>
            </classDecl>
        </encodingDesc>
        <profileDesc>
                <textClass>
<keywords>
     <term ref="http://www.eagle-network.eu/voc/typeins/lod/79">Dedication</term></keywords>
    </textClass>

            <langUsage>
                <language ident="ar">Arabic</language>
                <language ident="en">English</language>
                <language ident="fr">French</language>
                <language ident="de">German</language>
                <language ident="grc">Ancient Greek</language>
                <language ident="grc-Latn">Transliterated Greek</language>
                <language ident="el">Modern Greek</language>
                <language ident="he">Hebrew</language>
                <language ident="it">Italian</language>
                <language ident="la">Latin</language>
                <language ident="sp">Spanish</language>
            </langUsage>
        <creation>EAGLE - Europeana Network of Ancient Greek and Latin Epigraphy</creation></profileDesc>
        <revisionDesc>
         <change when="2015-02-26" who="Florian Matei-Popescu">Florian Matei-Popescu</change>
        </revisionDesc>
    </teiHeader>
         <facsimile>

    <graphic n="CIL III 6176_1" url="https://upload.wikimedia.org/wikipedia/commons/0/0b/CIL_III_6176_1.JPG" sameAs="https://commons.wikimedia.org/wiki/File:CIL III 6176_1.JPG">
       <desc> CIL III 6176_1
          <ref type="license" target="http://creativecommons.org/licenses/by-sa/3.0/">Licensed under the Creative Commons Attribution-ShareAlike 3.0 Unported license. </ref>
      </desc>
   </graphic>
    <graphic n=" CIL III 6176_2" url="https://upload.wikimedia.org/wikipedia/commons/8/8d/CIL_III_6176_2.jpg" sameAs="https://commons.wikimedia.org/wiki/File:CIL III 6176_2.jpg">
       <desc>  CIL III 6176_2
          <ref type="license" target="http://creativecommons.org/licenses/by-sa/3.0/">Licensed under the Creative Commons Attribution-ShareAlike 3.0 Unported license. </ref>
      </desc>
   </graphic>
    <graphic n=" CIL III 6176_3" url="https://upload.wikimedia.org/wikipedia/commons/e/ed/CIL_III_6176_3.jpg" sameAs="https://commons.wikimedia.org/wiki/File:CIL III 6176_3.jpg">
       <desc>  CIL III 6176_3
          <ref type="license" target="http://creativecommons.org/licenses/by-sa/3.0/">Licensed under the Creative Commons Attribution-ShareAlike 3.0 Unported license. </ref>
      </desc>
   </graphic>
            
        </facsimile>
        
    
    <text>
        <body>
                       
            <div type="bibliography">
                <listBibl>
<bibl>CIL III 6176 </bibl><bibl> ILS 1108 </bibl><bibl> ISM V 146</bibl>
                </listBibl>
            </div>
            
            
            <div type="edition" xml:lang="la"><head>Text</head>
                
  
            

    <ab>
                        <lb n="1"/>
                        
                        
                            
                            <expan><abbr>Tib</abbr><ex>erio</ex></expan> <expan><abbr>Cl</abbr><ex>audio</ex></expan> Pom<lb break="no" n="2"/>peiano <expan><abbr>c</abbr><ex>larissimo</ex></expan> <expan><abbr>v</abbr><ex>iro</ex></expan> <lb n="3"/>bis consuli <lb n="4"/>C. <expan><abbr>Val</abbr><ex>erius</ex></expan> Firmus <lb n="5"/><expan><abbr>7</abbr><ex>centurio</ex></expan> <expan><abbr>leg</abbr><ex>ionis</ex></expan> I <expan><abbr>Ital</abbr><ex>icae</ex></expan>.
                        
                        
                    </ab>

                
                
            </div>

            

            <div type="commentary">
                <p>For Ti. Claudius Pompeianus' career, the son-in-law of the emperor Marcus Aurelius see PIR2 C, 973; A. Stein, RE III, 1899, col. 2843-2845.</p>
            </div>

        </body>
    </text>
</TEI>
