<?xml version="1.0" encoding="UTF-8"?>
<TEI xmlns="http://www.tei-c.org/ns/1.0" xml:space="preserve" xml:lang="en">
    <teiHeader>
        <fileDesc>
            <titleStmt>
                <title>Boundary inscription on Boundary Stone</title>
            </titleStmt>  
            <publicationStmt>
                <authority>UNIVERSITATEA BABES BOLYAI</authority>
<idno type="URI">http://inscriptionsfromdacia.altervista.org/text/fm00000138.html</idno>
<idno type="lupa">http://www.ubi-erat-lupa.org/monument.php?id=21031</idno>
  <idno type="localID">fm00000138</idno>
<availability>
                    <licence target="http://creativecommons.org/licenses/by-nc-sa/3.0/">
This file is licensed under the Creative Commons Attribution-NonCommercial-ShareAlike 3.0 Unported license.
</licence>
                </availability>
            </publicationStmt>
            <sourceDesc>
                <msDesc>
                    <msIdentifier>
                        <country>
                            <placeName type="modern">Romania</placeName>
                        </country>
                        <region>
                            <placeName type="modern">Constanța</placeName>
                        </region>
                        <settlement>
                            <placeName>Constanta</placeName>                     
                        </settlement>
                        <repository>Museum of Constanta</repository>
                        <collection/>
                        <idno/>
                    </msIdentifier>
                    <physDesc>
                        <objectDesc>
                            <supportDesc>
                                <support>
<objectType ref="http://www.eagle-network.eu/voc/objtyp/lod/92">Boundary Stone</objectType>
                                    <material ref="http://www.eagle-network.eu/voc/material/lod/66">Limestone</material>
<p/>
                                    <dimensions unit="cm">
                                <height>85</height>
                                         <width>44</width>
                                         <depth>44</depth>
                                             </dimensions>
                                   <rs type="decoration">no</rs>
                                    <rs type="statPreserv"/>
                                   </support>
                            </supportDesc>
                            <layoutDesc>
                                <layout>
                                  <rs type="execution"/><dimensions>
                                        <width unit="cm"/>
                                        <height unit="cm"/>
                                    </dimensions>
                                    <rs type="metre">no</rs>
                                </layout>
                            </layoutDesc>
                        </objectDesc>
                        <handDesc>
                            <handNote>
                               
                                <height unit="cm">3-5</height>
                            </handNote>
                        </handDesc>
                    </physDesc>
                    <history>
                        <origin>
                            <origPlace>
                           <placeName ref="http://www.trismegistos.org/place/029996">Capidava</placeName>
                                <placeName type="provincItalicRegion" ref="http://www.trismegistos.org/place/029480">Moesia inferior</placeName>
                                </origPlace>
                              <origDate notBefore-custom="0229" notAfter-custom="0229" datingMethod="http://en.wikipedia.org/wiki/Julian_calendar">222 AD, consular date</origDate>
                        </origin>
                        <provenance type="found">  
                            <date>1942</date>
                                <placeName>Reused in the Late Roman fort</placeName> 
                            <placeName type="modernRegion">Constanța</placeName>
                            <placeName type="modernCountry">Romania</placeName>
                        </provenance>
                    </history>
                </msDesc>
            </sourceDesc>
        </fileDesc>
        <encodingDesc>
            <p>Marked-up according to the EpiDoc Guidelines</p>
            <classDecl>
                <taxonomy>
                    <category xml:id="representation">
                        <catDesc>Digitized other representations</catDesc>
                    </category>
                </taxonomy>
            </classDecl>
        </encodingDesc>
        <profileDesc>
                <textClass>
<keywords>
     <term ref="http://www.eagle-network.eu/voc/typeins/lod/96">Boundary inscription</term></keywords>
    </textClass>

            <langUsage>
                <language ident="ar">Arabic</language>
                <language ident="en">English</language>
                <language ident="fr">French</language>
                <language ident="de">German</language>
                <language ident="grc">Ancient Greek</language>
                <language ident="grc-Latn">Transliterated Greek</language>
                <language ident="el">Modern Greek</language>
                <language ident="he">Hebrew</language>
                <language ident="it">Italian</language>
                <language ident="la">Latin</language>
                <language ident="sp">Spanish</language>
            </langUsage>
        <creation>EAGLE - Europeana Network of Ancient Greek and Latin Epigraphy</creation></profileDesc>
        <revisionDesc>
         <change when="2015-02-26" who="Florian Matei-Popescu">Florian Matei-Popescu</change>
        </revisionDesc>
    </teiHeader>
        
    
    <text>
        <body>
                       
            <div type="bibliography">
                <listBibl>
<bibl>AE 1960, 349 </bibl><bibl> ISM V 8 </bibl><bibl> Lupa 21031</bibl>
                </listBibl>
            </div>
            
            
            <div type="edition" xml:lang="la"><head>Text</head>
                
  
            

    <ab>
                        <lb n="1"/>
                        
                        
                            
                            Impera<supplied reason="lost">n</supplied><lb break="no" n="2"/>te domin<supplied reason="lost">o <expan><abbr>n</abbr><ex>ostro</ex></expan></supplied> <lb n="3"/>Severo <supplied reason="lost">Ale</supplied><lb break="no" n="4"/>x<supplied reason="lost">an</supplied>dro <lb n="5"/><expan><abbr>c</abbr><ex>onsule</ex></expan> III et <expan><abbr>Cas</abbr><ex>sio</ex></expan> <lb n="6"/>Dione II (consule) <lb n="7"/><expan><abbr>Iul</abbr><ex>ius</ex></expan> Vit<supplied reason="lost">ales</supplied> <lb n="8"/>(centurio) <expan><abbr>leg</abbr><ex>ionis</ex></expan> ex <supplied reason="lost"><expan><abbr>pr</abbr><ex>a</ex><abbr>ec</abbr><ex>epto</ex></expan></supplied> <lb n="9"/><expan><abbr>v</abbr><ex>iri</ex></expan> <expan><abbr>c</abbr><ex>larissimi</ex></expan> Mant<supplied reason="lost">enni</supplied> <lb n="10"/>co<expan><ex>n</ex><abbr>s</abbr><ex>ularis</ex></expan> <expan><abbr>n</abbr><ex>ostri</ex></expan> t<supplied reason="lost"><expan><abbr>ermi</abbr><ex>nos</ex></expan></supplied> <lb n="11"/><expan><abbr>fix</abbr><ex>it</ex></expan>
                        
                        
                    </ab>

                
                
            </div>

            
           <div type="translation">
                <p>                    While our Lord Severus Alexander was Emperor and consul for the third time, together with Cassius Dio for the second time, Iulius Vitales, centurion of the legion, set the limits according to the decision reached by the highly regarded man, our governor, Mantennius (Sabinus).</p>
                    <desc><ref type="license" target="http://creativecommons.org/licenses/by-sa/3.0/">Licensed under a Creative Commons Attribution-ShareAlike 3.0 Unported licence.</ref>
                </desc>
            </div>
            

            <div type="commentary">
                <p>See also ISM V 57 a, b, discovered at Ulmetum, whit the same text. The second consul is the famous historian Cassius Dio.</p>
            </div>

        </body>
    </text>
</TEI>
