<?xml version="1.0" encoding="UTF-8"?>
<TEI xmlns="http://www.tei-c.org/ns/1.0" xml:space="preserve" xml:lang="en">
    <teiHeader>
        <fileDesc>
            <titleStmt>
                <title>Honorific on Tabula ansata</title>
            </titleStmt>  
            <publicationStmt>
                <authority>UNIVERSITATEA BABES BOLYAI</authority>
<idno type="URI">inscriptionsfromdacia.altervista.org/text/fm00000211</idno>

  <idno type="localID">fm00000211</idno>
<availability>
                    <licence target="http://creativecommons.org/licenses/by-nc-sa/3.0/">
This file is licensed under the Creative Commons Attribution-NonCommercial-ShareAlike 3.0 Unported license.
</licence>
                </availability>
            </publicationStmt>
            <sourceDesc>
                <msDesc>
                    <msIdentifier>
                        <country>
                            <placeName type="modern">Romania</placeName>
                        </country>
                        <region>
                            <placeName type="modern">Tulcea</placeName>
                        </region>
                        <settlement>
                            <placeName>Iglița</placeName>                     
                        </settlement>
                        <repository>Museum of Constanta</repository>
                        <collection/>
                        <idno/>
                    </msIdentifier>
                    <physDesc>
                        <objectDesc>
                            <supportDesc>
                                <support>
<objectType ref="http://www.eagle-network.eu/voc/objtyp/lod/263">Tabula ansata</objectType>
                                    <material ref="http://www.eagle-network.eu/voc/material/lod/66">Limestone</material>
<p/>
                                    <dimensions unit="cm">
                                <height>61</height>
                                         <width>17</width>
                                         <depth>102</depth>
                                             </dimensions>
                                   <rs type="decoration" ref="http://www.eagle-network.eu/voc/decor/lod/2000">yes</rs>
                                    <rs type="statPreserv"/>
                                   </support>
                            </supportDesc>
                            <layoutDesc>
                                <layout>
                                  <rs type="execution"/><dimensions>
                                        <width unit="cm"/>
                                        <height unit="cm"/>
                                    </dimensions>
                                    <rs type="metre">no</rs>
                                </layout>
                            </layoutDesc>
                        </objectDesc>
                        <handDesc>
                            <handNote>
                               Yes
                                <height unit="cm">4.56-8</height>
                            </handNote>
                        </handDesc>
                    </physDesc>
                    <history>
                        <origin>
                            <origPlace>
                           <placeName ref="www.trismegistos.org/place/029965">Troesmis</placeName>
                                <placeName type="provincItalicRegion" ref="www.trismegistos.org/place/029480">Moesia inferior</placeName>
                                </origPlace>
                              <origDate   datingMethod="http://en.wikipedia.org/wiki/Julian_calendar">142 - 144 AD</origDate>
                        </origin>
                        <provenance type="found">  
                            <date>1968</date>
                                <placeName>3,5 km SE from the late Roman western fort from Troesmis</placeName> 
                            <placeName type="modernRegion">Tulcea</placeName>
                            <placeName type="modernCountry">Romania</placeName>
                        </provenance>
                    </history>
                </msDesc>
            </sourceDesc>
        </fileDesc>
        <encodingDesc>
            <p>Marked-up according to the EpiDoc Guidelines</p>
            <classDecl>
                <taxonomy>
                    <category xml:id="representation">
                        <catDesc>Digitized other representations</catDesc>
                    </category>
                </taxonomy>
            </classDecl>
        </encodingDesc>
        <profileDesc>
                <textClass>
<keywords>
     <term ref="http://www.eagle-network.eu/voc/typeins/lod/69">Honorific</term></keywords>
    </textClass>

            <langUsage>
                <language ident="ar">Arabic</language>
                <language ident="en">English</language>
                <language ident="fr">French</language>
                <language ident="de">German</language>
                <language ident="grc">Ancient Greek</language>
                <language ident="grc-Latn">Transliterated Greek</language>
                <language ident="el">Modern Greek</language>
                <language ident="he">Hebrew</language>
                <language ident="it">Italian</language>
                <language ident="la">Latin</language>
                <language ident="sp">Spanish</language>
            </langUsage>
        <creation>EAGLE - Europeana Network of Ancient Greek and Latin Epigraphy</creation></profileDesc>
        <revisionDesc>
         <change when="2015-06-03" who="Florian Matei-Popescu">Florian Matei-Popescu</change>
        </revisionDesc>
    </teiHeader>
        
    
    <text>
        <body>
                       
            <div type="bibliography">
                <listBibl>
<bibl>A. Rădulescu, Pontica 1, 1969, p. 319-323, no. 1 </bibl><bibl> AE 1972, 547 </bibl><bibl> AE 1974, 575 </bibl><bibl> ISM V 141</bibl>
                </listBibl>
            </div>
            
            
            <div type="edition" xml:lang="la"><head>Text</head>
                
  
            

    <ab>
                        <lb n="1"/>
                        
                        
                            
                            <expan><abbr>Imp</abbr><ex>eratori</ex></expan> <expan><abbr>T</abbr><ex>ito</ex></expan> <expan><abbr>Ael</abbr><ex>io</ex></expan> <expan><abbr>Had</abbr><ex>riano</ex></expan> Antoni<lb break="no" n="2"/>no <expan><abbr>Aug</abbr><ex>usto</ex></expan> Pio <expan><abbr>p</abbr><ex>atri</ex></expan> <expan><abbr>p</abbr><ex>atriae</ex></expan> <expan><abbr>tr</abbr><ex>ibunicia</ex></expan> <expan><abbr>p</abbr><ex>otestate</ex></expan> co<expan><ex>n</ex><abbr>s</abbr><ex>uli</ex></expan> III et Ve<lb break="no" n="3"/>ro <expan><abbr>Caes</abbr><ex>ari</ex></expan> <expan><abbr>c</abbr><ex>ives</ex></expan> <expan><abbr>R</abbr><ex>omani</ex></expan> <expan><abbr>cons</abbr><ex>istentes</ex></expan> <expan><abbr>canab</abbr><ex>is</ex></expan> <expan><abbr>leg</abbr><ex>ionis</ex></expan> V <lb n="4"/><expan><abbr>Mac</abbr><ex>edonicae</ex></expan> <expan><abbr>su</abbr><ex>b</ex></expan> Minicio Natale <expan><abbr>leg</abbr><ex>ato</ex></expan> <expan><abbr>Aug</abbr><ex>usti</ex></expan> <expan><abbr>pr</abbr><ex>o</ex></expan> <expan><abbr>pr</abbr><ex>aetore</ex></expan> <lb n="5"/><expan><abbr>dedic</abbr><ex>ante</ex></expan> Cominio Secundo <expan><abbr>leg</abbr><ex>ato</ex></expan> <expan><abbr>Aug</abbr><ex>usti</ex></expan>
                        
                        
                    </ab>

                
                
            </div>

            
           <div type="translation">
                <p>                    To the Emperor Titus Aelius Hadrianus Antoninus Pius, father of the fatherland, holding the power of a tribune and being consul for the third time, and to Verus Caesar, the Roman citizens settled in the canabae of the V Macedonica legion, under (Lucius) Minicius Natalis, the governor of the province, through the care of Cominius Secundus, the commander of the legion.</p>
                    <desc><ref type="license" target="http://creativecommons.org/licenses/by-sa/3.0/">Licensed under a Creative Commons Attribution-ShareAlike 3.0 Unported licence.</ref>
                </desc>
            </div>
            

        </body>
    </text>
</TEI>
