<?xml version="1.0" encoding="UTF-8"?>
<TEI xmlns="http://www.tei-c.org/ns/1.0" xml:space="preserve" xml:lang="en">
    <teiHeader>
        <fileDesc>
            <titleStmt>
                <title>cippus on Boundary Stone</title>
            </titleStmt>  
            <publicationStmt>
                <authority>UNIVERSITATEA BABES BOLYAI</authority>
<idno type="URI">http://inscriptionsfromdacia.altervista.org/text/fm00000016.html</idno>

  <idno type="localID">fm00000016</idno>
<availability>
                    <licence target="http://creativecommons.org/licenses/by-nc-sa/3.0/">
This file is licensed under the Creative Commons Attribution-NonCommercial-ShareAlike 3.0 Unported license.
</licence>
                </availability>
            </publicationStmt>
            <sourceDesc>
                <msDesc>
                    <msIdentifier>
                        <country>
                            <placeName type="modern">Bulgaria</placeName>
                        </country>
                        <region>
                            <placeName type="modern">Veliko Tarnovo</placeName>
                        </region>
                        <settlement>
                            <placeName>Svishtov</placeName>                     
                        </settlement>
                        <repository>Vasile Pârvan Institute of Archaeology, Bucharest</repository>
                        <collection/>
                        <idno/>
                    </msIdentifier>
                    <physDesc>
                        <objectDesc>
                            <supportDesc>
                                <support>
<objectType ref="http://www.eagle-network.eu/voc/objtyp/lod/92">Boundary Stone</objectType>
                                    <material ref="http://www.eagle-network.eu/voc/material/lod/66">Limestone</material>
<p/>
                                    <dimensions unit="cm">
                                <height>190</height>
                                         <width>30</width>
                                         <depth>55</depth>
                                             </dimensions>
                                   <rs type="decoration">no</rs>
                                    <rs type="statPreserv"/>
                                   </support>
                            </supportDesc>
                            <layoutDesc>
                                <layout>
                                  <rs type="execution"/><dimensions>
                                        <width unit="cm"/>
                                        <height unit="cm"/>
                                    </dimensions>
                                    <rs type="metre">no</rs>
                                </layout>
                            </layoutDesc>
                        </objectDesc>
                        <handDesc>
                            <handNote>
                               
                                <height unit="cm">5-7</height>
                            </handNote>
                        </handDesc>
                    </physDesc>
                    <history>
                        <origin>
                            <origPlace>
                           <placeName ref="http://www.trismegistos.org/place/024622">Novae</placeName>
                                <placeName type="provincItalicRegion" ref="http://www.trismegistos.org/place/029480">Moesia inferior</placeName>
                                </origPlace>
                              <origDate notBefore-custom="0136" notAfter-custom="0136" datingMethod="http://en.wikipedia.org/wiki/Julian_calendar">136 AD - Hadrian's imperial title</origDate>
                        </origin>
                        <provenance type="found">  
                            <date>?</date>
                                <placeName></placeName> 
                            <placeName type="modernRegion">Veliko Tarnovo</placeName>
                            <placeName type="modernCountry">Bulgaria</placeName>
                        </provenance>
                    </history>
                </msDesc>
            </sourceDesc>
        </fileDesc>
        <encodingDesc>
            <p>Marked-up according to the EpiDoc Guidelines</p>
            <classDecl>
                <taxonomy>
                    <category xml:id="representation">
                        <catDesc>Digitized other representations</catDesc>
                    </category>
                </taxonomy>
            </classDecl>
        </encodingDesc>
        <profileDesc>
                <textClass>
<keywords>
     <term ref="http://www.eagle-network.eu/voc/typeins/lod/96">cippus</term></keywords>
    </textClass>

            <langUsage>
                <language ident="ar">Arabic</language>
                <language ident="en">English</language>
                <language ident="fr">French</language>
                <language ident="de">German</language>
                <language ident="grc">Ancient Greek</language>
                <language ident="grc-Latn">Transliterated Greek</language>
                <language ident="el">Modern Greek</language>
                <language ident="he">Hebrew</language>
                <language ident="it">Italian</language>
                <language ident="la">Latin</language>
                <language ident="sp">Spanish</language>
            </langUsage>
        <creation>EAGLE - Europeana Network of Ancient Greek and Latin Epigraphy</creation></profileDesc>
        <revisionDesc>
         <change when="2015-02-26" who="Florian Matei-Popescu">Florian Matei-Popescu</change>
        </revisionDesc>
    </teiHeader>
         <facsimile>

    <graphic n="CIL III 749_1" url="https://upload.wikimedia.org/wikipedia/commons/7/77/CIL_III_749_1.JPG" sameAs="https://commons.wikimedia.org/wiki/File:CIL III 749_1.JPG">
       <desc> CIL III 749_1
          <ref type="license" target="http://creativecommons.org/licenses/by-sa/3.0/">Licensed under the Creative Commons Attribution-ShareAlike 3.0 Unported license. </ref>
      </desc>
   </graphic>
    <graphic n=" CIL III 749_2" url="https://upload.wikimedia.org/wikipedia/commons/3/3f/CIL_III_749_2.JPG" sameAs="https://commons.wikimedia.org/wiki/File:CIL III 749_2.JPG">
       <desc>  CIL III 749_2
          <ref type="license" target="http://creativecommons.org/licenses/by-sa/3.0/">Licensed under the Creative Commons Attribution-ShareAlike 3.0 Unported license. </ref>
      </desc>
   </graphic>
    <graphic n=" CIL III 749_3" url="https://upload.wikimedia.org/wikipedia/commons/4/40/CIL_III_749_3.jpg" sameAs="https://commons.wikimedia.org/wiki/File:CIL III 749_3.jpg">
       <desc>  CIL III 749_3
          <ref type="license" target="http://creativecommons.org/licenses/by-sa/3.0/">Licensed under the Creative Commons Attribution-ShareAlike 3.0 Unported license. </ref>
      </desc>
   </graphic>
    <graphic n=" CIL III 749_4" url="https://upload.wikimedia.org/wikipedia/commons/3/31/CIL_III_749_4.JPG" sameAs="https://commons.wikimedia.org/wiki/File:CIL III 749_4.JPG">
       <desc>  CIL III 749_4
          <ref type="license" target="http://creativecommons.org/licenses/by-sa/3.0/">Licensed under the Creative Commons Attribution-ShareAlike 3.0 Unported license. </ref>
      </desc>
   </graphic>
            
        </facsimile>
        
    
    <text>
        <body>
                       
            <div type="bibliography">
                <listBibl>
<bibl>CIL III 749 </bibl><bibl> ILS 5956 </bibl><bibl> ILBulg 357</bibl>
                </listBibl>
            </div>
            
            
            <div type="edition" xml:lang="la"><head>Text</head>
                
  
            

    <ab>
                        <lb n="1"/>
                        
                        
                            
                            Ex auctori<lb break="no" n="2"/><supplied reason="lost">t</supplied>ate <expan><abbr>Imp</abbr><ex>eratoris</ex></expan> Caesaris <lb n="3"/>divi Traiani Parthi<lb break="no" n="4"/>ci filio divi Nervae <lb n="5"/>nepotis Traiani Ha<lb break="no" n="6"/>driani <expan><abbr>Aug</abbr><ex>usti</ex></expan> <expan><abbr>p</abbr><ex>atris</ex></expan> <expan><abbr>p</abbr><ex>atriae</ex></expan> pon<lb break="no" n="7"/><expan><abbr>tifici</abbr><ex>s</ex></expan> maximo <expan><abbr>trib</abbr><ex>uniciae</ex></expan> <lb n="8"/><supplied reason="lost">p</supplied>otestatis XX co<expan><ex>n</ex><abbr>s</abbr><ex>ulis</ex></expan> II <lb n="9"/>Antius Rufinus in<lb break="no" n="10"/>ter Moesos et Thra<lb break="no" n="11"/>ces fines posuit.
                        
                        
                    </ab>

                
                
            </div>

            

        </body>
    </text>
</TEI>
