<?xml version="1.0" encoding="UTF-8"?>
<TEI xmlns="http://www.tei-c.org/ns/1.0" xml:space="preserve" xml:lang="en">
    <teiHeader>
        <fileDesc>
            <titleStmt>
                <title>Dedication on Altar</title>
            </titleStmt>  
            <publicationStmt>
                <authority>UNIVERSITATEA BABES BOLYAI</authority>
<idno type="URI">inscriptionsfromdacia.altervista.org/text/fm00000186</idno>

  <idno type="localID">fm00000186</idno>
<availability>
                    <licence target="http://creativecommons.org/licenses/by-nc-sa/3.0/">
This file is licensed under the Creative Commons Attribution-NonCommercial-ShareAlike 3.0 Unported license.
</licence>
                </availability>
            </publicationStmt>
            <sourceDesc>
                <msDesc>
                    <msIdentifier>
                        <country>
                            <placeName type="modern">Romania</placeName>
                        </country>
                        <region>
                            <placeName type="modern">Galați</placeName>
                        </region>
                        <settlement>
                            <placeName>Barboși</placeName>                     
                        </settlement>
                        <repository>Vasile Pârvan Institute of Archaeology, Bucharest</repository>
                        <collection/>
                        <idno/>
                    </msIdentifier>
                    <physDesc>
                        <objectDesc>
                            <supportDesc>
                                <support>
<objectType ref="http://www.eagle-network.eu/voc/objtyp/lod/29">Altar</objectType>
                                    <material ref="http://www.eagle-network.eu/voc/material/lod/66">Limestone</material>
<p/>
                                    <dimensions unit="cm">
                                <height>44</height>
                                         <width>14</width>
                                         <depth>17</depth>
                                             </dimensions>
                                   <rs type="decoration">no</rs>
                                    <rs type="statPreserv"/>
                                   </support>
                            </supportDesc>
                            <layoutDesc>
                                <layout>
                                  <rs type="execution"/><dimensions>
                                        <width unit="cm"/>
                                        <height unit="cm"/>
                                    </dimensions>
                                    <rs type="metre">no</rs>
                                </layout>
                            </layoutDesc>
                        </objectDesc>
                        <handDesc>
                            <handNote>
                               yes
                                <height unit="cm"/>
                            </handNote>
                        </handDesc>
                    </physDesc>
                    <history>
                        <origin>
                            <origPlace>
                           <placeName ref="www.trismegistos.org/place/000425"></placeName>
                                <placeName type="provincItalicRegion" ref="www.trismegistos.org/place/029480">Moesia inferior</placeName>
                                </origPlace>
                              <origDate   datingMethod="http://en.wikipedia.org/wiki/Julian_calendar">Late Antonine - Severan period</origDate>
                        </origin>
                        <provenance type="found">  
                            <date>By the end of the 19th century</date>
                                <placeName></placeName> 
                            <placeName type="modernRegion">Galați</placeName>
                            <placeName type="modernCountry">Romania</placeName>
                        </provenance>
                    </history>
                </msDesc>
            </sourceDesc>
        </fileDesc>
        <encodingDesc>
            <p>Marked-up according to the EpiDoc Guidelines</p>
            <classDecl>
                <taxonomy>
                    <category xml:id="representation">
                        <catDesc>Digitized other representations</catDesc>
                    </category>
                </taxonomy>
            </classDecl>
        </encodingDesc>
        <profileDesc>
                <textClass>
<keywords>
     <term ref="http://www.eagle-network.eu/voc/typeins/lod/79">Dedication</term></keywords>
    </textClass>

            <langUsage>
                <language ident="ar">Arabic</language>
                <language ident="en">English</language>
                <language ident="fr">French</language>
                <language ident="de">German</language>
                <language ident="grc">Ancient Greek</language>
                <language ident="grc-Latn">Transliterated Greek</language>
                <language ident="el">Modern Greek</language>
                <language ident="he">Hebrew</language>
                <language ident="it">Italian</language>
                <language ident="la">Latin</language>
                <language ident="sp">Spanish</language>
            </langUsage>
        <creation>EAGLE - Europeana Network of Ancient Greek and Latin Epigraphy</creation></profileDesc>
        <revisionDesc>
         <change when="2015-06-03" who="Florian Matei-Popescu">Florian Matei-Popescu</change>
        </revisionDesc>
    </teiHeader>
         <facsimile>

    <graphic n="CIL III 7517" url="https://upload.wikimedia.org/wikipedia/commons/c/cd/CIL_III_7517.jpg" sameAs="https://commons.wikimedia.org/wiki/File:CIL III 7517.jpg">
       <desc> CIL III 7517
          <ref type="license" target="http://creativecommons.org/licenses/by-sa/3.0/">Licensed under the Creative Commons Attribution-ShareAlike 3.0 Unported license. </ref>
      </desc>
   </graphic>
    <graphic n=" CIL III 7517_1" url="https://upload.wikimedia.org/wikipedia/commons/5/56/CIL_III_7517_1.JPG" sameAs="https://commons.wikimedia.org/wiki/File:CIL III 7517_1.JPG">
       <desc>  CIL III 7517_1
          <ref type="license" target="http://creativecommons.org/licenses/by-sa/3.0/">Licensed under the Creative Commons Attribution-ShareAlike 3.0 Unported license. </ref>
      </desc>
   </graphic>
            
        </facsimile>
        
    
    <text>
        <body>
                       
            <div type="bibliography">
                <listBibl>
<bibl>Gr. Tocilescu, AEM 8, 1884, p. 8, no. 20 </bibl><bibl> CIL III 7517 </bibl><bibl> ISM V 299</bibl>
                </listBibl>
            </div>
            
            
            <div type="edition" xml:lang="la"><head>Text</head>
                
  
            

    <ab>
                        <lb n="1"/>
                        
                        
                            
                            <supplied reason="lost"><gap reason="lost" quantity="1" unit="character"/> <gap reason="lost" quantity="1" unit="character"/> <gap reason="lost" quantity="1" unit="character"/></supplied> <lb n="2"/><supplied reason="lost">?V</supplied>etu<lb break="no" n="3"/><supplied reason="lost">?ri</supplied>us m<lb break="no" n="4"/><supplied reason="lost">?ed</supplied>icu<lb break="no" n="5"/><supplied reason="lost">s le</supplied><expan><abbr>g</abbr><ex>ionis</ex></expan> I <expan><abbr>It</abbr><ex>alicae</ex></expan> <lb n="6"/><supplied reason="lost"><expan><abbr>l</abbr><ex>ibente</ex></expan></supplied> <expan><abbr>a</abbr><ex>nimo</ex></expan> <expan><abbr>v</abbr><ex>otum</ex></expan> <expan><abbr>s</abbr><ex>olvit</ex></expan>
                        
                        
                    </ab>

                
                
            </div>

            
           <div type="translation">
                <p>                    [- - -] Veturius, physician of the First Italian Legion, willingly he fulfilled his pledge.</p>
                    <desc><ref type="license" target="http://creativecommons.org/licenses/by-sa/3.0/">Licensed under a Creative Commons Attribution-ShareAlike 3.0 Unported licence.</ref>
                </desc>
            </div>
            

        </body>
    </text>
</TEI>
