<?xml version="1.0" encoding="UTF-8"?>
<TEI xmlns="http://www.tei-c.org/ns/1.0" xml:space="preserve" xml:lang="en">
    <teiHeader>
        <fileDesc>
            <titleStmt>
                <title>Funerary on Altar</title>
            </titleStmt>  
            <publicationStmt>
                <authority>UNIVERSITATEA BABES BOLYAI</authority>
<idno type="URI">http://inscriptionsfromdacia.altervista.org/text/fm00000157.html</idno>

  <idno type="localID">fm00000157</idno>
<availability>
                    <licence target="http://creativecommons.org/licenses/by-nc-sa/3.0/">
This file is licensed under the Creative Commons Attribution-NonCommercial-ShareAlike 3.0 Unported license.
</licence>
                </availability>
            </publicationStmt>
            <sourceDesc>
                <msDesc>
                    <msIdentifier>
                        <country>
                            <placeName type="modern">Romania</placeName>
                        </country>
                        <region>
                            <placeName type="modern">Galați</placeName>
                        </region>
                        <settlement>
                            <placeName>Barboși</placeName>                     
                        </settlement>
                        <repository>Vasile Pârvan Institute of Archaeology, Bucharest</repository>
                        <collection/>
                        <idno/>
                    </msIdentifier>
                    <physDesc>
                        <objectDesc>
                            <supportDesc>
                                <support>
<objectType ref="http://www.eagle-network.eu/voc/objtyp/lod/29">Altar</objectType>
                                    <material ref="http://www.eagle-network.eu/voc/material/lod/66">Limestone</material>
<p/>
                                    <dimensions unit="cm">
                                <height>113</height>
                                         <width>50</width>
                                         <depth>53</depth>
                                             </dimensions>
                                   <rs type="decoration" ref="http://www.eagle-network.eu/voc/decor/lod/2000">yes</rs>
                                    <rs type="statPreserv"/>
                                   </support>
                            </supportDesc>
                            <layoutDesc>
                                <layout>
                                  <rs type="execution"/><dimensions>
                                        <width unit="cm"/>
                                        <height unit="cm"/>
                                    </dimensions>
                                    <rs type="metre">no</rs>
                                </layout>
                            </layoutDesc>
                        </objectDesc>
                        <handDesc>
                            <handNote>
                               
                                <height unit="cm">3-3</height>
                            </handNote>
                        </handDesc>
                    </physDesc>
                    <history>
                        <origin>
                            <origPlace>
                           <placeName ref="http://www.trismegistos.org/place/000425"></placeName>
                                <placeName type="provincItalicRegion" ref="http://www.trismegistos.org/place/029480">Moesia inferior</placeName>
                                </origPlace>
                              <origDate notBefore-custom="0151" notAfter-custom="0250" datingMethod="http://en.wikipedia.org/wiki/Julian_calendar">Second half of the second century, first half of the third century AD</origDate>
                        </origin>
                        <provenance type="found">  
                            <date>By the end of the 19th century</date>
                                <placeName></placeName> 
                            <placeName type="modernRegion">Galați</placeName>
                            <placeName type="modernCountry">Romania</placeName>
                        </provenance>
                    </history>
                </msDesc>
            </sourceDesc>
        </fileDesc>
        <encodingDesc>
            <p>Marked-up according to the EpiDoc Guidelines</p>
            <classDecl>
                <taxonomy>
                    <category xml:id="representation">
                        <catDesc>Digitized other representations</catDesc>
                    </category>
                </taxonomy>
            </classDecl>
        </encodingDesc>
        <profileDesc>
                <textClass>
<keywords>
     <term ref="http://www.eagle-network.eu/voc/typeins/lod/92">Funerary</term></keywords>
    </textClass>

            <langUsage>
                <language ident="ar">Arabic</language>
                <language ident="en">English</language>
                <language ident="fr">French</language>
                <language ident="de">German</language>
                <language ident="grc">Ancient Greek</language>
                <language ident="grc-Latn">Transliterated Greek</language>
                <language ident="el">Modern Greek</language>
                <language ident="he">Hebrew</language>
                <language ident="it">Italian</language>
                <language ident="la">Latin</language>
                <language ident="sp">Spanish</language>
            </langUsage>
        <creation>EAGLE - Europeana Network of Ancient Greek and Latin Epigraphy</creation></profileDesc>
        <revisionDesc>
         <change when="2015-02-26" who="Florian Matei-Popescu">Florian Matei-Popescu</change>
        </revisionDesc>
    </teiHeader>
        <facsimile>
<graphic n="ISM V 298" url="https://upload.wikimedia.org/wikipedia/commons/6/60/ISM_V_298.JPG" sameAs="https://commons.wikimedia.org/wiki/File%3AISM_V_298.JPG">
       <desc> ISM V 298
          <ref type="license" target="http://creativecommons.org/licenses/by-sa/3.0/">Licensed under the Creative Commons Attribution-ShareAlike 3.0 Unported license. </ref>
      </desc>
   </graphic>
<graphic n="ISM V 298_1" url="https://upload.wikimedia.org/wikipedia/commons/7/75/ISM_V_298_1.jpg" sameAs="https://commons.wikimedia.org/wiki/File%3AISM_V_298_1.jpg">
       <desc> ISM V 298_1
          <ref type="license" target="http://creativecommons.org/licenses/by-sa/3.0/">Licensed under the Creative Commons Attribution-ShareAlike 3.0 Unported license. </ref>
      </desc>
   </graphic>
</facsimile>
    
    <text>
        <body>
                       
            <div type="bibliography">
                <listBibl>
<bibl>Gr. Tocilescu, AEM 14, 1891, p. 16, no. 33 </bibl><bibl> ISM V 298</bibl>
                </listBibl>
            </div>
            
            
            <div type="edition" xml:lang="la"><head>Text</head>
                
  
            

    <ab>
                        <lb n="1"/>
                        
                        
                            
                            <expan><abbr>D</abbr><ex>is</ex></expan> <expan><abbr>M</abbr><ex>anibus</ex></expan> <lb n="2"/>Iuliae <supplied reason="lost">S</supplied>a<supplied reason="lost">tur</supplied>ninae <lb n="3"/>m<supplied reason="lost">a</supplied>tri pi<supplied reason="lost">entis</supplied>simae <lb n="4"/>quae v<supplied reason="lost">ixit a</supplied><expan><abbr>n<am>n</am></abbr><ex>is</ex></expan> L. <expan><abbr>L</abbr><ex>ucius</ex></expan> <expan><abbr>Iul</abbr><ex>ius</ex></expan> <lb n="5"/>Satu<supplied reason="lost">r</supplied>ninus et <expan><abbr>L</abbr><ex>ucius</ex></expan> <expan><abbr>Iul</abbr><ex>ius</ex></expan> <lb n="6"/>Attalus <expan><abbr>iun</abbr><ex>ior</ex></expan> <expan><abbr>fili</abbr><ex>i</ex></expan> et <lb n="7"/>heredes <expan><abbr>be<supplied reason="lost">n</supplied>emerent</abbr><ex>i</ex></expan> <lb n="8"/>p<supplied reason="lost">o</supplied>su<supplied reason="lost">eru</supplied>n<supplied reason="lost">t</supplied>.
                        
                        
                    </ab>

                
                
            </div>

            
           <div type="translation">
                <p>                    To the Manes Gods! For Iulia Saturnina, the most pious mother, who lived 50 years. Lucius Iulius Saturninus and Lucius Iulius Attalus, the younger, sons and heirs raised the monument to the well-deserving (mother).</p>
                    <desc><ref type="license" target="http://creativecommons.org/licenses/by-sa/3.0/">Licensed under a Creative Commons Attribution-ShareAlike 3.0 Unported licence.</ref>
                </desc>
            </div>
            

            <div type="commentary">
                <p>Today almost completely unreadable.</p>
            </div>

        </body>
    </text>
</TEI>
