<?xml version="1.0" encoding="UTF-8"?>
<TEI xmlns="http://www.tei-c.org/ns/1.0" xml:space="preserve" xml:lang="en">
    <teiHeader>
        <fileDesc>
            <titleStmt>
                <title>Building inscription on Tabula ansata</title>
            </titleStmt>  
            <publicationStmt>
                <authority>UNIVERSITATEA BABES BOLYAI</authority>
<idno type="URI">inscriptionsfromdacia.altervista.org/text/fm00000242.html</idno>

  <idno type="localID">fm00000242</idno>
<availability>
                    <licence target="http://creativecommons.org/licenses/by-nc-sa/3.0/">
This file is licensed under the Creative Commons Attribution-NonCommercial-ShareAlike 3.0 Unported license.
</licence>
                </availability>
            </publicationStmt>
            <sourceDesc>
                <msDesc>
                    <msIdentifier>
                        <country>
                            <placeName type="modern">Romania</placeName>
                        </country>
                        <region>
                            <placeName type="modern">Constanța</placeName>
                        </region>
                        <settlement>
                            <placeName>Rasova</placeName>                     
                        </settlement>
                        <repository>Museum of Constanta</repository>
                        <collection/>
                        <idno/>
                    </msIdentifier>
                    <physDesc>
                        <objectDesc>
                            <supportDesc>
                                <support>
<objectType ref="http://www.eagle-network.eu/voc/objtyp/lod/263">Tabula ansata</objectType>
                                    <material ref="http://www.eagle-network.eu/voc/material/lod/66">Limestone</material>
<p/>
                                    <dimensions unit="cm">
                                <height>69</height>
                                         <width>30</width>
                                         <depth>209</depth>
                                             </dimensions>
                                   <rs type="decoration" ref="http://www.eagle-network.eu/voc/decor/lod/2000">yes</rs>
                                    <rs type="statPreserv">Tabula ansata</rs>
                                   </support>
                            </supportDesc>
                            <layoutDesc>
                                <layout>
                                  <rs type="execution"/><dimensions>
                                        <width unit="cm"/>
                                        <height unit="cm"/>
                                    </dimensions>
                                    <rs type="metre">no</rs>
                                </layout>
                            </layoutDesc>
                        </objectDesc>
                        <handDesc>
                            <handNote>
                               Yes
                                <height unit="cm"/>
                            </handNote>
                        </handDesc>
                    </physDesc>
                    <history>
                        <origin>
                            <origPlace>
                           <placeName ref="www.trismegistos.org/place/NaN">?</placeName>
                                <placeName type="provincItalicRegion" ref="www.trismegistos.org/place/NaN">Moesia inferior</placeName>
                                </origPlace>
                              <origDate notBefore-custom="NaN" notAfter-custom="NaN" datingMethod="http://en.wikipedia.org/wiki/Julian_calendar">108 AD</origDate>
                        </origin>
                        <provenance type="found">  
                            <date>1980</date>
                                <placeName>2 km south of the Rasova village</placeName> 
                            <placeName type="modernRegion">Constanța</placeName>
                            <placeName type="modernCountry">Romania</placeName>
                        </provenance>
                    </history>
                </msDesc>
            </sourceDesc>
        </fileDesc>
        <encodingDesc>
            <p>Marked-up according to the EpiDoc Guidelines</p>
            <classDecl>
                <taxonomy>
                    <category xml:id="representation">
                        <catDesc>Digitized other representations</catDesc>
                    </category>
                </taxonomy>
            </classDecl>
        </encodingDesc>
        <profileDesc>
                <textClass>
<keywords>
     <term ref="http://www.eagle-network.eu/voc/typeins/lod/86">Building inscription</term></keywords>
    </textClass>

            <langUsage>
                <language ident="ar">Arabic</language>
                <language ident="en">English</language>
                <language ident="fr">French</language>
                <language ident="de">German</language>
                <language ident="grc">Ancient Greek</language>
                <language ident="grc-Latn">Transliterated Greek</language>
                <language ident="el">Modern Greek</language>
                <language ident="he">Hebrew</language>
                <language ident="it">Italian</language>
                <language ident="la">Latin</language>
                <language ident="sp">Spanish</language>
            </langUsage>
        <creation>EAGLE - Europeana Network of Ancient Greek and Latin Epigraphy</creation></profileDesc>
        <revisionDesc>
         <change when="2016-02-04" who="FlorianMatei-Popescu">Florian Matei-Popescu</change>
        </revisionDesc>
    </teiHeader>
        
    <facsimile>
        <graphic n="Rasova_ISM_IV_210_a" url="https://upload.wikimedia.org/wikipedia/commons/c/ca/Rasova_ISM_IV_210_a.jpg"
        sameAs="https://commons.wikimedia.org/wiki/File:Rasova_ISM_IV_210_a.jpg">
       <desc> Rasova_ISM_IV_210_a
          <ref type="license" target="http://creativecommons.org/licences/by-sa/3.0/">CCBYSA3.0.</ref>
      </desc>
   </graphic>
                <graphic n="Rasova_ISM_IV_210" url="https://upload.wikimedia.org/wikipedia/commons/8/82/Rasova_ISM_IV_210.jpg"
        sameAs="https://commons.wikimedia.org/wiki/File:Rasova_ISM_IV_210.jpg">
       <desc> Rasova_ISM_IV_210
          <ref type="license" target="http://creativecommons.org/licences/by-sa/3.0/">CCBYSA3.0.</ref>
      </desc>
   </graphic>
    </facsimile>
    <text>
        <body>
                       
            <div type="bibliography">
                <listBibl>
<bibl>A. Rădulescu, M. Bărbulescu, Dacia, N. S. 25, 1981, p. 356-358 </bibl><bibl> AE 1981, 746 </bibl><bibl> ISM IV 201</bibl>
                </listBibl>
            </div>
            
            
            <div type="edition" xml:lang="la"><head>Text</head>
                
  
            

    <ab>
                        <lb n="1"/>
                        
                        
                            
                            <expan><abbr>Imp</abbr><ex>erator</ex></expan> Caesar divi Nervae <expan><abbr>f</abbr><ex>ilius</ex></expan> <lb n="2"/>Nerva Traianus <expan><abbr>Aug</abbr><ex>ustus</ex></expan> <expan><abbr>Ger</abbr><ex>manicus</ex></expan> <expan><abbr>Dac</abbr><ex>icus</ex></expan> <lb n="3"/>pontifex maximus <expan><abbr>trib</abbr><ex>unicia</ex></expan> <expan><abbr>potest</abbr><ex>ate</ex></expan> <lb n="4"/>X <expan><abbr>imp</abbr><ex>erator</ex></expan> VI <expan><abbr>p</abbr><ex>ater</ex></expan> <expan><abbr>p</abbr><ex>atriae</ex></expan> co<expan><ex>n</ex><abbr>s</abbr><ex>ul</ex></expan> V fecit <lb n="5"/><expan><abbr>L</abbr><ex>ucio</ex></expan> Fabio Iusto <expan><abbr>leg</abbr><ex>ato</ex></expan> <expan><abbr>Aug</abbr><ex>usti</ex></expan> <expan><abbr>pr</abbr><ex>o</ex></expan> <expan><abbr>pr</abbr><ex>aetore</ex></expan>
                        
                        
                    </ab>

                
                
            </div>

            
           <div type="translation">
                <p>                    The Emperor Caesar, the son of the divine Nerva, Nerva Traianus Augustus, Germanicus, Dacicus, great pontif, being emperor for the sixth time, the father of the fatherland, consul for the fifth time, constructed (the fort), while Lucius Fabius Iustus was governor (of Lower Moesia).</p>
                    <desc><ref type="license" target="http://creativecommons.org/licenses/by-sa/3.0/">Licensed under a Creative Commons Attribution-ShareAlike 3.0 Unported licence.</ref>
                </desc>
            </div>
            

        </body>
    </text>
</TEI>
