<?xml version="1.0" encoding="UTF-8"?>
<TEI xmlns="http://www.tei-c.org/ns/1.0" xml:space="preserve" xml:lang="en">
    <teiHeader>
        <fileDesc>
            <titleStmt>
                <title>Votive on Altar</title>
            </titleStmt>  
            <publicationStmt>
                <authority>UNIVERSITATEA BABES BOLYAI</authority>
<idno type="URI">inscriptionsfromdacia.altervista.org/text/fm00000236.html</idno>

  <idno type="localID">fm00000236</idno>
<availability>
                    <licence target="http://creativecommons.org/licenses/by-nc-sa/3.0/">
This file is licensed under the Creative Commons Attribution-NonCommercial-ShareAlike 3.0 Unported license.
</licence>
                </availability>
            </publicationStmt>
            <sourceDesc>
                <msDesc>
                    <msIdentifier>
                        <country>
                            <placeName type="modern">Romania</placeName>
                        </country>
                        <region>
                            <placeName type="modern">Tulcea</placeName>
                        </region>
                        <settlement>
                            <placeName>Murighiol</placeName>                     
                        </settlement>
                        <repository>Museum of Tulcea</repository>
                        <collection/>
                        <idno/>
                    </msIdentifier>
                    <physDesc>
                        <objectDesc>
                            <supportDesc>
                                <support>
<objectType ref="http://www.eagle-network.eu/voc/objtyp/lod/29">Altar</objectType>
                                    <material ref="http://www.eagle-network.eu/voc/material/lod/66">Limestone</material>
<p/>
                                    <dimensions unit="cm">
                                <height>70</height>
                                         <width>15</width>
                                         <depth>62</depth>
                                             </dimensions>
                                   <rs type="decoration">no</rs>
                                    <rs type="statPreserv">Altar</rs>
                                   </support>
                            </supportDesc>
                            <layoutDesc>
                                <layout>
                                  <rs type="execution"/><dimensions>
                                        <width unit="cm"/>
                                        <height unit="cm"/>
                                    </dimensions>
                                    <rs type="metre">no</rs>
                                </layout>
                            </layoutDesc>
                        </objectDesc>
                        <handDesc>
                            <handNote>
                               No
                                <height unit="cm"/>
                            </handNote>
                        </handDesc>
                    </physDesc>
                    <history>
                        <origin>
                            <origPlace>
                           <placeName ref="www.trismegistos.org/place/NaN">Halmyris</placeName>
                                <placeName type="provincItalicRegion" ref="www.trismegistos.org/place/NaN">Moesia inferior</placeName>
                                </origPlace>
                              <origDate notBefore-custom="NaN" notAfter-custom="NaN" datingMethod="http://en.wikipedia.org/wiki/Julian_calendar">Probably second half of the second century AD</origDate>
                        </origin>
                        <provenance type="found">  
                            <date>1985</date>
                                <placeName>Reused in the Late Roman fort, north gate</placeName> 
                            <placeName type="modernRegion">Tulcea</placeName>
                            <placeName type="modernCountry">Romania</placeName>
                        </provenance>
                    </history>
                </msDesc>
            </sourceDesc>
        </fileDesc>
        <encodingDesc>
            <p>Marked-up according to the EpiDoc Guidelines</p>
            <classDecl>
                <taxonomy>
                    <category xml:id="representation">
                        <catDesc>Digitized other representations</catDesc>
                    </category>
                </taxonomy>
            </classDecl>
        </encodingDesc>
        <profileDesc>
                <textClass>
<keywords>
     <term ref="http://www.eagle-network.eu/voc/typeins/lod/83">Votive</term></keywords>
    </textClass>

            <langUsage>
                <language ident="ar">Arabic</language>
                <language ident="en">English</language>
                <language ident="fr">French</language>
                <language ident="de">German</language>
                <language ident="grc">Ancient Greek</language>
                <language ident="grc-Latn">Transliterated Greek</language>
                <language ident="el">Modern Greek</language>
                <language ident="he">Hebrew</language>
                <language ident="it">Italian</language>
                <language ident="la">Latin</language>
                <language ident="sp">Spanish</language>
            </langUsage>
        <creation>EAGLE - Europeana Network of Ancient Greek and Latin Epigraphy</creation></profileDesc>
        <revisionDesc>
         <change when="2016-02-04" who="FlorianMatei-Popescu">Florian Matei-Popescu</change>
        </revisionDesc>
    </teiHeader>
        
    
    <text>
        <body>
                       
            <div type="bibliography">
                <listBibl>
<bibl>AE 1988, 987 </bibl><bibl> M. Zahariade, C. Alexandrescu, Greek and Latin Inscriptions from Halmyris, 2011, 6</bibl>
                </listBibl>
            </div>
            
            
            <div type="edition" xml:lang="la"><head>Text</head>
                
  
            

    <ab>
                        <lb n="1"/>
                        
                        
                            
                            [<expan><abbr>I</abbr><ex>ovi</ex></expan> <expan><abbr>O</abbr><ex>ptimo</ex></expan> <expan><abbr>M</abbr><ex>aximo</ex></expan> <lb n="2"/><expan><abbr>c</abbr><ex>ives</ex></expan> <expan><abbr>R</abbr><ex>omani</ex></expan> <expan><abbr>c</abbr><ex>onsistentes</ex></expan> <expan><abbr>vic</abbr><ex>o</ex></expan>] <lb n="3"/>classicor<supplied reason="lost">um</supplied> <lb n="4"/>cura agentem (sic!) Paparione St<supplied reason="lost">r</supplied><lb break="no" n="5"/>atonis <expan><abbr>magistr</abbr><ex>o</ex></expan> <lb n="6"/><expan><abbr>T</abbr><ex cert="low">itus</ex></expan> Collumela (sic!) d<supplied reason="lost">e</supplied> <lb n="7"/>suo possuit (sic!)
                        
                        
                    </ab>

                
                
            </div>

            <div type="apparatus">
                <p>l. 4: cura(m) agente M(arco), Zahariade, Alexandrescu, nevertheless it seems that the name is simply render as Papario Stratonis, like in the case of AE 1988, 989, Sossius Sossi, magister of the same vicus classicorum; moreover there is no space between the final M and the letter before, as it is the case of this inscription, which had a little space between the words.</p>
            </div>

            
           <div type="translation">
                <p>                    To the Jupiter the Good and the Greatest! The Roman citizens from the village of the sailors, by the care of Papario, the son of Strato, the mayor. Titus (?) Columella set by his own means.</p>
                    <desc><ref type="license" target="http://creativecommons.org/licenses/by-sa/3.0/">Licensed under a Creative Commons Attribution-ShareAlike 3.0 Unported licence.</ref>
                </desc>
            </div>
            

            <div type="commentary">
                <p>The stone was cut to be reused in the wall of the one of the towers of the northern gate.</p>
            </div>

        </body>
    </text>
</TEI>
