<?xml version="1.0" encoding="UTF-8"?>
<TEI xmlns="http://www.tei-c.org/ns/1.0" xml:space="preserve" xml:lang="en">
    <teiHeader>
        <fileDesc>
            <titleStmt>
                <title>Votive on Plate</title>
            </titleStmt>  
            <publicationStmt>
                <authority>UNIVERSITATEA BABES BOLYAI</authority>
<idno type="URI">inscriptionsfromdacia.altervista.org/text/fm00000197</idno>

  <idno type="localID">fm00000197</idno>
<availability>
                    <licence target="http://creativecommons.org/licenses/by-nc-sa/3.0/">
This file is licensed under the Creative Commons Attribution-NonCommercial-ShareAlike 3.0 Unported license.
</licence>
                </availability>
            </publicationStmt>
            <sourceDesc>
                <msDesc>
                    <msIdentifier>
                        <country>
                            <placeName type="modern">Romania</placeName>
                        </country>
                        <region>
                            <placeName type="modern">Tulcea</placeName>
                        </region>
                        <settlement>
                            <placeName>Mihai Bravu</placeName>                     
                        </settlement>
                        <repository>Vasile Pârvan Institute of Archaeology, Bucharest</repository>
                        <collection/>
                        <idno/>
                    </msIdentifier>
                    <physDesc>
                        <objectDesc>
                            <supportDesc>
                                <support>
<objectType ref="http://www.eagle-network.eu/voc/objtyp/lod/260">Plate</objectType>
                                    <material ref="http://www.eagle-network.eu/voc/material/lod/48">Marble</material>
<p/>
                                    <dimensions unit="cm">
                                <height>42</height>
                                         <width/>
                                         <depth>42</depth>
                                             </dimensions>
                                   <rs type="decoration">no</rs>
                                    <rs type="statPreserv"/>
                                   </support>
                            </supportDesc>
                            <layoutDesc>
                                <layout>
                                  <rs type="execution"/><dimensions>
                                        <width unit="cm"/>
                                        <height unit="cm"/>
                                    </dimensions>
                                    <rs type="metre">no</rs>
                                </layout>
                            </layoutDesc>
                        </objectDesc>
                        <handDesc>
                            <handNote>
                               Yes
                                <height unit="cm">4.7</height>
                            </handNote>
                        </handDesc>
                    </physDesc>
                    <history>
                        <origin>
                            <origPlace>
                           <placeName ref="www.trismegistos.org/place/000425"></placeName>
                                <placeName type="provincItalicRegion" ref="www.trismegistos.org/place/029480">Moesia inferior</placeName>
                                </origPlace>
                              <origDate   datingMethod="http://en.wikipedia.org/wiki/Julian_calendar">191 - 193/194 AD, while Cn. Suellius Rufus Cosconius Gentianus was governor of the Lower Moesia province</origDate>
                        </origin>
                        <provenance type="found">  
                            <date>1947</date>
                                <placeName></placeName> 
                            <placeName type="modernRegion">Tulcea</placeName>
                            <placeName type="modernCountry">Romania</placeName>
                        </provenance>
                    </history>
                </msDesc>
            </sourceDesc>
        </fileDesc>
        <encodingDesc>
            <p>Marked-up according to the EpiDoc Guidelines</p>
            <classDecl>
                <taxonomy>
                    <category xml:id="representation">
                        <catDesc>Digitized other representations</catDesc>
                    </category>
                </taxonomy>
            </classDecl>
        </encodingDesc>
        <profileDesc>
                <textClass>
<keywords>
     <term ref="http://www.eagle-network.eu/voc/typeins/lod/83">Votive</term></keywords>
    </textClass>

            <langUsage>
                <language ident="ar">Arabic</language>
                <language ident="en">English</language>
                <language ident="fr">French</language>
                <language ident="de">German</language>
                <language ident="grc">Ancient Greek</language>
                <language ident="grc-Latn">Transliterated Greek</language>
                <language ident="el">Modern Greek</language>
                <language ident="he">Hebrew</language>
                <language ident="it">Italian</language>
                <language ident="la">Latin</language>
                <language ident="sp">Spanish</language>
            </langUsage>
        <creation>EAGLE - Europeana Network of Ancient Greek and Latin Epigraphy</creation></profileDesc>
        <revisionDesc>
         <change when="2015-06-03" who="Florian Matei-Popescu">Florian Matei-Popescu</change>
        </revisionDesc>
    </teiHeader>
         <facsimile>

   <graphic n="AE 1985, 725" url="https://upload.wikimedia.org/wikipedia/commons/0/04/AE_1985%2C_725.JPG" sameAs="https://commons.wikimedia.org/wiki/File:AE 1985, 725.JPG">
       <desc> AE 1985, 725
          <ref type="license" target="http://creativecommons.org/licenses/by-sa/3.0/">Licensed under the Creative Commons Attribution-ShareAlike 3.0 Unported license. </ref>
      </desc>
   </graphic>    
   
            
        </facsimile>
        
    
    <text>
        <body>
                       
            <div type="bibliography">
                <listBibl>
<bibl>Em. Doruțiu-Boilă, ZPE 58, 1985, p. 198-199, pl. 15/a </bibl><bibl> AE 1985, 725 </bibl><bibl> CGLBI 642</bibl>
                </listBibl>
            </div>
            
            
            <div type="edition" xml:lang="la"><head>Text</head>
                
  
            

    <ab>
                        <lb n="1"/>
                        
                        
                            
                            <supplied reason="lost"><gap reason="lost" quantity="1" unit="character"/> <gap reason="lost" quantity="1" unit="character"/> <gap reason="lost" quantity="1" unit="character"/></supplied> <lb n="2"/><supplied reason="lost">pro salute</supplied> <lb n="3"/><expan><abbr>Cn</abbr><ex>aei</ex></expan> Sue<supplied reason="lost"><expan><abbr>l</abbr><ex>li</ex></expan> Rufi</supplied> <lb n="4"/><expan><abbr>Cos</abbr><ex>coni</ex></expan> <expan><abbr>Gen</abbr><ex>tiani</ex></expan> l<supplied reason="lost"><expan><abbr>eg</abbr><ex>ati</ex></expan> <expan><abbr>pr</abbr><ex>o</ex></expan> <expan><abbr>pr</abbr><ex>aetore</ex></expan></supplied> <lb n="5"/><expan><abbr>T</abbr><ex>itus</ex></expan> <expan><abbr>Cael</abbr><ex>ius</ex></expan> Cat<supplied reason="lost">us</supplied> <lb n="6"/>b<expan><ex>ene</ex><abbr>f</abbr><ex>iciarius</ex></expan> eius ex <lb n="7"/><expan><abbr>vo</abbr><ex>to</ex></expan> <expan><abbr>p</abbr><ex>osuit</ex></expan>
                        
                        
                    </ab>

                
                
            </div>

            <div type="apparatus">
                <p>l. 3 l[eg(ati)], Doruțiu-Boilă; l[eg(ati) pr(o) pr(aetore)], Matei-Popescu; l. 6, • V • O • P, on stone</p>
            </div>

            
           <div type="translation">
                <p>                    For the good health of Cnaeus Suellius Rufus Cosconius Gentianus, the governor (of Lower Moesia), Titus Caelius Catus, his beneficiarius, set according to his pledge</p>
                    <desc><ref type="license" target="http://creativecommons.org/licenses/by-sa/3.0/">Licensed under a Creative Commons Attribution-ShareAlike 3.0 Unported licence.</ref>
                </desc>
            </div>
            

        </body>
    </text>
</TEI>
