<?xml version="1.0" encoding="UTF-8"?>
<TEI xmlns="http://www.tei-c.org/ns/1.0" xml:space="preserve" xml:lang="en">
    <teiHeader>
        <fileDesc>
            <titleStmt>
                <title>Dedication on Statue base</title>
            </titleStmt>  
            <publicationStmt>
                <authority>UNIVERSITATEA BABES BOLYAI</authority>
<idno type="URI">inscriptionsfromdacia.altervista.org/text/fm00000225.html</idno>

  <idno type="localID">fm00000225</idno>
<availability>
                    <licence target="http://creativecommons.org/licenses/by-nc-sa/3.0/">
This file is licensed under the Creative Commons Attribution-NonCommercial-ShareAlike 3.0 Unported license.
</licence>
                </availability>
            </publicationStmt>
            <sourceDesc>
                <msDesc>
                    <msIdentifier>
                        <country>
                            <placeName type="modern">Romania</placeName>
                        </country>
                        <region>
                            <placeName type="modern">Constanța</placeName>
                        </region>
                        <settlement>
                            <placeName>Adamclisi</placeName>                     
                        </settlement>
                        <repository>Museum of Adamclisi</repository>
                        <collection/>
                        <idno/>
                    </msIdentifier>
                    <physDesc>
                        <objectDesc>
                            <supportDesc>
                                <support>
<objectType ref="http://www.eagle-network.eu/voc/objtyp/lod/57">Statue base</objectType>
                                    <material ref="http://www.eagle-network.eu/voc/material/lod/66">Limestone</material>
<p/>
                                    <dimensions unit="cm">
                                <height>45</height>
                                         <width>80</width>
                                         <depth>95</depth>
                                             </dimensions>
                                   <rs type="decoration"/>
                                    <rs type="statPreserv">Statue base</rs>
                                   </support>
                            </supportDesc>
                            <layoutDesc>
                                <layout>
                                  <rs type="execution"/><dimensions>
                                        <width unit="cm"/>
                                        <height unit="cm"/>
                                    </dimensions>
                                    <rs type="metre">no</rs>
                                </layout>
                            </layoutDesc>
                        </objectDesc>
                        <handDesc>
                            <handNote>
                               N0
                                <height unit="cm">4.5</height>
                            </handNote>
                        </handDesc>
                    </physDesc>
                    <history>
                        <origin>
                            <origPlace>
                           <placeName ref="www.trismegistos.org/place/NaN">Tropaeum Traiani</placeName>
                                <placeName type="provincItalicRegion" ref="www.trismegistos.org/place/NaN">Moesia inferior</placeName>
                                </origPlace>
                              <origDate notBefore-custom="NaN" notAfter-custom="NaN" datingMethod="http://en.wikipedia.org/wiki/Julian_calendar">116 AD</origDate>
                        </origin>
                        <provenance type="found">  
                            <date>1891</date>
                                <placeName>Reused in a Late Roman building, next to the western gate</placeName> 
                            <placeName type="modernRegion">Constanța</placeName>
                            <placeName type="modernCountry">Romania</placeName>
                        </provenance>
                    </history>
                </msDesc>
            </sourceDesc>
        </fileDesc>
        <encodingDesc>
            <p>Marked-up according to the EpiDoc Guidelines</p>
            <classDecl>
                <taxonomy>
                    <category xml:id="representation">
                        <catDesc>Digitized other representations</catDesc>
                    </category>
                </taxonomy>
            </classDecl>
        </encodingDesc>
        <profileDesc>
                <textClass>
<keywords>
     <term ref="http://www.eagle-network.eu/voc/typeins/lod/79">Dedication</term></keywords>
    </textClass>

            <langUsage>
                <language ident="ar">Arabic</language>
                <language ident="en">English</language>
                <language ident="fr">French</language>
                <language ident="de">German</language>
                <language ident="grc">Ancient Greek</language>
                <language ident="grc-Latn">Transliterated Greek</language>
                <language ident="el">Modern Greek</language>
                <language ident="he">Hebrew</language>
                <language ident="it">Italian</language>
                <language ident="la">Latin</language>
                <language ident="sp">Spanish</language>
            </langUsage>
        <creation>EAGLE - Europeana Network of Ancient Greek and Latin Epigraphy</creation></profileDesc>
        <revisionDesc>
         <change when="2016-02-04" who="FlorianMatei-Popescu">Florian Matei-Popescu</change>
        </revisionDesc>
    </teiHeader>
        
    
    <text>
        <body>
                       
            <div type="bibliography">
                <listBibl>
<bibl>CIL III 12740 </bibl><bibl> Em. Popescu, StCl 6, 1964, p. 186 </bibl><bibl> ISM IV 9</bibl>
                </listBibl>
            </div>
            
            
            <div type="edition" xml:lang="la"><head>Text</head>
                
  
            

    <ab>
                        <lb n="1"/>
                        
                        
                            
                            <supplied reason="lost"><expan><abbr>Imp</abbr><ex>eratori</ex></expan> <expan><abbr>Caes</abbr><ex>ari</ex></expan> divi Nervae <expan><abbr>f</abbr><ex>ilio</ex></expan></supplied> Ner[vae Tra<lb break="no" n="2"/>iano Op]<expan><abbr>t</abbr><ex>imo</ex></expan> <expan><abbr>Aug</abbr><ex>usto</ex></expan> <lb n="3"/><expan><abbr>Germ</abbr><ex>anico</ex></expan> <expan><abbr>Dac</abbr><ex>ico</ex></expan> Pa<supplied reason="lost"><expan><abbr>rthic</abbr><ex>o</ex></expan> <expan><abbr>pon</abbr><ex>tifici max(imo</ex></expan></supplied> <lb n="4"/><supplied reason="lost"><expan><abbr>trib</abbr><ex>unicia</ex></expan> p</supplied><expan><abbr>ot</abbr><ex>estate</ex></expan> XX, <expan><abbr>imp</abbr><ex>eratori</ex></expan> XII, co<expan><ex>n</ex><abbr>s</abbr><ex>uli</ex></expan> VI <expan><abbr>p</abbr><ex>atri</ex></expan> <expan><abbr>p</abbr><ex>atriae</ex></expan> <lb n="5"/><supplied reason="lost">Tra</supplied>ianenses Tropaeenses <lb n="6"/><supplied reason="lost">sub<certainty locus="name" match="preceding-sibling::text()" cert="low"/> <expan><abbr>Q</abbr><ex>uinto</ex></expan> R</supplied>oscio Murena Coelio Po[mpe<lb break="no" n="7"/>]io Falcone, <expan><abbr>leg</abbr><ex>ato</ex></expan> <expan><abbr>Aug</abbr><ex>usti</ex></expan> <expan><abbr>pr</abbr><ex>o</ex></expan> <supplied reason="lost"><expan><abbr>pr</abbr><ex>aetore</ex></expan> <expan><abbr>fecer</abbr><ex>unt</ex></expan> vel <expan><abbr>dedicav</abbr><ex>erunt</ex></expan>...</supplied>
                        
                        
                    </ab>

                
                
            </div>

            
           <div type="translation">
                <p>                    For the Emperor Caesar, the son of the divine Nerva, Nerva Traianus Optimus Augustus, Germanicus, Dacicus, Parthicus, holding the power of the tribunes for the 20th time, having 12 imperial salutations, being consul for the 6th time, the father of the fatherland, the citizen of Traianum Tropaeum dedicated / set (the statue) while Quintus Roscius Murena Coelius Pompeius Falco was governor of the province</p>
                    <desc><ref type="license" target="http://creativecommons.org/licenses/by-sa/3.0/">Licensed under a Creative Commons Attribution-ShareAlike 3.0 Unported licence.</ref>
                </desc>
            </div>
            

        </body>
    </text>
</TEI>
