<?xml version="1.0" encoding="UTF-8"?>
<TEI xmlns="http://www.tei-c.org/ns/1.0" xml:space="preserve" xml:lang="en">
    <teiHeader>
        <fileDesc>
            <titleStmt>
                <title>Funerary on Stele</title>
            </titleStmt>  
            <publicationStmt>
                <authority>UNIVERSITATEA BABES BOLYAI</authority>
<idno type="URI">http://inscriptionsfromdacia.altervista.org/text/fm00000022.html</idno>

  <idno type="localID">fm00000022</idno>
<availability>
                    <licence target="http://creativecommons.org/licenses/by-nc-sa/3.0/">
This file is licensed under the Creative Commons Attribution-NonCommercial-ShareAlike 3.0 Unported license.
</licence>
                </availability>
            </publicationStmt>
            <sourceDesc>
                <msDesc>
                    <msIdentifier>
                        <country>
                            <placeName type="modern">Romania</placeName>
                        </country>
                        <region>
                            <placeName type="modern">Tulcea</placeName>
                        </region>
                        <settlement>
                            <placeName>Iglita</placeName>                     
                        </settlement>
                        <repository>Vasile Pârvan Institute of Archaeology, Bucharest</repository>
                        <collection/>
                        <idno/>
                    </msIdentifier>
                    <physDesc>
                        <objectDesc>
                            <supportDesc>
                                <support>
<objectType ref="http://www.eagle-network.eu/voc/objtyp/lod/250">Stele</objectType>
                                    <material ref="http://www.eagle-network.eu/voc/material/lod/66">Limestone</material>
<p/>
                                    <dimensions unit="cm">
                                <height>120</height>
                                         <width>27</width>
                                         <depth>34</depth>
                                             </dimensions>
                                   <rs type="decoration">no</rs>
                                    <rs type="statPreserv"/>
                                   </support>
                            </supportDesc>
                            <layoutDesc>
                                <layout>
                                  <rs type="execution"/><dimensions>
                                        <width unit="cm"/>
                                        <height unit="cm"/>
                                    </dimensions>
                                    <rs type="metre">no</rs>
                                </layout>
                            </layoutDesc>
                        </objectDesc>
                        <handDesc>
                            <handNote>
                               Between words
                                <height unit="cm">3-4</height>
                            </handNote>
                        </handDesc>
                    </physDesc>
                    <history>
                        <origin>
                            <origPlace>
                           <placeName ref="http://www.trismegistos.org/place/029965">Troesmis</placeName>
                                <placeName type="provincItalicRegion" ref="http://www.trismegistos.org/place/029480">Moesia inferior</placeName>
                                </origPlace>
                              <origDate notBefore-custom="0101" notAfter-custom="0168" datingMethod="http://en.wikipedia.org/wiki/Julian_calendar">Second century AD, probably during the stationing of the V Macedonica in the fortress of Troesmis, before 168 AD</origDate>
                        </origin>
                        <provenance type="found">  
                            <date>1865</date>
                                <placeName>in one of the two late Roman forts from Troesmis, in the eastern one</placeName> 
                            <placeName type="modernRegion">Tulcea</placeName>
                            <placeName type="modernCountry">Romania</placeName>
                        </provenance>
                    </history>
                </msDesc>
            </sourceDesc>
        </fileDesc>
        <encodingDesc>
            <p>Marked-up according to the EpiDoc Guidelines</p>
            <classDecl>
                <taxonomy>
                    <category xml:id="representation">
                        <catDesc>Digitized other representations</catDesc>
                    </category>
                </taxonomy>
            </classDecl>
        </encodingDesc>
        <profileDesc>
                <textClass>
<keywords>
     <term ref="http://www.eagle-network.eu/voc/typeins/lod/92">Funerary</term></keywords>
    </textClass>

            <langUsage>
                <language ident="ar">Arabic</language>
                <language ident="en">English</language>
                <language ident="fr">French</language>
                <language ident="de">German</language>
                <language ident="grc">Ancient Greek</language>
                <language ident="grc-Latn">Transliterated Greek</language>
                <language ident="el">Modern Greek</language>
                <language ident="he">Hebrew</language>
                <language ident="it">Italian</language>
                <language ident="la">Latin</language>
                <language ident="sp">Spanish</language>
            </langUsage>
        <creation>EAGLE - Europeana Network of Ancient Greek and Latin Epigraphy</creation></profileDesc>
        <revisionDesc>
         <change when="2015-02-26" who="Florian Matei-Popescu">Florian Matei-Popescu</change>
        </revisionDesc>
    </teiHeader>
         <facsimile>

    <graphic n="CIL III 6203_1" url="https://upload.wikimedia.org/wikipedia/commons/c/ce/CIL_III_6203_1.JPG" sameAs="https://commons.wikimedia.org/wiki/File:CIL III 6203_1.JPG">
       <desc> CIL III 6203_1
          <ref type="license" target="http://creativecommons.org/licenses/by-sa/3.0/">Licensed under the Creative Commons Attribution-ShareAlike 3.0 Unported license. </ref>
      </desc>
   </graphic>
    <graphic n=" CIL III 6203_2" url="https://upload.wikimedia.org/wikipedia/commons/1/1d/CIL_III_6203_2.JPG" sameAs="https://commons.wikimedia.org/wiki/File:CIL III 6203_2.JPG">
       <desc>  CIL III 6203_2
          <ref type="license" target="http://creativecommons.org/licenses/by-sa/3.0/">Licensed under the Creative Commons Attribution-ShareAlike 3.0 Unported license. </ref>
      </desc>
   </graphic>
            
        </facsimile>
        
    
    <text>
        <body>
                       
            <div type="bibliography">
                <listBibl>
<bibl>L. Renier, CRAI 1865, p. 299 </bibl><bibl> CIL III 6203 </bibl><bibl> ISM V 193</bibl>
                </listBibl>
            </div>
            
            
            <div type="edition" xml:lang="la"><head>Text</head>
                
  
            

    <ab>
                        <lb n="1"/>
                        
                        
                            
                            <supplied reason="lost">Dis Ma</supplied>nibus <lb n="2"/><supplied reason="lost"><expan><abbr>T</abbr><ex>itus</ex></expan> Ras</supplied>canius <lb n="3"/><supplied reason="lost">For</supplied>tunatus <lb n="4"/><supplied reason="lost">Poll</supplied>ia Faventia <lb n="5"/><supplied reason="lost">medic</supplied>us <expan><abbr>an</abbr><ex>norum</ex></expan> L <expan><abbr>h</abbr><ex>ic</ex></expan> <expan><abbr>s</abbr><ex>itus</ex></expan> <expan><abbr>e</abbr><ex>st</ex></expan> <lb n="6"/><supplied reason="lost">cui m</supplied>on<expan><ex>u</ex><abbr>mentum</abbr></expan> <lb n="7"/><supplied reason="lost">Rasca</supplied>nia Phoebe et <lb n="8"/><supplied reason="lost">Rasca</supplied>nius Eutychu<supplied reason="lost">s</supplied> <lb n="9"/><supplied reason="lost">herede</supplied>s <expan><abbr>f</abbr><ex>aciendum</ex></expan> <expan><abbr>c</abbr><ex>uraverunt</ex></expan> <expan><abbr>h</abbr><ex>oc</ex></expan> <expan><abbr>m</abbr><ex>onumentum</ex></expan> <expan><abbr>h</abbr><ex>eredem</ex></expan> <expan><abbr>n</abbr><ex>on</ex></expan> <expan><abbr>s</abbr><ex>equetur</ex></expan>.
                        
                        
                    </ab>

                
                
            </div>

            

            <div type="commentary">
                <p>Nowadays only the left half of the monument is preserved. The other half disappeared shortly after its discovery.</p>
            </div>

        </body>
    </text>
</TEI>
