<?xml version="1.0" encoding="UTF-8"?>
<TEI xmlns="http://www.tei-c.org/ns/1.0" xml:space="preserve" xml:lang="en">
    <teiHeader>
        <fileDesc>
            <titleStmt>
                <title>Votive on Votive plate</title>
            </titleStmt>  
            <publicationStmt>
                <authority>UNIVERSITATEA BABES BOLYAI</authority>
<idno type="URI">http://inscriptionsfromdacia.altervista.org/text/fm00000174.html</idno>

  <idno type="localID">fm00000174</idno>
<availability>
                    <licence target="http://creativecommons.org/licenses/by-nc-sa/3.0/">
This file is licensed under the Creative Commons Attribution-NonCommercial-ShareAlike 3.0 Unported license.
</licence>
                </availability>
            </publicationStmt>
            <sourceDesc>
                <msDesc>
                    <msIdentifier>
                        <country>
                            <placeName type="modern">Romania</placeName>
                        </country>
                        <region>
                            <placeName type="modern">Tulcea</placeName>
                        </region>
                        <settlement>
                            <placeName>Valea Teilor</placeName>                     
                        </settlement>
                        <repository>Vasile Pârvan Institute of Archaeology, Bucharest</repository>
                        <collection/>
                        <idno/>
                    </msIdentifier>
                    <physDesc>
                        <objectDesc>
                            <supportDesc>
                                <support>
<objectType>Votive plate</objectType>
                                    <material ref="http://www.eagle-network.eu/voc/material/lod/48">Marble</material>
<p/>
                                    <dimensions unit="cm">
                                <height>23</height>
                                         <width/>
                                         <depth>43</depth>
                                             </dimensions>
                                   <rs type="decoration" ref="http://www.eagle-network.eu/voc/decor/lod/2000">yes</rs>
                                    <rs type="statPreserv"/>
                                   </support>
                            </supportDesc>
                            <layoutDesc>
                                <layout>
                                  <rs type="execution"/><dimensions>
                                        <width unit="cm"/>
                                        <height unit="cm"/>
                                    </dimensions>
                                    <rs type="metre">no</rs>
                                </layout>
                            </layoutDesc>
                        </objectDesc>
                        <handDesc>
                            <handNote>
                               Yes
                                <height unit="cm"/>
                            </handNote>
                        </handDesc>
                    </physDesc>
                    <history>
                        <origin>
                            <origPlace>
                           <placeName ref="http://www.trismegistos.org/place/000425"></placeName>
                                <placeName type="provincItalicRegion" ref="http://www.trismegistos.org/place/029480">Moesia inferior</placeName>
                                </origPlace>
                              <origDate notBefore-custom="0218" notAfter-custom="0235" datingMethod="http://en.wikipedia.org/wiki/Julian_calendar">During the reigns of Elagabalus and Severus Alexander</origDate>
                        </origin>
                        <provenance type="found">  
                            <date>1898-1899</date>
                                <placeName>Meidanchioi</placeName> 
                            <placeName type="modernRegion">Tulcea</placeName>
                            <placeName type="modernCountry">Romania</placeName>
                        </provenance>
                    </history>
                </msDesc>
            </sourceDesc>
        </fileDesc>
        <encodingDesc>
            <p>Marked-up according to the EpiDoc Guidelines</p>
            <classDecl>
                <taxonomy>
                    <category xml:id="representation">
                        <catDesc>Digitized other representations</catDesc>
                    </category>
                </taxonomy>
            </classDecl>
        </encodingDesc>
        <profileDesc>
                <textClass>
<keywords>
     <term ref="http://www.eagle-network.eu/voc/typeins/lod/83">Votive</term></keywords>
    </textClass>

            <langUsage>
                <language ident="ar">Arabic</language>
                <language ident="en">English</language>
                <language ident="fr">French</language>
                <language ident="de">German</language>
                <language ident="grc">Ancient Greek</language>
                <language ident="grc-Latn">Transliterated Greek</language>
                <language ident="el">Modern Greek</language>
                <language ident="he">Hebrew</language>
                <language ident="it">Italian</language>
                <language ident="la">Latin</language>
                <language ident="sp">Spanish</language>
            </langUsage>
        <creation>EAGLE - Europeana Network of Ancient Greek and Latin Epigraphy</creation></profileDesc>
        <revisionDesc>
         <change when="2015-02-26" who="Florian Matei-Popescu">Florian Matei-Popescu</change>
        </revisionDesc>
    </teiHeader>
         <facsimile>

   <graphic n="CIL III 14445" url="https://upload.wikimedia.org/wikipedia/commons/1/1e/CIL_III_14445.JPG" sameAs="https://commons.wikimedia.org/wiki/File:CIL III 14445.JPG">
       <desc> CIL III 14445
          <ref type="license" target="http://creativecommons.org/licenses/by-sa/3.0/">Licensed under the Creative Commons Attribution-ShareAlike 3.0 Unported license. </ref>
      </desc>
   </graphic>    
   
            
        </facsimile>
        
    
    <text>
        <body>
                       
            <div type="bibliography">
                <listBibl>
<bibl>Gr. Tocilescu, Fouilles, p. 205-206 </bibl><bibl> CIL III 14445 </bibl><bibl> ISM V 245</bibl>
                </listBibl>
            </div>
            
            
            <div type="edition" xml:lang="la"><head>Text</head>
                
  
            

    <ab>
                        <lb n="1"/>
                        
                        
                            
                            <expan><abbr>I</abbr><ex>ovi</ex></expan> <expan><abbr>O</abbr><ex>ptimo</ex></expan> <expan><abbr>M</abbr><ex>aximo</ex></expan> <lb n="2"/>Doly<supplied reason="lost">c</supplied>heno pro <lb n="3"/>salutem (sic!) <expan><abbr>Imp</abbr><ex>eratoris</ex></expan> <expan><abbr>D</abbr><ex>omini</ex></expan> <expan><abbr>n</abbr><ex>ostri</ex></expan> <expan><abbr>Pi</abbr><ex>i</ex></expan> VS <lb n="4"/>Felicis <expan><abbr>Aug</abbr><ex>usti</ex></expan> S<expan><ex>e</ex><abbr>veri</abbr></expan> <expan><abbr>Alexandr</abbr><ex>i</ex></expan> <lb n="5"/>Luginus <expan><abbr>Dometi</abbr><ex>i</ex></expan> et Aquila <lb n="6"/>Barsemon er Flavius <lb n="7"/>Damas <expan><abbr>sac</abbr><ex>erdotes</ex></expan> templum <lb n="8"/>a solo f<expan><ex>e</ex><abbr>cerunt</abbr></expan>.
                        
                        
                    </ab>

                
                
            </div>

            <div type="apparatus">
                <p>l. 5: Alexandrus - ISM V, with VS written on the l. 4 above; l. 8: fecerunt - ISM V, f(e)cerunt on the stone</p>
            </div>

            
           <div type="translation">
                <p>                    To Jupiter the Good and the Greatest from Doliche, for the good health of the Emperor, our Lord Pius Felix Augustus Severus Alexander, Luginus, the son of Dometius, Aquila Barsemon and Flavius Damas, the priests constructed the temple from the ground.</p>
                    <desc><ref type="license" target="http://creativecommons.org/licenses/by-sa/3.0/">Licensed under a Creative Commons Attribution-ShareAlike 3.0 Unported licence.</ref>
                </desc>
            </div>
            

        </body>
    </text>
</TEI>
