<?xml version="1.0" encoding="UTF-8"?>
<TEI xmlns="http://www.tei-c.org/ns/1.0" xml:space="preserve" xml:lang="en">
    <teiHeader>
        <fileDesc>
            <titleStmt>
                <title>Funerary on Sarcophagus</title>
            </titleStmt>  
            <publicationStmt>
                <authority>UNIVERSITATEA BABES BOLYAI</authority>
<idno type="URI">inscriptionsfromdacia.altervista.org/text/fm00000235.html</idno>

  <idno type="localID">fm00000235</idno>
<availability>
                    <licence target="http://creativecommons.org/licenses/by-nc-sa/3.0/">
This file is licensed under the Creative Commons Attribution-NonCommercial-ShareAlike 3.0 Unported license.
</licence>
                </availability>
            </publicationStmt>
            <sourceDesc>
                <msDesc>
                    <msIdentifier>
                        <country>
                            <placeName type="modern">Romania</placeName>
                        </country>
                        <region>
                            <placeName type="modern">Tulcea</placeName>
                        </region>
                        <settlement>
                            <placeName>Isaccea</placeName>                     
                        </settlement>
                        <repository>Museum of Tulcea</repository>
                        <collection/>
                        <idno/>
                    </msIdentifier>
                    <physDesc>
                        <objectDesc>
                            <supportDesc>
                                <support>
<objectType ref="http://www.eagle-network.eu/voc/objtyp/lod/214">Sarcophagus</objectType>
                                    <material ref="http://www.eagle-network.eu/voc/material/lod/66">Limestone</material>
<p/>
                                    <dimensions unit="cm">
                                <height>80</height>
                                         <width/>
                                         <depth>41</depth>
                                             </dimensions>
                                   <rs type="decoration" ref="http://www.eagle-network.eu/voc/decor/lod/2000">yes</rs>
                                    <rs type="statPreserv">Sarcophagus</rs>
                                   </support>
                            </supportDesc>
                            <layoutDesc>
                                <layout>
                                  <rs type="execution"/><dimensions>
                                        <width unit="cm"/>
                                        <height unit="cm"/>
                                    </dimensions>
                                    <rs type="metre">no</rs>
                                </layout>
                            </layoutDesc>
                        </objectDesc>
                        <handDesc>
                            <handNote>
                               Yes
                                <height unit="cm">4-5</height>
                            </handNote>
                        </handDesc>
                    </physDesc>
                    <history>
                        <origin>
                            <origPlace>
                           <placeName ref="www.trismegistos.org/place/NaN">Noviodunum</placeName>
                                <placeName type="provincItalicRegion" ref="www.trismegistos.org/place/NaN">Moesia inferior</placeName>
                                </origPlace>
                              <origDate notBefore-custom="NaN" notAfter-custom="NaN" datingMethod="http://en.wikipedia.org/wiki/Julian_calendar">Second half of the second century AD</origDate>
                        </origin>
                        <provenance type="found">  
                            <date>1990</date>
                                <placeName>In the ancient necropolis, in the place called "at the two mounds"</placeName> 
                            <placeName type="modernRegion">Tulcea</placeName>
                            <placeName type="modernCountry">Romania</placeName>
                        </provenance>
                    </history>
                </msDesc>
            </sourceDesc>
        </fileDesc>
        <encodingDesc>
            <p>Marked-up according to the EpiDoc Guidelines</p>
            <classDecl>
                <taxonomy>
                    <category xml:id="representation">
                        <catDesc>Digitized other representations</catDesc>
                    </category>
                </taxonomy>
            </classDecl>
        </encodingDesc>
        <profileDesc>
                <textClass>
<keywords>
     <term ref="http://www.eagle-network.eu/voc/typeins/lod/92">Funerary</term></keywords>
    </textClass>

            <langUsage>
                <language ident="ar">Arabic</language>
                <language ident="en">English</language>
                <language ident="fr">French</language>
                <language ident="de">German</language>
                <language ident="grc">Ancient Greek</language>
                <language ident="grc-Latn">Transliterated Greek</language>
                <language ident="el">Modern Greek</language>
                <language ident="he">Hebrew</language>
                <language ident="it">Italian</language>
                <language ident="la">Latin</language>
                <language ident="sp">Spanish</language>
            </langUsage>
        <creation>EAGLE - Europeana Network of Ancient Greek and Latin Epigraphy</creation></profileDesc>
        <revisionDesc>
         <change when="2016-02-04" who="FlorianMatei-Popescu">Florian Matei-Popescu</change>
        </revisionDesc>
    </teiHeader>
        
    
    <text>
        <body>
                       
            <div type="bibliography">
                <listBibl>
<bibl>G. Simion, Dacia, NS 38-39, 1994-1995, p. 123</bibl><bibl> Fl. Matei-Popescu, The Roman Army in Moesia inferior, p. 255.</bibl>
                </listBibl>
            </div>
            
            
            <div type="edition" xml:lang="la"><head>Text</head>
                
  
            

    <ab>
                        <lb n="1"/>
                        
                        
                            
                            <expan><abbr>D</abbr><ex>is</ex></expan> <expan><abbr>M</abbr><ex>anibus</ex></expan> <lb n="2"/>Ulpia Iulia <expan><abbr>vix</abbr><ex>it</ex></expan> <lb n="3"/><expan><abbr>an</abbr><ex>nis</ex></expan> XL <lb n="4"/><expan><abbr>P</abbr><ex>ublius</ex></expan> Aelius Mithres <lb n="5"/><expan><abbr>ark</abbr><ex>arius</ex></expan> <expan><abbr>clas</abbr><ex>is</ex></expan> <expan><abbr>coniug</abbr><ex>i</ex></expan> <lb n="6"/><expan><abbr>b</abbr><ex>ene</ex></expan> <expan><abbr>m</abbr><ex>erenti</ex></expan> <expan><abbr>f</abbr><ex>aciendum</ex></expan> <expan><abbr>c</abbr><ex>uravit</ex></expan>.
                        
                        
                    </ab>

                
                
            </div>

            <div type="apparatus">
                <p>l. 4,T+H; l. 5: I+V, with a smaller V</p>
            </div>

            
           <div type="translation">
                <p>                    To the Gods of the Underworld! Ulpia Iulia who lived forty years. Publius Aelius Mithres the money keeper of the fleet (classis Flavia Moesica) he took care to be done for his well-deserving wife.</p>
                    <desc><ref type="license" target="http://creativecommons.org/licenses/by-sa/3.0/">Licensed under a Creative Commons Attribution-ShareAlike 3.0 Unported licence.</ref>
                </desc>
            </div>
            

        </body>
    </text>
</TEI>
