<?xml version="1.0" encoding="UTF-8"?>
<TEI xmlns="http://www.tei-c.org/ns/1.0" xml:space="preserve" xml:lang="en">
    <teiHeader>
        <fileDesc>
            <titleStmt>
                <title>Funerary on Stele</title>
            </titleStmt>  
            <publicationStmt>
                <authority>UNIVERSITATEA BABES BOLYAI</authority>
<idno type="URI">http://inscriptionsfromdacia.altervista.org/text/fm00000115.html</idno>

  <idno type="localID">fm00000115</idno>
<availability>
                    <licence target="http://creativecommons.org/licenses/by-nc-sa/3.0/">
This file is licensed under the Creative Commons Attribution-NonCommercial-ShareAlike 3.0 Unported license.
</licence>
                </availability>
            </publicationStmt>
            <sourceDesc>
                <msDesc>
                    <msIdentifier>
                        <country>
                            <placeName type="modern">Romania</placeName>
                        </country>
                        <region>
                            <placeName type="modern">Constanța</placeName>
                        </region>
                        <settlement>
                            <placeName>Capidava</placeName>                     
                        </settlement>
                        <repository>Vasile Pârvan Institute of Archaeology, Bucharest</repository>
                        <collection/>
                        <idno/>
                    </msIdentifier>
                    <physDesc>
                        <objectDesc>
                            <supportDesc>
                                <support>
<objectType ref="http://www.eagle-network.eu/voc/objtyp/lod/250">Stele</objectType>
                                    <material ref="http://www.eagle-network.eu/voc/material/lod/66">Limestone</material>
<p/>
                                    <dimensions unit="cm">
                                <height>191</height>
                                         <width>29</width>
                                         <depth>71</depth>
                                             </dimensions>
                                   <rs type="decoration" ref="http://www.eagle-network.eu/voc/decor/lod/2000">yes</rs>
                                    <rs type="statPreserv"/>
                                   </support>
                            </supportDesc>
                            <layoutDesc>
                                <layout>
                                  <rs type="execution"/><dimensions>
                                        <width unit="cm"/>
                                        <height unit="cm"/>
                                    </dimensions>
                                    <rs type="metre">no</rs>
                                </layout>
                            </layoutDesc>
                        </objectDesc>
                        <handDesc>
                            <handNote>
                               
                                <height unit="cm">4-6</height>
                            </handNote>
                        </handDesc>
                    </physDesc>
                    <history>
                        <origin>
                            <origPlace>
                           <placeName ref="http://www.trismegistos.org/place/029996">Capidava</placeName>
                                <placeName type="provincItalicRegion" ref="http://www.trismegistos.org/place/029480">Moesia inferior</placeName>
                                </origPlace>
                              <origDate notBefore-custom="0101" notAfter-custom="0200" datingMethod="http://en.wikipedia.org/wiki/Julian_calendar">Second century AD</origDate>
                        </origin>
                        <provenance type="found">  
                            <date>?</date>
                                <placeName>Capidava</placeName> 
                            <placeName type="modernRegion">Constanța</placeName>
                            <placeName type="modernCountry">Romania</placeName>
                        </provenance>
                    </history>
                </msDesc>
            </sourceDesc>
        </fileDesc>
        <encodingDesc>
            <p>Marked-up according to the EpiDoc Guidelines</p>
            <classDecl>
                <taxonomy>
                    <category xml:id="representation">
                        <catDesc>Digitized other representations</catDesc>
                    </category>
                </taxonomy>
            </classDecl>
        </encodingDesc>
        <profileDesc>
                <textClass>
<keywords>
     <term ref="http://www.eagle-network.eu/voc/typeins/lod/92">Funerary</term></keywords>
    </textClass>

            <langUsage>
                <language ident="ar">Arabic</language>
                <language ident="en">English</language>
                <language ident="fr">French</language>
                <language ident="de">German</language>
                <language ident="grc">Ancient Greek</language>
                <language ident="grc-Latn">Transliterated Greek</language>
                <language ident="el">Modern Greek</language>
                <language ident="he">Hebrew</language>
                <language ident="it">Italian</language>
                <language ident="la">Latin</language>
                <language ident="sp">Spanish</language>
            </langUsage>
        <creation>EAGLE - Europeana Network of Ancient Greek and Latin Epigraphy</creation></profileDesc>
        <revisionDesc>
         <change when="2015-02-26" who="Florian Matei-Popescu">Florian Matei-Popescu</change>
        </revisionDesc>
    </teiHeader>
         <facsimile>

    <graphic n="CIL III 12476_1" url="https://upload.wikimedia.org/wikipedia/commons/e/e9/CIL_III_12476_1.JPG" sameAs="https://commons.wikimedia.org/wiki/File:CIL III 12476_1.JPG">
       <desc> CIL III 12476_1
          <ref type="license" target="http://creativecommons.org/licenses/by-sa/3.0/">Licensed under the Creative Commons Attribution-ShareAlike 3.0 Unported license. </ref>
      </desc>
   </graphic>
    <graphic n=" CIL III 12476_2" url="https://upload.wikimedia.org/wikipedia/commons/3/37/CIL_III_12476_2.jpg" sameAs="https://commons.wikimedia.org/wiki/File:CIL III 12476_2.jpg">
       <desc>  CIL III 12476_2
          <ref type="license" target="http://creativecommons.org/licenses/by-sa/3.0/">Licensed under the Creative Commons Attribution-ShareAlike 3.0 Unported license. </ref>
      </desc>
   </graphic>
    <graphic n=" CIL III 12476_3" url="https://upload.wikimedia.org/wikipedia/commons/5/53/CIL_III_12476_3.JPG" sameAs="https://commons.wikimedia.org/wiki/File:CIL III 12476_3.JPG">
       <desc>  CIL III 12476_3
          <ref type="license" target="http://creativecommons.org/licenses/by-sa/3.0/">Licensed under the Creative Commons Attribution-ShareAlike 3.0 Unported license. </ref>
      </desc>
   </graphic>
            
        </facsimile>
        
    
    <text>
        <body>
                       
            <div type="bibliography">
                <listBibl>
<bibl>Gr. Tocilescu, AEM 19, 1896, p. 89, no. 29 </bibl><bibl> CIL III 14214, 20 </bibl><bibl> Gr. Tocilescu, RIAF 9, 1903, p. 23, no. 29 </bibl><bibl> Gr. Florescu, Capidava I, p. 104-105, no. 26 </bibl><bibl> ISM V 29</bibl>
                </listBibl>
            </div>
            
            
            <div type="edition" xml:lang="la"><head>Text</head>
                
  
            

    <ab>
                        <lb n="1"/>
                        
                        
                            
                            Dis <lb n="2"/>Manibus <lb n="3"/><expan><abbr>Coc</abbr><ex>ceius</ex></expan> Elius <expan><abbr>pos</abbr><ex>uit</ex></expan> <lb n="4"/>vivo suo sibi <lb n="5"/>et Titi<expan><ex>a</ex><abbr>e</abbr></expan> Matri<lb break="no" n="6"/>n<expan><ex>a</ex><abbr>e</abbr></expan> co<expan><ex>n</ex><abbr>iugi</abbr></expan> su<expan><ex>a</ex><abbr>e</abbr></expan> <lb n="7"/>benemerenti qu<lb break="no" n="8"/><expan><ex>a</ex><abbr>e</abbr></expan> vixit <expan><abbr>n<am>n</am></abbr><ex>is</ex></expan> XXX <lb n="9"/>obita ad vil<expan><ex>l</ex><abbr>a</abbr><ex>m</ex></expan> <lb n="10"/><expan><abbr>sua</abbr><ex>m</ex></expan> titulum po<lb break="no" n="11"/>suit.
                        
                        
                    </ab>

                
                
            </div>

            
           <div type="translation">
                <p>                    To the Manes. Cocceius Elius, being alive set the inscription for him and for Titia Matrina, his wife, being worth to be remembered, who lived 30 years and who died at their rural estate.</p>
                    <desc><ref type="license" target="http://creativecommons.org/licenses/by-sa/3.0/">Licensed under a Creative Commons Attribution-ShareAlike 3.0 Unported licence.</ref>
                </desc>
            </div>
            

        </body>
    </text>
</TEI>
