<?xml version="1.0" encoding="UTF-8"?>
<TEI xmlns="http://www.tei-c.org/ns/1.0" xml:space="preserve" xml:lang="en">
    <teiHeader>
        <fileDesc>
            <titleStmt>
                <title>Funerary on Stele</title>
            </titleStmt>  
            <publicationStmt>
                <authority>UNIVERSITATEA BABES BOLYAI</authority>
<idno type="URI">http://inscriptionsfromdacia.altervista.org/text/fm00000137.html</idno>
<idno type="lupa">http://www.ubi-erat-lupa.org/monument.php?id=21033</idno>
  <idno type="localID">fm00000137</idno>
<availability>
                    <licence target="http://creativecommons.org/licenses/by-nc-sa/3.0/">
This file is licensed under the Creative Commons Attribution-NonCommercial-ShareAlike 3.0 Unported license.
</licence>
                </availability>
            </publicationStmt>
            <sourceDesc>
                <msDesc>
                    <msIdentifier>
                        <country>
                            <placeName type="modern">Romania</placeName>
                        </country>
                        <region>
                            <placeName type="modern">Constanța</placeName>
                        </region>
                        <settlement>
                            <placeName>Capidava</placeName>                     
                        </settlement>
                        <repository>Museum of Constanta</repository>
                        <collection/>
                        <idno/>
                    </msIdentifier>
                    <physDesc>
                        <objectDesc>
                            <supportDesc>
                                <support>
<objectType ref="http://www.eagle-network.eu/voc/objtyp/lod/250">Stele</objectType>
                                    <material ref="http://www.eagle-network.eu/voc/material/lod/66">Limestone</material>
<p/>
                                    <dimensions unit="cm">
                                <height>80</height>
                                         <width>27</width>
                                         <depth>90</depth>
                                             </dimensions>
                                   <rs type="decoration" ref="http://www.eagle-network.eu/voc/decor/lod/2000">yes</rs>
                                    <rs type="statPreserv"/>
                                   </support>
                            </supportDesc>
                            <layoutDesc>
                                <layout>
                                  <rs type="execution"/><dimensions>
                                        <width unit="cm"/>
                                        <height unit="cm"/>
                                    </dimensions>
                                    <rs type="metre">no</rs>
                                </layout>
                            </layoutDesc>
                        </objectDesc>
                        <handDesc>
                            <handNote>
                               yes - hederae distinguentes in the upper part
                                <height unit="cm"/>
                            </handNote>
                        </handDesc>
                    </physDesc>
                    <history>
                        <origin>
                            <origPlace>
                           <placeName ref="http://www.trismegistos.org/place/029996">Capidava</placeName>
                                <placeName type="provincItalicRegion" ref="http://www.trismegistos.org/place/029480">Moesia inferior</placeName>
                                </origPlace>
                              <origDate notBefore-custom="0101" notAfter-custom="0200" datingMethod="http://en.wikipedia.org/wiki/Julian_calendar">Second century AD</origDate>
                        </origin>
                        <provenance type="found">  
                            <date>1927-1934</date>
                                <placeName>Reused in the Late Roman fort</placeName> 
                            <placeName type="modernRegion">Constanța</placeName>
                            <placeName type="modernCountry">Romania</placeName>
                        </provenance>
                    </history>
                </msDesc>
            </sourceDesc>
        </fileDesc>
        <encodingDesc>
            <p>Marked-up according to the EpiDoc Guidelines</p>
            <classDecl>
                <taxonomy>
                    <category xml:id="representation">
                        <catDesc>Digitized other representations</catDesc>
                    </category>
                </taxonomy>
            </classDecl>
        </encodingDesc>
        <profileDesc>
                <textClass>
<keywords>
     <term ref="http://www.eagle-network.eu/voc/typeins/lod/92">Funerary</term></keywords>
    </textClass>

            <langUsage>
                <language ident="ar">Arabic</language>
                <language ident="en">English</language>
                <language ident="fr">French</language>
                <language ident="de">German</language>
                <language ident="grc">Ancient Greek</language>
                <language ident="grc-Latn">Transliterated Greek</language>
                <language ident="el">Modern Greek</language>
                <language ident="he">Hebrew</language>
                <language ident="it">Italian</language>
                <language ident="la">Latin</language>
                <language ident="sp">Spanish</language>
            </langUsage>
        <creation>EAGLE - Europeana Network of Ancient Greek and Latin Epigraphy</creation></profileDesc>
        <revisionDesc>
         <change when="2015-02-26" who="Florian Matei-Popescu">Florian Matei-Popescu</change>
        </revisionDesc>
    </teiHeader>
        
    
    <text>
        <body>
                       
            <div type="bibliography">
                <listBibl>
<bibl>Gr. Florescu, Capidava, p. 95-96, no. 18 </bibl><bibl> ISM V 34 </bibl><bibl> AE 1980, 803 </bibl><bibl> Lupa 21033</bibl>
                </listBibl>
            </div>
            
            
            <div type="edition" xml:lang="la"><head>Text</head>
                
  
            

    <ab>
                        <lb n="1"/>
                        
                        
                            
                            <expan><abbr>D</abbr><ex>is</ex></expan> <expan><abbr>M</abbr><ex>anibus</ex></expan> <lb n="2"/>Have domina Ma<lb break="no" n="3"/>musa vixit <expan><abbr>n<am>n</am></abbr><ex>is</ex></expan> XXX <lb n="4"/><expan><abbr>C</abbr><ex>aius</ex></expan> Veturius Tert<lb break="no" n="5"/>ius benemeritae <lb n="6"/>coniugi Iuliae V<lb break="no" n="7"/>eneriae fecit sibi <lb n="8"/>que vivo (sic!) et Vetu<lb break="no" n="9"/>riae Furniae ma<lb break="no" n="10"/>tri carissimae <lb n="11"/>pientissimae <lb n="12"/>posuit.
                        
                        
                    </ab>

                
                
            </div>

            
           <div type="translation">
                <p>                    To the Manes Gods! Hail you Mamusa, domina, who lived 30 years. Caius Veturius Tertius made and raised the monument for his well-deserving wife, Iulia Veneria, for himself, while his was alive, and for Veturia Furnia his beloved and most pious mother.</p>
                    <desc><ref type="license" target="http://creativecommons.org/licenses/by-sa/3.0/">Licensed under a Creative Commons Attribution-ShareAlike 3.0 Unported licence.</ref>
                </desc>
            </div>
            

        </body>
    </text>
</TEI>
