<?xml version="1.0" encoding="UTF-8"?>
<TEI xmlns="http://www.tei-c.org/ns/1.0" xml:space="preserve" xml:lang="en">
    <teiHeader>
        <fileDesc>
            <titleStmt>
                <title>Dedication on Altar</title>
            </titleStmt>  
            <publicationStmt>
                <authority>UNIVERSITATEA BABES BOLYAI</authority>
<idno type="URI">http://inscriptionsfromdacia.altervista.org/text/fm00000009.html</idno>

  <idno type="localID">fm00000009</idno>
<availability>
                    <licence target="http://creativecommons.org/licenses/by-nc-sa/3.0/">
This file is licensed under the Creative Commons Attribution-NonCommercial-ShareAlike 3.0 Unported license.
</licence>
                </availability>
            </publicationStmt>
            <sourceDesc>
                <msDesc>
                    <msIdentifier>
                        <country>
                            <placeName type="modern">Romania</placeName>
                        </country>
                        <region>
                            <placeName type="modern">Tulcea</placeName>
                        </region>
                        <settlement>
                            <placeName>Iglita</placeName>                     
                        </settlement>
                        <repository>Vasile Pârvan Institute of Archaeology, Bucharest</repository>
                        <collection/>
                        <idno/>
                    </msIdentifier>
                    <physDesc>
                        <objectDesc>
                            <supportDesc>
                                <support>
<objectType ref="http://www.eagle-network.eu/voc/objtyp/lod/29">Altar</objectType>
                                    <material ref="http://www.eagle-network.eu/voc/material/lod/66">Limestone</material>
<p/>
                                    <dimensions unit="cm">
                                <height>80</height>
                                         <width>25</width>
                                         <depth>35</depth>
                                             </dimensions>
                                   <rs type="decoration">no</rs>
                                    <rs type="statPreserv"/>
                                   </support>
                            </supportDesc>
                            <layoutDesc>
                                <layout>
                                  <rs type="execution"/><dimensions>
                                        <width unit="cm"/>
                                        <height unit="cm"/>
                                    </dimensions>
                                    <rs type="metre">no</rs>
                                </layout>
                            </layoutDesc>
                        </objectDesc>
                        <handDesc>
                            <handNote>
                               Between words
                                <height unit="cm"/>
                            </handNote>
                        </handDesc>
                    </physDesc>
                    <history>
                        <origin>
                            <origPlace>
                           <placeName ref="http://www.trismegistos.org/place/029965">Troesmis</placeName>
                                <placeName type="provincItalicRegion" ref="http://www.trismegistos.org/place/029480">Moesia inferior</placeName>
                                </origPlace>
                              <origDate notBefore-custom="0177" notAfter-custom="0250" datingMethod="http://en.wikipedia.org/wiki/Julian_calendar">After 177-180, when Troesmis became municipium</origDate>
                        </origin>
                        <provenance type="found">  
                            <date>?</date>
                                <placeName></placeName> 
                            <placeName type="modernRegion">Tulcea</placeName>
                            <placeName type="modernCountry">Romania</placeName>
                        </provenance>
                    </history>
                </msDesc>
            </sourceDesc>
        </fileDesc>
        <encodingDesc>
            <p>Marked-up according to the EpiDoc Guidelines</p>
            <classDecl>
                <taxonomy>
                    <category xml:id="representation">
                        <catDesc>Digitized other representations</catDesc>
                    </category>
                </taxonomy>
            </classDecl>
        </encodingDesc>
        <profileDesc>
                <textClass>
<keywords>
     <term ref="http://www.eagle-network.eu/voc/typeins/lod/79">Dedication</term></keywords>
    </textClass>

            <langUsage>
                <language ident="ar">Arabic</language>
                <language ident="en">English</language>
                <language ident="fr">French</language>
                <language ident="de">German</language>
                <language ident="grc">Ancient Greek</language>
                <language ident="grc-Latn">Transliterated Greek</language>
                <language ident="el">Modern Greek</language>
                <language ident="he">Hebrew</language>
                <language ident="it">Italian</language>
                <language ident="la">Latin</language>
                <language ident="sp">Spanish</language>
            </langUsage>
        <creation>EAGLE - Europeana Network of Ancient Greek and Latin Epigraphy</creation></profileDesc>
        <revisionDesc>
         <change when="2015-02-26" who="Florian Matei-Popescu">Florian Matei-Popescu</change>
        </revisionDesc>
    </teiHeader>
         <facsimile>

    <graphic n="CIL III 7504_1" url="https://upload.wikimedia.org/wikipedia/commons/7/7c/CIL_III_7504_1.JPG" sameAs="https://commons.wikimedia.org/wiki/File:CIL III 7504_1.JPG">
       <desc> CIL III 7504_1
          <ref type="license" target="http://creativecommons.org/licenses/by-sa/3.0/">Licensed under the Creative Commons Attribution-ShareAlike 3.0 Unported license. </ref>
      </desc>
   </graphic>
    <graphic n=" CIL III 7504_2" url="https://upload.wikimedia.org/wikipedia/commons/f/f0/CIL_III_7504_2.jpg" sameAs="https://commons.wikimedia.org/wiki/File:CIL III 7504_2.jpg">
       <desc>  CIL III 7504_2
          <ref type="license" target="http://creativecommons.org/licenses/by-sa/3.0/">Licensed under the Creative Commons Attribution-ShareAlike 3.0 Unported license. </ref>
      </desc>
   </graphic>
            
        </facsimile>
        
    
    <text>
        <body>
                       
            <div type="bibliography">
                <listBibl>
<bibl>CIL III 7504 </bibl><bibl> ILS 7184 </bibl><bibl> ISM V 148</bibl>
                </listBibl>
            </div>
            
            
            <div type="edition" xml:lang="la"><head>Text</head>
                
  
            

    <ab>
                        <lb n="1"/>
                        
                        
                            
                            <expan><abbr>M</abbr><ex>arco</ex></expan> <expan><abbr>Ulp</abbr><ex>io</ex></expan> Marciano <lb n="2"/><expan><abbr>vet</abbr><ex>erano</ex></expan> ex <expan><abbr>s</abbr><ex>ingulari</ex></expan> <expan><abbr>c</abbr><ex>onsularis</ex></expan> <expan><abbr>a</abbr><ex>lae</ex></expan> I <expan><abbr>D</abbr><ex>ardanorum</ex></expan> <lb n="3"/><expan><abbr>pont</abbr><ex>ifici</ex></expan> II viro q<expan><ex>uin</ex><abbr>q</abbr><ex>uennali</ex></expan> <lb n="4"/><expan><abbr>m</abbr><ex>unicipi</ex></expan> <expan><abbr>Tr</abbr><ex>oesmensis</ex></expan> Marcii An<lb break="no" n="5"/>tistius Rufu<supplied reason="lost">s</supplied> <lb n="6"/><expan><abbr>pontif</abbr><ex>ex</ex></expan> et Antistius Domitius <expan><ex>a</ex><abbr>ed</abbr><ex>ilis</ex></expan> <expan><abbr>q</abbr><ex>uaestor</ex></expan> <lb n="7"/>fratres <lb n="8"/><expan><abbr>o</abbr><ex>ptimo</ex></expan> <expan><abbr>v</abbr><ex>iro</ex></expan>
                        
                        
                    </ab>

                
                
            </div>

            

        </body>
    </text>
</TEI>
