<?xml version="1.0" encoding="UTF-8"?>
<TEI xmlns="http://www.tei-c.org/ns/1.0" xml:space="preserve" xml:lang="en">
    <teiHeader>
        <fileDesc>
            <titleStmt>
                <title>Votive on Altar</title>
            </titleStmt>  
            <publicationStmt>
                <authority>UNIVERSITATEA BABES BOLYAI</authority>
<idno type="URI">http://inscriptionsfromdacia.altervista.org/text/fm00000153.html</idno>
<idno type="lupa">http://www.ubi-erat-lupa.org/monument.php?id=21129</idno>
  <idno type="localID">fm00000153</idno>
<availability>
                    <licence target="http://creativecommons.org/licenses/by-nc-sa/3.0/">
This file is licensed under the Creative Commons Attribution-NonCommercial-ShareAlike 3.0 Unported license.
</licence>
                </availability>
            </publicationStmt>
            <sourceDesc>
                <msDesc>
                    <msIdentifier>
                        <country>
                            <placeName type="modern">Romania</placeName>
                        </country>
                        <region>
                            <placeName type="modern">Constanța</placeName>
                        </region>
                        <settlement>
                            <placeName>Pantelimonul de Sus</placeName>                     
                        </settlement>
                        <repository>Museum of Histria</repository>
                        <collection/>
                        <idno/>
                    </msIdentifier>
                    <physDesc>
                        <objectDesc>
                            <supportDesc>
                                <support>
<objectType ref="http://www.eagle-network.eu/voc/objtyp/lod/29">Altar</objectType>
                                    <material ref="http://www.eagle-network.eu/voc/material/lod/66">Limestone</material>
<p/>
                                    <dimensions unit="cm">
                                <height>104</height>
                                         <width>42</width>
                                         <depth>45</depth>
                                             </dimensions>
                                   <rs type="decoration">no</rs>
                                    <rs type="statPreserv"/>
                                   </support>
                            </supportDesc>
                            <layoutDesc>
                                <layout>
                                  <rs type="execution"/><dimensions>
                                        <width unit="cm"/>
                                        <height unit="cm"/>
                                    </dimensions>
                                    <rs type="metre">no</rs>
                                </layout>
                            </layoutDesc>
                        </objectDesc>
                        <handDesc>
                            <handNote>
                               No
                                <height unit="cm">2.54.5</height>
                            </handNote>
                        </handDesc>
                    </physDesc>
                    <history>
                        <origin>
                            <origPlace>
                           <placeName ref="http://www.trismegistos.org/place/030024">Ulmetum</placeName>
                                <placeName type="provincItalicRegion" ref="http://www.trismegistos.org/place/029480">Moesia inferior</placeName>
                                </origPlace>
                              <origDate notBefore-custom="0195" notAfter-custom="0195" datingMethod="http://en.wikipedia.org/wiki/Julian_calendar">195 AD</origDate>
                        </origin>
                        <provenance type="found">  
                            <date>1913</date>
                                <placeName>Reused in the Late Roman fort</placeName> 
                            <placeName type="modernRegion">Constanța</placeName>
                            <placeName type="modernCountry">Romania</placeName>
                        </provenance>
                    </history>
                </msDesc>
            </sourceDesc>
        </fileDesc>
        <encodingDesc>
            <p>Marked-up according to the EpiDoc Guidelines</p>
            <classDecl>
                <taxonomy>
                    <category xml:id="representation">
                        <catDesc>Digitized other representations</catDesc>
                    </category>
                </taxonomy>
            </classDecl>
        </encodingDesc>
        <profileDesc>
                <textClass>
<keywords>
     <term ref="http://www.eagle-network.eu/voc/typeins/lod/83">Votive</term></keywords>
    </textClass>

            <langUsage>
                <language ident="ar">Arabic</language>
                <language ident="en">English</language>
                <language ident="fr">French</language>
                <language ident="de">German</language>
                <language ident="grc">Ancient Greek</language>
                <language ident="grc-Latn">Transliterated Greek</language>
                <language ident="el">Modern Greek</language>
                <language ident="he">Hebrew</language>
                <language ident="it">Italian</language>
                <language ident="la">Latin</language>
                <language ident="sp">Spanish</language>
            </langUsage>
        <creation>EAGLE - Europeana Network of Ancient Greek and Latin Epigraphy</creation></profileDesc>
        <revisionDesc>
         <change when="2015-02-26" who="Florian Matei-Popescu">Florian Matei-Popescu</change>
        </revisionDesc>
    </teiHeader>
        
    
    <text>
        <body>
                       
            <div type="bibliography">
                <listBibl>
<bibl>V. Pârvan, Ulmetum II, 2, p. 368-371, no. 17 </bibl><bibl> AE 1922, 69 </bibl><bibl> ISM V 92 </bibl><bibl> ISM II 134 </bibl><bibl> Lupa 21129</bibl>
                </listBibl>
            </div>
            
            
            <div type="edition" xml:lang="la"><head>Text</head>
                
  
            

    <ab>
                        <lb n="1"/>
                        
                        
                            
                            <expan><abbr>I</abbr><ex>ovi</ex></expan> <expan><abbr>O</abbr><ex>ptimo</ex></expan> <expan><abbr>M</abbr><ex>aximo</ex></expan> <expan><abbr>S</abbr><ex>acrum</ex></expan> <lb n="2"/><expan><abbr>pr</abbr><ex>o</ex></expan> <expan><abbr>s</abbr><ex>alute</ex></expan> <expan><abbr>Imp</abbr><ex>eratoris</ex></expan> <expan><abbr>Lu</abbr><ex>cio</ex></expan> <lb n="3"/>Septumnio (sic!) <lb n="4"/><expan><abbr>Sever</abbr><ex>o</ex></expan> Aelius <lb n="5"/>Aelianus <expan><abbr>m</abbr><ex>a</ex></expan><lb break="no" n="6"/>gistratus vi<lb break="no" n="7"/>ci Clementia<lb break="no" n="8"/>nesces ara de <expan><abbr>su</abbr><ex>o</ex></expan> p<expan><ex>o</ex><abbr>suit</abbr></expan> <lb n="9"/><expan><abbr>Tertull</abbr><ex>o</ex></expan> er Cl<expan><ex>e</ex><abbr>men</abbr></expan><lb break="no" n="10"/>ti co<expan><ex>n</ex><abbr>s</abbr><ex>ulibus</ex></expan>.
                        
                        
                    </ab>

                
                
            </div>

            
           <div type="translation">
                <p>                    Offering to Jupiter the Good and the Greatest, for the good health of the Emperor Lucius Septumnius Severus, Aelius Aelianus, mayor of the Clementianensis vicus, raised the altar on his own expenses in the year of the consuls Tertullus and Clemens.</p>
                    <desc><ref type="license" target="http://creativecommons.org/licenses/by-sa/3.0/">Licensed under a Creative Commons Attribution-ShareAlike 3.0 Unported licence.</ref>
                </desc>
            </div>
            

        </body>
    </text>
</TEI>
