<?xml version="1.0" encoding="UTF-8"?>
<TEI xmlns="http://www.tei-c.org/ns/1.0" xml:space="preserve" xml:lang="en">
    <teiHeader>
        <fileDesc>
            <titleStmt>
                <title>Honorific on Altar</title>
            </titleStmt>  
            <publicationStmt>
                <authority>UNIVERSITATEA BABES BOLYAI</authority>
<idno type="URI">http://inscriptionsfromdacia.altervista.org/text/fm00000109.html</idno>

  <idno type="localID">fm00000109</idno>
<availability>
                    <licence target="http://creativecommons.org/licenses/by-nc-sa/3.0/">
This file is licensed under the Creative Commons Attribution-NonCommercial-ShareAlike 3.0 Unported license.
</licence>
                </availability>
            </publicationStmt>
            <sourceDesc>
                <msDesc>
                    <msIdentifier>
                        <country>
                            <placeName type="modern">Romania</placeName>
                        </country>
                        <region>
                            <placeName type="modern">Tulcea</placeName>
                        </region>
                        <settlement>
                            <placeName>Iglita</placeName>                     
                        </settlement>
                        <repository>Vasile Pârvan Institute of Archaeology, Bucharest</repository>
                        <collection/>
                        <idno/>
                    </msIdentifier>
                    <physDesc>
                        <objectDesc>
                            <supportDesc>
                                <support>
<objectType ref="http://www.eagle-network.eu/voc/objtyp/lod/29">Altar</objectType>
                                    <material ref="http://www.eagle-network.eu/voc/material/lod/66">Limestone</material>
<p/>
                                    <dimensions unit="cm">
                                <height>161</height>
                                         <width>50-5</width>
                                         <depth>50</depth>
                                             </dimensions>
                                   <rs type="decoration">no</rs>
                                    <rs type="statPreserv"/>
                                   </support>
                            </supportDesc>
                            <layoutDesc>
                                <layout>
                                  <rs type="execution"/><dimensions>
                                        <width unit="cm"/>
                                        <height unit="cm"/>
                                    </dimensions>
                                    <rs type="metre">no</rs>
                                </layout>
                            </layoutDesc>
                        </objectDesc>
                        <handDesc>
                            <handNote>
                               
                                <height unit="cm">3-4</height>
                            </handNote>
                        </handDesc>
                    </physDesc>
                    <history>
                        <origin>
                            <origPlace>
                           <placeName ref="http://www.trismegistos.org/place/029965">Troesmis, West Fortress</placeName>
                                <placeName type="provincItalicRegion" ref="http://www.trismegistos.org/place/029480">Moesia inferior</placeName>
                                </origPlace>
                              <origDate notBefore-custom="0151" notAfter-custom="0154" datingMethod="http://en.wikipedia.org/wiki/Julian_calendar">151- 154 AD</origDate>
                        </origin>
                        <provenance type="found">  
                            <date>1939</date>
                                <placeName>Turcoaia</placeName> 
                            <placeName type="modernRegion">Tulcea</placeName>
                            <placeName type="modernCountry">Romania</placeName>
                        </provenance>
                    </history>
                </msDesc>
            </sourceDesc>
        </fileDesc>
        <encodingDesc>
            <p>Marked-up according to the EpiDoc Guidelines</p>
            <classDecl>
                <taxonomy>
                    <category xml:id="representation">
                        <catDesc>Digitized other representations</catDesc>
                    </category>
                </taxonomy>
            </classDecl>
        </encodingDesc>
        <profileDesc>
                <textClass>
<keywords>
     <term ref="http://www.eagle-network.eu/voc/typeins/lod/69">Honorific</term></keywords>
    </textClass>

            <langUsage>
                <language ident="ar">Arabic</language>
                <language ident="en">English</language>
                <language ident="fr">French</language>
                <language ident="de">German</language>
                <language ident="grc">Ancient Greek</language>
                <language ident="grc-Latn">Transliterated Greek</language>
                <language ident="el">Modern Greek</language>
                <language ident="he">Hebrew</language>
                <language ident="it">Italian</language>
                <language ident="la">Latin</language>
                <language ident="sp">Spanish</language>
            </langUsage>
        <creation>EAGLE - Europeana Network of Ancient Greek and Latin Epigraphy</creation></profileDesc>
        <revisionDesc>
         <change when="2015-02-26" who="Florian Matei-Popescu">Florian Matei-Popescu</change>
        </revisionDesc>
    </teiHeader>
        
    
    <text>
        <body>
                       
            <div type="bibliography">
                <listBibl>
<bibl>R. Vulpe, SCIV 4, 1953, 3-4, p. 557-562, no. 1 </bibl><bibl> S. Lambrino, RévÉtRoum 2, 1954, p. 96-101 </bibl><bibl> AE 1957, 266 </bibl><bibl> ISM V 155</bibl>
                </listBibl>
            </div>
            
            
            <div type="edition" xml:lang="la"><head>Text</head>
                
  
            

    <ab>
                        <lb n="1"/>
                        
                        
                            
                            <supplied reason="lost">I. O. M. sacrum</supplied> <lb n="2"/>[pro <expan><abbr>sal</abbr><ex>ute</ex></expan> <expan><abbr>Imp</abbr><ex>eratoris</ex></expan> T. <expan><abbr>Ael</abbr><ex>ii</ex></expan> Ha<lb break="no" n="3"/>driani Antonini <expan><abbr>Aug</abbr><ex>usti</ex></expan> Pii et <lb n="4"/><expan><abbr>Aur</abbr><ex>elii</ex></expan> Veri <expan><abbr>Caes</abbr><ex>ari</ex></expan>] <lb n="5"/>sub Fuficio Cornu<lb break="no" n="6"/>to <expan><abbr>leg</abbr><ex>ato</ex></expan> <expan><abbr>Aug</abbr><ex>usti</ex></expan> pr pr de<lb break="no" n="7"/>dicante Q. Caecilio <lb n="8"/>Reddito <expan><abbr>leg</abbr><ex>ato</ex></expan> <expan><abbr>Aug</abbr><ex>usti</ex></expan> T. <lb n="9"/><expan><abbr>Fl</abbr><ex>avius</ex></expan> Alexander <expan><abbr>vet</abbr><ex>eranus</ex></expan> <lb n="10"/><expan><abbr>leg</abbr><ex>ionis</ex></expan> V <expan><abbr>Mac</abbr><ex>edonicae</ex></expan> domo <expan><abbr>Fab</abbr><ex>ia</ex></expan> <lb n="11"/><expan><abbr>Ancyr</abbr><ex>a</ex></expan> q<expan><ex>uin</ex><abbr>q</abbr><ex>uennalis</ex></expan> <expan><abbr>canaben</abbr><ex>sium</ex></expan> <lb n="12"/>cum Iulia Florenti<lb break="no" n="13"/>na uxore et Flavio A<lb break="no" n="14"/>lexandro, Valente, <lb n="15"/>Pisone, Maximilla, Res<lb break="no" n="16"/>pecta fili<expan><ex>i</ex><abbr>s</abbr></expan> <expan><abbr>d</abbr><ex>e</ex></expan> <expan><abbr>s</abbr><ex>uo</ex></expan> <expan><abbr>p</abbr><ex>osuit</ex></expan> item (denarios) <lb n="17"/>CCL ob <expan><abbr>honor</abbr><ex>em</ex></expan> q<expan><ex>uin</ex><abbr>q</abbr><ex>uennalitatis</ex></expan> cu<lb break="no" n="18"/>riae donavit ex <expan><abbr>quor</abbr><ex>um</ex></expan> <lb n="19"/>incre[mentis sportulae<certainty match="preceding-sibling::node()" locus="value"/> <lb n="20"/>dividerentur<certainty match="preceding-sibling::node()" locus="value"/>] om<supplied reason="lost">nibus decuriniobus<certainty locus="name" match="preceding-sibling::text()" cert="low"/>...</supplied>
                        
                        
                    </ab>

                
                
            </div>

            

        </body>
    </text>
</TEI>
