<?xml version="1.0" encoding="UTF-8"?>
<TEI xmlns="http://www.tei-c.org/ns/1.0" xml:space="preserve" xml:lang="en">
    <teiHeader>
        <fileDesc>
            <titleStmt>
                <title>Dedication on Altar or statue base</title>
            </titleStmt>  
            <publicationStmt>
                <authority>UNIVERSITATEA BABES BOLYAI</authority>
<idno type="URI">http://inscriptionsfromdacia.altervista.org/text/fm00000029.html</idno>

  <idno type="localID">fm00000029</idno>
<availability>
                    <licence target="http://creativecommons.org/licenses/by-nc-sa/3.0/">
This file is licensed under the Creative Commons Attribution-NonCommercial-ShareAlike 3.0 Unported license.
</licence>
                </availability>
            </publicationStmt>
            <sourceDesc>
                <msDesc>
                    <msIdentifier>
                        <country>
                            <placeName type="modern">Romania</placeName>
                        </country>
                        <region>
                            <placeName type="modern">Olt</placeName>
                        </region>
                        <settlement>
                            <placeName>Celei/Corabia</placeName>                     
                        </settlement>
                        <repository>Vasile Pârvan Institute of Archaeology, Bucharest</repository>
                        <collection/>
                        <idno/>
                    </msIdentifier>
                    <physDesc>
                        <objectDesc>
                            <supportDesc>
                                <support>
<objectType ref="http://www.eagle-network.eu/voc/objtyp/lod/30">Altar or statue base</objectType>
                                    <material ref="http://www.eagle-network.eu/voc/material/lod/502">Sandstone</material>
<p/>
                                    <dimensions unit="cm">
                                <height>95</height>
                                         <width>25</width>
                                         <depth>50</depth>
                                             </dimensions>
                                   <rs type="decoration">no</rs>
                                    <rs type="statPreserv"/>
                                   </support>
                            </supportDesc>
                            <layoutDesc>
                                <layout>
                                  <rs type="execution"/><dimensions>
                                        <width unit="cm"/>
                                        <height unit="cm"/>
                                    </dimensions>
                                    <rs type="metre">no</rs>
                                </layout>
                            </layoutDesc>
                        </objectDesc>
                        <handDesc>
                            <handNote>
                               Between words
                                <height unit="cm"/>
                            </handNote>
                        </handDesc>
                    </physDesc>
                    <history>
                        <origin>
                            <origPlace>
                           <placeName ref="http://www.trismegistos.org/place/029841">Sucidava</placeName>
                                <placeName type="provincItalicRegion" ref="http://www.trismegistos.org/place/042766">Dacia inferior</placeName>
                                </origPlace>
                              <origDate notBefore-custom="0180" notAfter-custom="0192" datingMethod="http://en.wikipedia.org/wiki/Julian_calendar">The reign of Commodus</origDate>
                        </origin>
                        <provenance type="found">  
                            <date>1872</date>
                                <placeName>in the Late Roman ruins</placeName> 
                            <placeName type="modernRegion">Olt</placeName>
                            <placeName type="modernCountry">Romania</placeName>
                        </provenance>
                    </history>
                </msDesc>
            </sourceDesc>
        </fileDesc>
        <encodingDesc>
            <p>Marked-up according to the EpiDoc Guidelines</p>
            <classDecl>
                <taxonomy>
                    <category xml:id="representation">
                        <catDesc>Digitized other representations</catDesc>
                    </category>
                </taxonomy>
            </classDecl>
        </encodingDesc>
        <profileDesc>
                <textClass>
<keywords>
     <term ref="http://www.eagle-network.eu/voc/typeins/lod/79">Dedication</term></keywords>
    </textClass>

            <langUsage>
                <language ident="ar">Arabic</language>
                <language ident="en">English</language>
                <language ident="fr">French</language>
                <language ident="de">German</language>
                <language ident="grc">Ancient Greek</language>
                <language ident="grc-Latn">Transliterated Greek</language>
                <language ident="el">Modern Greek</language>
                <language ident="he">Hebrew</language>
                <language ident="it">Italian</language>
                <language ident="la">Latin</language>
                <language ident="sp">Spanish</language>
            </langUsage>
        <creation>EAGLE - Europeana Network of Ancient Greek and Latin Epigraphy</creation></profileDesc>
        <revisionDesc>
         <change when="2015-02-26" who="Florian Matei-Popescu">Florian Matei-Popescu</change>
        </revisionDesc>
    </teiHeader>
         <facsimile>

    <graphic n="CIL III 8042_1" url="https://upload.wikimedia.org/wikipedia/commons/4/4e/CIL_III_8042_1.jpg" sameAs="https://commons.wikimedia.org/wiki/File:CIL III 8042_1.jpg">
       <desc> CIL III 8042_1
          <ref type="license" target="http://creativecommons.org/licenses/by-sa/3.0/">Licensed under the Creative Commons Attribution-ShareAlike 3.0 Unported license. </ref>
      </desc>
   </graphic>
    <graphic n=" CIL III 8042_2" url="https://upload.wikimedia.org/wikipedia/commons/5/5d/CIL_III_8042_2.JPG" sameAs="https://commons.wikimedia.org/wiki/File:CIL III 8042_2.JPG">
       <desc>  CIL III 8042_2
          <ref type="license" target="http://creativecommons.org/licenses/by-sa/3.0/">Licensed under the Creative Commons Attribution-ShareAlike 3.0 Unported license. </ref>
      </desc>
   </graphic>
    <graphic n=" CIL III 8042_3" url="https://upload.wikimedia.org/wikipedia/commons/6/6a/CIL_III_8042_3.jpg" sameAs="https://commons.wikimedia.org/wiki/File:CIL III 8042_3.jpg">
       <desc>  CIL III 8042_3
          <ref type="license" target="http://creativecommons.org/licenses/by-sa/3.0/">Licensed under the Creative Commons Attribution-ShareAlike 3.0 Unported license. </ref>
      </desc>
   </graphic>
            
        </facsimile>
        
    
    <text>
        <body>
                       
            <div type="bibliography">
                <listBibl>
<bibl>CIL III 8042 = IDR II 188</bibl><bibl> I. Piso, Fasti Daciae II, p. 189-197, no. 94=126</bibl>
                </listBibl>
            </div>
            
            
            <div type="edition" xml:lang="la"><head>Text</head>
                
  
            

    <ab>
                        <lb n="1"/>
                        
                        
                            
                            <supplied reason="lost"><expan><abbr>Imp</abbr><ex>eratori</ex></expan> <expan><abbr>Caes</abbr><ex>ari</ex></expan></supplied> <expan><abbr>M</abbr><ex>arco</ex></expan> A<supplied reason="lost"><expan><abbr>ur</abbr><ex>elio</ex></expan></supplied> <lb n="2"/>Commodo Ant<supplied reason="lost">o</supplied><lb break="no" n="3"/>nino <expan><abbr>Aug</abbr><ex>usto</ex></expan> sub c<supplied reason="lost">u</supplied><lb break="no" n="4"/>ra <expan><abbr>Cl</abbr><ex>audii</ex></expan> Xenophon<lb break="no" n="5"/>tis <expan><abbr>proc</abbr><ex>uratoris</ex></expan> <expan><abbr>Aug</abbr><ex>usti</ex></expan> <lb n="6"/>Zoticus er Sal<supplied reason="lost">vi</supplied><lb break="no" n="7"/>anus <expan><abbr>ser</abbr><ex>vi</ex></expan> vi<supplied reason="lost"><expan><abbr>l</abbr><ex>ici</ex></expan></supplied> <lb n="8"/>posue<supplied reason="lost">runt</supplied>.
                        
                        
                    </ab>

                
                
            </div>

            

        </body>
    </text>
</TEI>
