<?xml version="1.0" encoding="UTF-8"?>
<TEI xmlns="http://www.tei-c.org/ns/1.0" xml:space="preserve" xml:lang="en">
    <teiHeader>
        <fileDesc>
            <titleStmt>
                <title>Dedication on Base or altar</title>
            </titleStmt>  
            <publicationStmt>
                <authority>UNIVERSITATEA BABES BOLYAI</authority>
<idno type="URI">http://inscriptionsfromdacia.altervista.org/text/fm00000126.html</idno>

  <idno type="localID">fm00000126</idno>
<availability>
                    <licence target="http://creativecommons.org/licenses/by-nc-sa/3.0/">
This file is licensed under the Creative Commons Attribution-NonCommercial-ShareAlike 3.0 Unported license.
</licence>
                </availability>
            </publicationStmt>
            <sourceDesc>
                <msDesc>
                    <msIdentifier>
                        <country>
                            <placeName type="modern">Romania</placeName>
                        </country>
                        <region>
                            <placeName type="modern">Tulcea</placeName>
                        </region>
                        <settlement>
                            <placeName>Iglita</placeName>                     
                        </settlement>
                        <repository>Vasile Pârvan Institute of Archaeology, Bucharest</repository>
                        <collection/>
                        <idno/>
                    </msIdentifier>
                    <physDesc>
                        <objectDesc>
                            <supportDesc>
                                <support>
<objectType ref="http://www.eagle-network.eu/voc/objtyp/lod/30">Base or altar</objectType>
                                    <material ref="http://www.eagle-network.eu/voc/material/lod/66">Limestone</material>
<p/>
                                    <dimensions unit="cm">
                                <height>70</height>
                                         <width>18</width>
                                         <depth>25</depth>
                                             </dimensions>
                                   <rs type="decoration">no</rs>
                                    <rs type="statPreserv"/>
                                   </support>
                            </supportDesc>
                            <layoutDesc>
                                <layout>
                                  <rs type="execution"/><dimensions>
                                        <width unit="cm"/>
                                        <height unit="cm"/>
                                    </dimensions>
                                    <rs type="metre">no</rs>
                                </layout>
                            </layoutDesc>
                        </objectDesc>
                        <handDesc>
                            <handNote>
                               
                                <height unit="cm">2.5</height>
                            </handNote>
                        </handDesc>
                    </physDesc>
                    <history>
                        <origin>
                            <origPlace>
                           <placeName ref="http://www.trismegistos.org/place/029965">Troesmis</placeName>
                                <placeName type="provincItalicRegion" ref="http://www.trismegistos.org/place/029480">Moesia inferior</placeName>
                                </origPlace>
                              <origDate notBefore-custom="0180" notAfter-custom="0250" datingMethod="http://en.wikipedia.org/wiki/Julian_calendar">After 177-181, when the municipium Trpesmense was founded, but probably not after the middle of the third century</origDate>
                        </origin>
                        <provenance type="found">  
                            <date>1861</date>
                                <placeName>In the so-called western fort from Troesmis</placeName> 
                            <placeName type="modernRegion">Tulcea</placeName>
                            <placeName type="modernCountry">Romania</placeName>
                        </provenance>
                    </history>
                </msDesc>
            </sourceDesc>
        </fileDesc>
        <encodingDesc>
            <p>Marked-up according to the EpiDoc Guidelines</p>
            <classDecl>
                <taxonomy>
                    <category xml:id="representation">
                        <catDesc>Digitized other representations</catDesc>
                    </category>
                </taxonomy>
            </classDecl>
        </encodingDesc>
        <profileDesc>
                <textClass>
<keywords>
     <term ref="http://www.eagle-network.eu/voc/typeins/lod/79">Dedication</term></keywords>
    </textClass>

            <langUsage>
                <language ident="ar">Arabic</language>
                <language ident="en">English</language>
                <language ident="fr">French</language>
                <language ident="de">German</language>
                <language ident="grc">Ancient Greek</language>
                <language ident="grc-Latn">Transliterated Greek</language>
                <language ident="el">Modern Greek</language>
                <language ident="he">Hebrew</language>
                <language ident="it">Italian</language>
                <language ident="la">Latin</language>
                <language ident="sp">Spanish</language>
            </langUsage>
        <creation>EAGLE - Europeana Network of Ancient Greek and Latin Epigraphy</creation></profileDesc>
        <revisionDesc>
         <change when="2015-02-26" who="Florian Matei-Popescu">Florian Matei-Popescu</change>
        </revisionDesc>
    </teiHeader>
         <facsimile>

    <graphic n="CIL III 12481_1" url="https://upload.wikimedia.org/wikipedia/commons/a/aa/CIL_III_12481_1.JPG" sameAs="https://commons.wikimedia.org/wiki/File:CIL III 12481_1.JPG">
       <desc> CIL III 12481_1
          <ref type="license" target="http://creativecommons.org/licenses/by-sa/3.0/">Licensed under the Creative Commons Attribution-ShareAlike 3.0 Unported license. </ref>
      </desc>
   </graphic>
    <graphic n=" CIL III 12481_2" url="https://upload.wikimedia.org/wikipedia/commons/1/14/CIL_III_12481_2.jpg" sameAs="https://commons.wikimedia.org/wiki/File:CIL III 12481_2.jpg">
       <desc>  CIL III 12481_2
          <ref type="license" target="http://creativecommons.org/licenses/by-sa/3.0/">Licensed under the Creative Commons Attribution-ShareAlike 3.0 Unported license. </ref>
      </desc>
   </graphic>

    <graphic n=" CIL III 12481_3" url="https://upload.wikimedia.org/wikipedia/commons/b/b2/CIL_III_12481_3.JPG" sameAs="https://commons.wikimedia.org/wiki/File:CIL_III_12481_3.jpg">
       <desc>  CIL III 12481_2
          <ref type="license" target="http://creativecommons.org/licenses/by-sa/3.0/">Licensed under the Creative Commons Attribution-ShareAlike 3.0 Unported license. </ref>
      </desc>
   </graphic>

    <graphic n=" CIL III 12481_4" url="https://upload.wikimedia.org/wikipedia/commons/0/06/CIL_III_12481_4.JPG" sameAs="https://commons.wikimedia.org/wiki/File:CIL_III_12481_4.jpg">
       <desc>  CIL III 12481_2
          <ref type="license" target="http://creativecommons.org/licenses/by-sa/3.0/">Licensed under the Creative Commons Attribution-ShareAlike 3.0 Unported license. </ref>
      </desc>
   </graphic>
            
        </facsimile>
        
    
    <text>
        <body>
                       
            <div type="bibliography">
                <listBibl>
<bibl>Gr. Tocilescu, AEM 14, 1891, p. 19, no. 43 </bibl><bibl> CIL III 12481 (6199) </bibl><bibl> ISM V 149</bibl>
                </listBibl>
            </div>
            
            
            <div type="edition" xml:lang="la"><head>Text</head>
                
  
            

    <ab>
                        <lb n="1"/>
                        
                        
                            
                            <gap reason="lost" extent="unknown" unit="character"/>C<gap reason="lost" extent="unknown" unit="character"/> <lb n="2"/>.o <expan><abbr>dec</abbr><ex>urioni</ex></expan>, <expan><abbr>q</abbr><ex>uaestori</ex></expan> <supplied reason="lost">mu</supplied><lb break="no" n="3"/><expan><abbr>n</abbr><ex>icipii</ex></expan> <expan><abbr>Troesm</abbr><ex>ensium</ex></expan> <lb n="4"/><expan><abbr>Iul</abbr><ex>ius</ex></expan> Saturni<lb break="no" n="5"/>5 nus, <expan><abbr>q</abbr><ex>uaestor</ex></expan> muni<lb break="no" n="6"/><expan><abbr>cipi</abbr><ex>i</ex></expan> eiusde<lb break="no" n="7"/>m, <expan><abbr>o</abbr><ex>ptimo</ex></expan> colleg<expan><ex>a</ex><abbr>e</abbr></expan>
                        
                        
                    </ab>

                
                
            </div>

            

        </body>
    </text>
</TEI>
