<?xml version="1.0" encoding="UTF-8"?>
<TEI xmlns="http://www.tei-c.org/ns/1.0" xml:space="preserve" xml:lang="en">
    <teiHeader>
        <fileDesc>
            <titleStmt>
                <title>Dedication on Altar</title>
            </titleStmt>  
            <publicationStmt>
                <authority>UNIVERSITATEA BABES BOLYAI</authority>
<idno type="URI">http://inscriptionsfromdacia.altervista.org/text/fm00000037.html</idno>

  <idno type="localID">fm00000037</idno>
<availability>
                    <licence target="http://creativecommons.org/licenses/by-nc-sa/3.0/">
This file is licensed under the Creative Commons Attribution-NonCommercial-ShareAlike 3.0 Unported license.
</licence>
                </availability>
            </publicationStmt>
            <sourceDesc>
                <msDesc>
                    <msIdentifier>
                        <country>
                            <placeName type="modern">Romania</placeName>
                        </country>
                        <region>
                            <placeName type="modern">Tulcea</placeName>
                        </region>
                        <settlement>
                            <placeName>Iglita</placeName>                     
                        </settlement>
                        <repository>Vasile Pârvan Institute of Archaeology, Bucharest</repository>
                        <collection/>
                        <idno/>
                    </msIdentifier>
                    <physDesc>
                        <objectDesc>
                            <supportDesc>
                                <support>
<objectType ref="http://www.eagle-network.eu/voc/objtyp/lod/29">Altar</objectType>
                                    <material ref="http://www.eagle-network.eu/voc/material/lod/66">Limestone</material>
<p/>
                                    <dimensions unit="cm">
                                <height>161</height>
                                         <width>52</width>
                                         <depth>50</depth>
                                             </dimensions>
                                   <rs type="decoration">no</rs>
                                    <rs type="statPreserv"/>
                                   </support>
                            </supportDesc>
                            <layoutDesc>
                                <layout>
                                  <rs type="execution"/><dimensions>
                                        <width unit="cm"/>
                                        <height unit="cm"/>
                                    </dimensions>
                                    <rs type="metre">no</rs>
                                </layout>
                            </layoutDesc>
                        </objectDesc>
                        <handDesc>
                            <handNote>
                               
                                <height unit="cm">3.5</height>
                            </handNote>
                        </handDesc>
                    </physDesc>
                    <history>
                        <origin>
                            <origPlace>
                           <placeName ref="http://www.trismegistos.org/place/029965">Troesmis</placeName>
                                <placeName type="provincItalicRegion" ref="http://www.trismegistos.org/place/029480">Moesia inferior</placeName>
                                </origPlace>
                              <origDate notBefore-custom="0151" notAfter-custom="0154" datingMethod="http://en.wikipedia.org/wiki/Julian_calendar">151-154, when Q. Fuficius Cornutus was governor of the Lower Moesia</origDate>
                        </origin>
                        <provenance type="found">  
                            <date>1939</date>
                                <placeName>in one of the two late Roman forts from Troesmis, in the western one</placeName> 
                            <placeName type="modernRegion">Tulcea</placeName>
                            <placeName type="modernCountry">Romania</placeName>
                        </provenance>
                    </history>
                </msDesc>
            </sourceDesc>
        </fileDesc>
        <encodingDesc>
            <p>Marked-up according to the EpiDoc Guidelines</p>
            <classDecl>
                <taxonomy>
                    <category xml:id="representation">
                        <catDesc>Digitized other representations</catDesc>
                    </category>
                </taxonomy>
            </classDecl>
        </encodingDesc>
        <profileDesc>
                <textClass>
<keywords>
     <term ref="http://www.eagle-network.eu/voc/typeins/lod/79">Dedication</term></keywords>
    </textClass>

            <langUsage>
                <language ident="ar">Arabic</language>
                <language ident="en">English</language>
                <language ident="fr">French</language>
                <language ident="de">German</language>
                <language ident="grc">Ancient Greek</language>
                <language ident="grc-Latn">Transliterated Greek</language>
                <language ident="el">Modern Greek</language>
                <language ident="he">Hebrew</language>
                <language ident="it">Italian</language>
                <language ident="la">Latin</language>
                <language ident="sp">Spanish</language>
            </langUsage>
        <creation>EAGLE - Europeana Network of Ancient Greek and Latin Epigraphy</creation></profileDesc>
        <revisionDesc>
         <change when="2015-02-26" who="Florian Matei-Popescu">Florian Matei-Popescu</change>
        </revisionDesc>
    </teiHeader>
         <facsimile>

    <graphic n="AE 1957, 266_1" sameAs="https://commons.wikimedia.org/wiki/File:AE 1957, 266_1.JPG" url="https://upload.wikimedia.org/wikipedia/commons/a/ae/AE_1957%2C_266_1.JPG">
       <desc> AE 1957, 266_1
          <ref type="license" target="http://creativecommons.org/licenses/by-sa/3.0/">Licensed under the Creative Commons Attribution-ShareAlike 3.0 Unported license. </ref>
      </desc>
   </graphic>
    <graphic n=" AE 1957, 266_2" url="https://upload.wikimedia.org/wikipedia/commons/1/17/AE_1957%2C_266_2.jpg" sameAs="https://commons.wikimedia.org/wiki/File:AE 1957, 266_2.jpg">
       <desc>  AE 1957, 266_2
          <ref type="license" target="http://creativecommons.org/licenses/by-sa/3.0/">Licensed under the Creative Commons Attribution-ShareAlike 3.0 Unported license. </ref>
      </desc>
   </graphic>
            
        </facsimile>
        
    
    <text>
        <body>
                       
            <div type="bibliography">
                <listBibl>
<bibl>R. Vulpe, SCIV 4, 1953, 3-4, p. 557-562 </bibl><bibl> S. Lambrino, RévÉtRoum 2, 1954, p. 96-101 </bibl><bibl> AE 1957, 266 </bibl><bibl> ISM V 155</bibl>
                </listBibl>
            </div>
            
            
            <div type="edition" xml:lang="la"><head>Text</head>
                
  
            

    <ab>
                        <lb n="1"/>
                        
                        
                            
                            <supplied reason="lost">I. O. M. sacrum</supplied> <lb n="2"/>[pro <expan><abbr>sal</abbr><ex>ute</ex></expan> <expan><abbr>Imp</abbr><ex>eratoris</ex></expan> T. <expan><abbr>Ael</abbr><ex>ii</ex></expan> Ha <lb n="3"/>driani Antonini <expan><abbr>Aug</abbr><ex>usti</ex></expan> Pii et <lb n="4"/><expan><abbr>Aur</abbr><ex>elii</ex></expan> Veri <expan><abbr>Caes</abbr><ex>ari</ex></expan>] <lb n="5"/>sub Fuficio Cornu<lb break="no" n="6"/>to <expan><abbr>leg</abbr><ex>ato</ex></expan> <expan><abbr>Aug</abbr><ex>usti</ex></expan> <expan><abbr>pr</abbr><ex>o</ex></expan> <expan><abbr>pr</abbr><ex>raetore</ex></expan> de<lb break="no" n="7"/>dicante Q. Caecilio Reddito <expan><abbr>leg</abbr><ex>ato</ex></expan> <expan><abbr>Aug</abbr><ex>usti</ex></expan> <expan><abbr>T</abbr><ex>itus</ex></expan> <lb n="8"/><expan><abbr>Fl</abbr><ex>avius</ex></expan> Alexander vet<expan><ex>eranus</ex><abbr>leg</abbr><ex>ionis</ex></expan> V <expan><abbr>Mac</abbr><ex>edonicae</ex></expan> domo <expan><abbr>Fab</abbr><ex>ia</ex></expan> <lb n="9"/><expan><abbr>Ancyr</abbr><ex>a</ex></expan> q<expan><ex>uin</ex><abbr>q</abbr><ex>uennalis</ex></expan> <expan><abbr>canaben</abbr><ex>sium</ex></expan> <lb n="10"/>cum Iulia Florenti<lb break="no" n="11"/>na uxore et Flavio A<lb break="no" n="12"/>lexandro, Valente, <lb n="13"/>Pisone, Maximilla, Res<lb break="no" n="14"/>pecta fili<expan><ex>i</ex><abbr>s</abbr></expan> <expan><abbr>d</abbr><ex>e</ex></expan> <expan><abbr>s</abbr><ex>uo</ex></expan> <expan><abbr>p</abbr><ex>osuit</ex></expan> item (denarios) <lb n="15"/>CCL ob <expan><abbr>honor</abbr><ex>em</ex></expan> q<expan><ex>uin</ex><abbr>q</abbr><ex>uennalitatis</ex></expan> cu<lb break="no" n="16"/>riae donavit ex <expan><abbr>quor</abbr><ex>um</ex></expan> <lb n="17"/>incre[mentis sportulae<certainty match="preceding-sibling::node()" locus="value"/> <lb n="18"/>dividerentur<certainty match="preceding-sibling::node()" locus="value"/>] om[nibus <lb n="19"/>decurionibus<certainty match="preceding-sibling::node()" locus="value"/>...]
                        
                        
                    </ab>

                
                
            </div>

            

        </body>
    </text>
</TEI>
