<?xml version="1.0" encoding="UTF-8"?>
<TEI xmlns="http://www.tei-c.org/ns/1.0" xml:space="preserve" xml:lang="en">
    <teiHeader>
        <fileDesc>
            <titleStmt>
                <title>Funerary Inscriptions</title>
            </titleStmt>  
            <publicationStmt>
                <authority>UNIVERSITATEA BABES BOLYAI</authority>
<idno type="URI">http://inscriptionsfromdacia.altervista.org/text/fm00000030.html</idno>

  <idno type="localID">fm00000030</idno>
<availability>
                    <licence target="http://creativecommons.org/licenses/by-nc-sa/3.0/">
This file is licensed under the Creative Commons Attribution-NonCommercial-ShareAlike 3.0 Unported license.
</licence>
                </availability>
            </publicationStmt>
            <sourceDesc>
                <msDesc>
                    <msIdentifier>
                        <country>
                            <placeName type="modern">Romania</placeName>
                        </country>
                        <region>
                            <placeName type="modern">Constanța</placeName>
                        </region>
                        <settlement>
                            <placeName>Constanta</placeName>                     
                        </settlement>
                        <repository>Vasile Pârvan Institute of Archaeology, Bucharest</repository>
                        <collection/>
                        <idno/>
                    </msIdentifier>
                    <physDesc>
                        <objectDesc>
                            <supportDesc>
                                <support>
<objectType>?</objectType>
                                    <material ref="http://www.eagle-network.eu/voc/material/lod/48">Marble</material>
<p/>
                                    <dimensions unit="cm">
                                <height>43</height>
                                         <width>25</width>
                                         <depth>30</depth>
                                             </dimensions>
                                   <rs type="decoration">no</rs>
                                    <rs type="statPreserv"/>
                                   </support>
                            </supportDesc>
                            <layoutDesc>
                                <layout>
                                  <rs type="execution"/><dimensions>
                                        <width unit="cm"/>
                                        <height unit="cm"/>
                                    </dimensions>
                                    <rs type="metre">no</rs>
                                </layout>
                            </layoutDesc>
                        </objectDesc>
                        <handDesc>
                            <handNote>
                               Between words
                                <height unit="cm">4.5</height>
                            </handNote>
                        </handDesc>
                    </physDesc>
                    <history>
                        <origin>
                            <origPlace>
                           <placeName ref="http://www.trismegistos.org/place/007773">Tomis</placeName>
                                <placeName type="provincItalicRegion" ref="http://www.trismegistos.org/place/029480">Moesia inferior</placeName>
                                </origPlace>
                              <origDate notBefore-custom="0101" notAfter-custom="0280" datingMethod="http://en.wikipedia.org/wiki/Julian_calendar">Second-third century</origDate>
                        </origin>
                        <provenance type="found">  
                            <date>?</date>
                                <placeName></placeName> 
                            <placeName type="modernRegion">Constanța</placeName>
                            <placeName type="modernCountry">Romania</placeName>
                        </provenance>
                    </history>
                </msDesc>
            </sourceDesc>
        </fileDesc>
        <encodingDesc>
            <p>Marked-up according to the EpiDoc Guidelines</p>
            <classDecl>
                <taxonomy>
                    <category xml:id="representation">
                        <catDesc>Digitized other representations</catDesc>
                    </category>
                </taxonomy>
            </classDecl>
        </encodingDesc>
        <profileDesc>
                <textClass>
<keywords>
     <term>Funerary ?</term></keywords>
    </textClass>

            <langUsage>
                <language ident="ar">Arabic</language>
                <language ident="en">English</language>
                <language ident="fr">French</language>
                <language ident="de">German</language>
                <language ident="grc">Ancient Greek</language>
                <language ident="grc-Latn">Transliterated Greek</language>
                <language ident="el">Modern Greek</language>
                <language ident="he">Hebrew</language>
                <language ident="it">Italian</language>
                <language ident="la">Latin</language>
                <language ident="sp">Spanish</language>
            </langUsage>
        <creation>EAGLE - Europeana Network of Ancient Greek and Latin Epigraphy</creation></profileDesc>
        <revisionDesc>
         <change when="2015-02-26" who="Florian Matei-Popescu">Florian Matei-Popescu</change>
        </revisionDesc>
    </teiHeader>
         <facsimile>

    <graphic n="MCA 2, 1956, p. 614, no. 150_1" url="https://upload.wikimedia.org/wikipedia/commons/9/91/MCA_2%2C_1956%2C_p._614%2C_no._150_1.jpg" sameAs="https://commons.wikimedia.org/wiki/File:MCA 2, 1956, p. 614, no. 150_1.jpg">
       <desc> MCA 2, 1956, p. 614, no. 150_1
          <ref type="license" target="http://creativecommons.org/licenses/by-sa/3.0/">Licensed under the Creative Commons Attribution-ShareAlike 3.0 Unported license. </ref>
      </desc>
   </graphic>
    <graphic n=" MCA 2, 1956, p. 614, no. 150_2" url="https://upload.wikimedia.org/wikipedia/commons/e/e8/MCA_2%2C_1956%2C_p._614%2C_no._150_2.JPG" sameAs="https://commons.wikimedia.org/wiki/File:MCA 2, 1956, p. 614, no. 150_2.jpg">
       <desc>  MCA 2, 1956, p. 614, no. 150_2
          <ref type="license" target="http://creativecommons.org/licenses/by-sa/3.0/">Licensed under the Creative Commons Attribution-ShareAlike 3.0 Unported license. </ref>
      </desc>
   </graphic>
            
        </facsimile>
        
    
    <text>
        <body>
                       
            <div type="bibliography">
                <listBibl>
<bibl>D. Tudor, MCA 2, 1956, p. 614, no. 150, fig. 18a</bibl>
                </listBibl>
            </div>
            
            
            <div type="edition" xml:lang="la"><head>Text</head>
                
  
            

    <ab>
                        <lb n="1"/>
                        
                        
                            
                            <supplied reason="lost">traces of letters</supplied> <lb n="2"/><supplied reason="lost" cert="low"> ... Muca</supplied>por <expan><abbr>ev</abbr><ex>ocatus</ex></expan> vel -pore <expan><abbr>7</abbr><ex>centurione</ex></expan> vel <expan><abbr>v</abbr><ex>eterano</ex></expan> <expan><abbr>leg</abbr><ex>ionis</ex></expan> V <supplied reason="lost"><expan><abbr>Mac</abbr><ex>edonicae</ex></expan> ... </supplied> <lb n="3"/><supplied reason="lost" cert="low"> ... o</supplied>minis Ian
                        
                        
                    </ab>

                
                
            </div>

            <div type="apparatus">
                <p>l. 2: [Muca]por ev(ocatus), Tudor</p>
            </div>

            

            <div type="commentary">
                <p>It seems that it is no room for the reading ev(ocatus) on the stone. The presumed V should have been smaller than the other letters and there are not so much evocati legionis attested after Hadrian's reign. There are no clear indication that the inscription should date from the second half of the first century AD and, therefore, a better solution is to see here the sign for centurion, or to read v(eterano).</p>
            </div>

        </body>
    </text>
</TEI>
