<?xml version="1.0" encoding="UTF-8"?>
<TEI xmlns="http://www.tei-c.org/ns/1.0" xml:space="preserve" xml:lang="en">
    <teiHeader>
        <fileDesc>
            <titleStmt>
                <title>Funerary on Statue base and statue</title>
            </titleStmt>  
            <publicationStmt>
                <authority>UNIVERSITATEA BABES BOLYAI</authority>
<idno type="URI">inscriptionsfromdacia.altervista.org/text/fm00000233.html</idno>

  <idno type="localID">fm00000233</idno>
<availability>
                    <licence target="http://creativecommons.org/licenses/by-nc-sa/3.0/">
This file is licensed under the Creative Commons Attribution-NonCommercial-ShareAlike 3.0 Unported license.
</licence>
                </availability>
            </publicationStmt>
            <sourceDesc>
                <msDesc>
                    <msIdentifier>
                        <country>
                            <placeName type="modern">Romania</placeName>
                        </country>
                        <region>
                            <placeName type="modern">Olt</placeName>
                        </region>
                        <settlement>
                            <placeName>Reșca</placeName>                     
                        </settlement>
                        <repository>National Museum for the History of Romania, Bucharest</repository>
                        <collection/>
                        <idno/>
                    </msIdentifier>
                    <physDesc>
                        <objectDesc>
                            <supportDesc>
                                <support>
<objectType>Statue base and statue</objectType>
                                    <material ref="http://www.eagle-network.eu/voc/material/lod/48">Marble</material>
<p/>
                                    <dimensions unit="cm">
                                <height>20</height>
                                         <width>14.5</width>
                                         <depth>17</depth>
                                             </dimensions>
                                   <rs type="decoration" ref="http://www.eagle-network.eu/voc/decor/lod/2000">yes</rs>
                                    <rs type="statPreserv">Statue base and statue</rs>
                                   </support>
                            </supportDesc>
                            <layoutDesc>
                                <layout>
                                  <rs type="execution"/><dimensions>
                                        <width unit="cm"/>
                                        <height unit="cm"/>
                                    </dimensions>
                                    <rs type="metre">no</rs>
                                </layout>
                            </layoutDesc>
                        </objectDesc>
                        <handDesc>
                            <handNote>
                               Yes
                                <height unit="cm">1.7</height>
                            </handNote>
                        </handDesc>
                    </physDesc>
                    <history>
                        <origin>
                            <origPlace>
                           <placeName ref="www.trismegistos.org/place/NaN">Romula</placeName>
                                <placeName type="provincItalicRegion" ref="www.trismegistos.org/place/NaN">Dacia inferior</placeName>
                                </origPlace>
                              <origDate notBefore-custom="NaN" notAfter-custom="NaN" datingMethod="http://en.wikipedia.org/wiki/Julian_calendar">Second half of the second century - first half of the third century AD</origDate>
                        </origin>
                        <provenance type="found">  
                            <date>1870</date>
                                <placeName>In the Roman fortification</placeName> 
                            <placeName type="modernRegion">Olt</placeName>
                            <placeName type="modernCountry">Romania</placeName>
                        </provenance>
                    </history>
                </msDesc>
            </sourceDesc>
        </fileDesc>
        <encodingDesc>
            <p>Marked-up according to the EpiDoc Guidelines</p>
            <classDecl>
                <taxonomy>
                    <category xml:id="representation">
                        <catDesc>Digitized other representations</catDesc>
                    </category>
                </taxonomy>
            </classDecl>
        </encodingDesc>
        <profileDesc>
                <textClass>
<keywords>
     <term ref="http://www.eagle-network.eu/voc/typeins/lod/92">Funerary</term></keywords>
    </textClass>

            <langUsage>
                <language ident="ar">Arabic</language>
                <language ident="en">English</language>
                <language ident="fr">French</language>
                <language ident="de">German</language>
                <language ident="grc">Ancient Greek</language>
                <language ident="grc-Latn">Transliterated Greek</language>
                <language ident="el">Modern Greek</language>
                <language ident="he">Hebrew</language>
                <language ident="it">Italian</language>
                <language ident="la">Latin</language>
                <language ident="sp">Spanish</language>
            </langUsage>
        <creation>EAGLE - Europeana Network of Ancient Greek and Latin Epigraphy</creation></profileDesc>
        <revisionDesc>
         <change when="2016-02-04" who="FlorianMatei-Popescu">Florian Matei-Popescu</change>
        </revisionDesc>
    </teiHeader>
        
    
    <text>
        <body>
                       
            <div type="bibliography">
                <listBibl>
<bibl>CIL III 8027 = ILS 4074</bibl><bibl> G. Bordenache, Sculture greche et romane, Bucharest, 1969, p. 79-80, no. 157 (tab. LXVII)</bibl><bibl> I. Berciu, C. C. Petolescu, Les cultes orientaux, p. 39, no. 26</bibl><bibl> IDR II 340</bibl>
                </listBibl>
            </div>
            
            
            <div type="edition" xml:lang="la"><head>Text</head>
                
  
            

    <ab>
                        <lb n="1"/>
                        
                        
                            
                            Turmasgada <lb n="2"/><expan><abbr>Max</abbr><ex>imus</ex></expan> Maximinus et <lb n="3"/>Iulianus Maximinus <lb n="4"/>ex voto <expan><abbr>pos</abbr><ex>uerunt</ex></expan>
                        
                        
                    </ab>

                
                
            </div>

            
           <div type="translation">
                <p>                    For Turmasgada. Maximus Maximinus and Iulianus Maximinus, set up according to their vow.</p>
                    <desc><ref type="license" target="http://creativecommons.org/licenses/by-sa/3.0/">Licensed under a Creative Commons Attribution-ShareAlike 3.0 Unported licence.</ref>
                </desc>
            </div>
            

            <div type="commentary">
                <p>The total height, with the aquila statue: 50 cm. Compose of two conjoint fragments, the head and the wright wing of the bird were broken.</p>
            </div>

        </body>
    </text>
</TEI>
