<?xml version="1.0" encoding="UTF-8"?>
<TEI xmlns="http://www.tei-c.org/ns/1.0" xml:space="preserve" xml:lang="en">
    <teiHeader>
        <fileDesc>
            <titleStmt>
                <title>Funerary on Stele</title>
            </titleStmt>  
            <publicationStmt>
                <authority>UNIVERSITATEA BABES BOLYAI</authority>
<idno type="URI">http://inscriptionsfromdacia.altervista.org/text/fm00000025.html</idno>

  <idno type="localID">fm00000025</idno>
<availability>
                    <licence target="http://creativecommons.org/licenses/by-nc-sa/3.0/">
This file is licensed under the Creative Commons Attribution-NonCommercial-ShareAlike 3.0 Unported license.
</licence>
                </availability>
            </publicationStmt>
            <sourceDesc>
                <msDesc>
                    <msIdentifier>
                        <country>
                            <placeName type="modern">Romania</placeName>
                        </country>
                        <region>
                            <placeName type="modern">Constanta</placeName>
                        </region>
                        <settlement>
                            <placeName>Constanta</placeName>                     
                        </settlement>
                        <repository>Vasile Pârvan Institute of Archaeology, Bucharest</repository>
                        <collection/>
                        <idno/>
                    </msIdentifier>
                    <physDesc>
                        <objectDesc>
                            <supportDesc>
                                <support>
<objectType ref="http://www.eagle-network.eu/voc/objtyp/lod/250">Stele</objectType>
                                    <material ref="http://www.eagle-network.eu/voc/material/lod/66">Limestone</material>
<p/>
                                    <dimensions unit="cm">
                                <height>186</height>
                                         <width>28</width>
                                         <depth>87</depth>
                                             </dimensions>
                                   <rs type="decoration" ref="http://www.eagle-network.eu/voc/decor/lod/2000">yes</rs>
                                    <rs type="statPreserv"/>
                                   </support>
                            </supportDesc>
                            <layoutDesc>
                                <layout>
                                  <rs type="execution"/><dimensions>
                                        <width unit="cm"/>
                                        <height unit="cm"/>
                                    </dimensions>
                                    <rs type="metre">no</rs>
                                </layout>
                            </layoutDesc>
                        </objectDesc>
                        <handDesc>
                            <handNote>
                               
                                <height unit="cm">5-6</height>
                            </handNote>
                        </handDesc>
                    </physDesc>
                    <history>
                        <origin>
                            <origPlace>
                           <placeName ref="http://www.trismegistos.org/place/007773">Tomis</placeName>
                                <placeName type="provincItalicRegion" ref="http://www.trismegistos.org/place/029480">Moesia inferior</placeName>
                                </origPlace>
                              <origDate notBefore-custom="0106" notAfter-custom="0200" datingMethod="http://en.wikipedia.org/wiki/Julian_calendar">Probably second century, after Ratiaria became colonia civium Romanorum</origDate>
                        </origin>
                        <provenance type="found">  
                            <date>1861</date>
                                <placeName>During the construction of the railway station</placeName> 
                            <placeName type="modernRegion">Constanta</placeName>
                            <placeName type="modernCountry">Romania</placeName>
                        </provenance>
                    </history>
                </msDesc>
            </sourceDesc>
        </fileDesc>
        <encodingDesc>
            <p>Marked-up according to the EpiDoc Guidelines</p>
            <classDecl>
                <taxonomy>
                    <category xml:id="representation">
                        <catDesc>Digitized other representations</catDesc>
                    </category>
                </taxonomy>
            </classDecl>
        </encodingDesc>
        <profileDesc>
                <textClass>
<keywords>
     <term ref="http://www.eagle-network.eu/voc/typeins/lod/92">Funerary</term></keywords>
    </textClass>

            <langUsage>
                <language ident="ar">Arabic</language>
                <language ident="en">English</language>
                <language ident="fr">French</language>
                <language ident="de">German</language>
                <language ident="grc">Ancient Greek</language>
                <language ident="grc-Latn">Transliterated Greek</language>
                <language ident="el">Modern Greek</language>
                <language ident="he">Hebrew</language>
                <language ident="it">Italian</language>
                <language ident="la">Latin</language>
                <language ident="sp">Spanish</language>
            </langUsage>
        <creation>EAGLE - Europeana Network of Ancient Greek and Latin Epigraphy</creation></profileDesc>
        <revisionDesc>
         <change when="2015-02-26" who="Florian Matei-Popescu">Florian Matei-Popescu</change>
        </revisionDesc>
    </teiHeader>
         <facsimile>

    <graphic n="CIL III 6156_1" url="https://upload.wikimedia.org/wikipedia/commons/f/f1/CIL_III_6156_1.JPG" sameAs="https://commons.wikimedia.org/wiki/File:CIL III 6156_1.jpg">
       <desc> CIL III 6156_1
          <ref type="license" target="http://creativecommons.org/licenses/by-sa/3.0/">Licensed under the Creative Commons Attribution-ShareAlike 3.0 Unported license. </ref>
      </desc>
   </graphic>
    <graphic n=" CIL III 6156_2" url="https://upload.wikimedia.org/wikipedia/commons/a/aa/CIL_III_6156_2.JPG" sameAs="https://commons.wikimedia.org/wiki/File:CIL III 6156_2.jpg">
       <desc>  CIL III 6156_2
          <ref type="license" target="http://creativecommons.org/licenses/by-sa/3.0/">Licensed under the Creative Commons Attribution-ShareAlike 3.0 Unported license. </ref>
      </desc>
   </graphic>
            
        </facsimile>
        
    
    <text>
        <body>
                       
            <div type="bibliography">
                <listBibl>
<bibl>CIL III 6156 </bibl><bibl> ISM II 302</bibl>
                </listBibl>
            </div>
            
            
            <div type="edition" xml:lang="la"><head>Text</head>
                
  
            

    <ab>
                        <lb n="1"/>
                        
                        
                            
                            <expan><abbr>D</abbr><ex>is</ex></expan> <expan><abbr>M</abbr><ex>anibus</ex></expan> <lb n="2"/>Catiliae Respe<lb break="no" n="3"/>ctae domo Ratia<lb break="no" n="4"/>ria ob memoriam <lb n="5"/>Senproniae (sic!) Rufinae <lb n="6"/>filiae eius et Allidi Se<lb break="no" n="7"/>cundini nepotis eius <lb n="8"/>Cai Allidi Rufinus et <lb n="9"/>Rufus <lb n="10"/>aviae suae et <lb n="11"/>matri et fratri dul<lb break="no" n="12"/>cis<supplied reason="lost">sim</supplied>is per Allidium Ru<lb break="no" n="13"/>fum p<supplied reason="lost">atre</supplied>m suum faciendum curav<lb break="no" n="14"/><supplied reason="lost">eru</supplied>nt.
                        
                        
                    </ab>

                
                
            </div>

            

        </body>
    </text>
</TEI>
