<?xml version="1.0" encoding="UTF-8"?>
<TEI xmlns="http://www.tei-c.org/ns/1.0" xml:space="preserve" xml:lang="en">
    <teiHeader>
        <fileDesc>
            <titleStmt>
                <title>Dedication on Altar</title>
            </titleStmt>  
            <publicationStmt>
                <authority>UNIVERSITATEA BABES BOLYAI</authority>
<idno type="URI">http://inscriptionsfromdacia.altervista.org/text/fm00000003.html</idno>

  <idno type="localID">fm00000003</idno>
<availability>
                    <licence target="http://creativecommons.org/licenses/by-nc-sa/3.0/">
This file is licensed under the Creative Commons Attribution-NonCommercial-ShareAlike 3.0 Unported license.
</licence>
                </availability>
            </publicationStmt>
            <sourceDesc>
                <msDesc>
                    <msIdentifier>
                        <country>
                            <placeName type="modern">Romania</placeName>
                        </country>
                        <region>
                            <placeName type="modern">Constanta</placeName>
                        </region>
                        <settlement>
                            <placeName>Adamclisi</placeName>                     
                        </settlement>
                        <repository>Museum of Adamclisi</repository>
                        <collection/>
                        <idno/>
                    </msIdentifier>
                    <physDesc>
                        <objectDesc>
                            <supportDesc>
                                <support>
<objectType ref="http://www.eagle-network.eu/voc/objtyp/lod/29">Altar</objectType>
                                    <material ref="http://www.eagle-network.eu/voc/material/lod/66">Limestone</material>
<p/>
                                    <dimensions unit="cm">
                                <height>79</height>
                                         <width>22</width>
                                         <depth>44</depth>
                                             </dimensions>
                                   <rs type="decoration" ref="http://www.eagle-network.eu/voc/decor/lod/2000">yes</rs>
                                    <rs type="statPreserv"/>
                                   </support>
                            </supportDesc>
                            <layoutDesc>
                                <layout>
                                  <rs type="execution"/><dimensions>
                                        <width unit="cm"/>
                                        <height unit="cm"/>
                                    </dimensions>
                                    <rs type="metre">no</rs>
                                </layout>
                            </layoutDesc>
                        </objectDesc>
                        <handDesc>
                            <handNote>
                               
                                <height unit="cm">3.3</height>
                            </handNote>
                        </handDesc>
                    </physDesc>
                    <history>
                        <origin>
                            <origPlace>
                           <placeName ref="http://www.trismegistos.org/place/029865">Tropaeum Traiani</placeName>
                                <placeName type="provincItalicRegion" ref="http://www.trismegistos.org/place/029480">Moesia inferior</placeName>
                                </origPlace>
                              <origDate notBefore-custom="0201" notAfter-custom="0240" datingMethod="http://en.wikipedia.org/wiki/Julian_calendar">The first decades of the third century</origDate>
                        </origin>
                        <provenance type="found">  
                            <date>?</date>
                                <placeName>Turkish cemetery from Cherem-Guisu</placeName> 
                            <placeName type="modernRegion">Constanta</placeName>
                            <placeName type="modernCountry">Romania</placeName>
                        </provenance>
                    </history>
                </msDesc>
            </sourceDesc>
        </fileDesc>
        <encodingDesc>
            <p>Marked-up according to the EpiDoc Guidelines</p>
            <classDecl>
                <taxonomy>
                    <category xml:id="representation">
                        <catDesc>Digitized other representations</catDesc>
                    </category>
                </taxonomy>
            </classDecl>
        </encodingDesc>
        <profileDesc>
                <textClass>
<keywords>
     <term ref="http://www.eagle-network.eu/voc/typeins/lod/79">Dedication</term></keywords>
    </textClass>

            <langUsage>
                <language ident="ar">Arabic</language>
                <language ident="en">English</language>
                <language ident="fr">French</language>
                <language ident="de">German</language>
                <language ident="grc">Ancient Greek</language>
                <language ident="grc-Latn">Transliterated Greek</language>
                <language ident="el">Modern Greek</language>
                <language ident="he">Hebrew</language>
                <language ident="it">Italian</language>
                <language ident="la">Latin</language>
                <language ident="sp">Spanish</language>
            </langUsage>
        <creation>EAGLE - Europeana Network of Ancient Greek and Latin Epigraphy</creation></profileDesc>
        <revisionDesc>
         <change when="2015-02-26" who="Florian Matei-Popescu">Florian Matei-Popescu</change>
        </revisionDesc>
    </teiHeader>
         <facsimile>

    <graphic n="CIL III 12461_1" url="https://upload.wikimedia.org/wikipedia/commons/0/0b/CIL_III_12461_1.jpg" sameAs="https://commons.wikimedia.org/wiki/File:CIL III 12461_1.jpg">
       <desc> CIL III 12461_1
          <ref type="license" target="http://creativecommons.org/licenses/by-sa/3.0/">Licensed under the Creative Commons Attribution-ShareAlike 3.0 Unported license. </ref>
      </desc>
   </graphic>
    <graphic n=" CIL III 12461_2" url="https://upload.wikimedia.org/wikipedia/commons/9/95/CIL_III_12461_2.JPG" sameAs="https://commons.wikimedia.org/wiki/File:CIL III 12461_2.JPG">
       <desc>  CIL III 12461_2
          <ref type="license" target="http://creativecommons.org/licenses/by-sa/3.0/">Licensed under the Creative Commons Attribution-ShareAlike 3.0 Unported license. </ref>
      </desc>
   </graphic>
            
        </facsimile>
        
    
    <text>
        <body>
                       
            <div type="bibliography">
                <listBibl>
<bibl>CIL III 12461 </bibl><bibl> ILS 7183 </bibl><bibl> AE 1964 253 </bibl><bibl> ISM IV 13</bibl>
                </listBibl>
            </div>
            
            
            <div type="edition" xml:lang="la"><head>Text</head>
                
  
            

    <ab>
                        <lb n="1"/>
                        
                        
                            
                            Ordo spl<supplied reason="lost">endi</supplied><lb break="no" n="2"/>dissima mun<supplied reason="lost"><expan><abbr>ic</abbr><ex>ipii</ex></expan></supplied> (sic) <lb n="3"/><expan><abbr>Trop</abbr><ex>aei</ex></expan> per <expan><abbr>Tib</abbr><ex>erium</ex></expan> Cla<supplied reason="lost"><expan><abbr>ud</abbr><ex>ium</ex></expan></supplied> <lb n="4"/><expan><abbr>Germanu</abbr><ex>m</ex></expan> e<supplied reason="lost">t</supplied> <expan><abbr>M</abbr><ex>arcum</ex></expan> <lb n="5"/><expan><abbr>Aur</abbr><ex>elium</ex></expan> <expan><abbr>Flaviu</abbr><ex>m</ex></expan> d<supplied reason="lost">uu</supplied><lb break="no" n="6"/>mveros, a<expan><ex>e</ex><abbr>dil</abbr></expan><supplied reason="lost">es</supplied> <lb n="7"/><expan><abbr>Val</abbr><ex>erius</ex></expan> Valerianus e<supplied reason="lost">t</supplied> <lb n="8"/><expan><abbr>Iul</abbr><ex>ius</ex></expan> Quirillus, qu<supplied reason="lost">a</supplied><lb break="no" n="9"/>estores <expan><abbr>Ulp</abbr><ex>ius</ex></expan> Hercu<lb break="no" n="10"/>lanus et <expan><abbr>Iul</abbr><ex>ius</ex></expan> Hercula<lb break="no" n="11"/><supplied reason="lost">n</supplied>us s<supplied reason="lost">cri</supplied>ba Coc<supplied reason="lost">ceius</supplied> <lb n="12"/><expan><abbr><supplied reason="lost">p</supplied>os</abbr><ex>uerunt</ex></expan>
                        
                        
                    </ab>

                
                
            </div>

            

        </body>
    </text>
</TEI>
