<?xml version="1.0" encoding="UTF-8"?>
<TEI xmlns="http://www.tei-c.org/ns/1.0" xml:space="preserve" xml:lang="en">
    <teiHeader>
        <fileDesc>
            <titleStmt>
                <title>Funerary on Stele</title>
            </titleStmt>  
            <publicationStmt>
                <authority>UNIVERSITATEA BABES BOLYAI</authority>
<idno type="URI">inscriptionsfromdacia.altervista.org/text/fm00000221.html</idno>

  <idno type="localID">fm00000221</idno>
<availability>
                    <licence target="http://creativecommons.org/licenses/by-nc-sa/3.0/">
This file is licensed under the Creative Commons Attribution-NonCommercial-ShareAlike 3.0 Unported license.
</licence>
                </availability>
            </publicationStmt>
            <sourceDesc>
                <msDesc>
                    <msIdentifier>
                        <country>
                            <placeName type="modern">Romania</placeName>
                        </country>
                        <region>
                            <placeName type="modern">Constanța</placeName>
                        </region>
                        <settlement>
                            <placeName>Sinoe / Casapchioi and Vadu / Caraharman</placeName>                     
                        </settlement>
                        <repository>Vasile Pârvan Institute of Archaeology, Bucharest</repository>
                        <collection/>
                        <idno/>
                    </msIdentifier>
                    <physDesc>
                        <objectDesc>
                            <supportDesc>
                                <support>
<objectType ref="http://www.eagle-network.eu/voc/objtyp/lod/250">Stele</objectType>
                                    <material ref="http://www.eagle-network.eu/voc/material/lod/66">Limestone</material>
<p/>
                                    <dimensions unit="cm">
                                <height>217</height>
                                         <width>94</width>
                                         <depth>25</depth>
                                             </dimensions>
                                   <rs type="decoration" ref="http://www.eagle-network.eu/voc/decor/lod/2000">yes</rs>
                                    <rs type="statPreserv">Stele</rs>
                                   </support>
                            </supportDesc>
                            <layoutDesc>
                                <layout>
                                  <rs type="execution"/><dimensions>
                                        <width unit="cm"/>
                                        <height unit="cm"/>
                                    </dimensions>
                                    <rs type="metre">no</rs>
                                </layout>
                            </layoutDesc>
                        </objectDesc>
                        <handDesc>
                            <handNote>
                               yes - hederae distinguentes
                                <height unit="cm">5.8</height>
                            </handNote>
                        </handDesc>
                    </physDesc>
                    <history>
                        <origin>
                            <origPlace>
                           <placeName ref="www.trismegistos.org/place/NaN">vicus Quintionis / vicus Celerius</placeName>
                                <placeName type="provincItalicRegion" ref="www.trismegistos.org/place/NaN">Moesia inferior</placeName>
                                </origPlace>
                              <origDate notBefore-custom="NaN" notAfter-custom="NaN" datingMethod="http://en.wikipedia.org/wiki/Julian_calendar">Second half of the second century, first half of the third century AD.</origDate>
                        </origin>
                        <provenance type="found">  
                            <date>By the end of the 19th century</date>
                                <placeName>Sinoe / Casapchioi and Vadu / Caraharman</placeName> 
                            <placeName type="modernRegion">Constanța</placeName>
                            <placeName type="modernCountry">Romania</placeName>
                        </provenance>
                    </history>
                </msDesc>
            </sourceDesc>
        </fileDesc>
        <encodingDesc>
            <p>Marked-up according to the EpiDoc Guidelines</p>
            <classDecl>
                <taxonomy>
                    <category xml:id="representation">
                        <catDesc>Digitized other representations</catDesc>
                    </category>
                </taxonomy>
            </classDecl>
        </encodingDesc>
        <profileDesc>
                <textClass>
<keywords>
     <term ref="http://www.eagle-network.eu/voc/typeins/lod/92">Funerary</term></keywords>
    </textClass>

            <langUsage>
                <language ident="ar">Arabic</language>
                <language ident="en">English</language>
                <language ident="fr">French</language>
                <language ident="de">German</language>
                <language ident="grc">Ancient Greek</language>
                <language ident="grc-Latn">Transliterated Greek</language>
                <language ident="el">Modern Greek</language>
                <language ident="he">Hebrew</language>
                <language ident="it">Italian</language>
                <language ident="la">Latin</language>
                <language ident="sp">Spanish</language>
            </langUsage>
        <creation>EAGLE - Europeana Network of Ancient Greek and Latin Epigraphy</creation></profileDesc>
        <revisionDesc>
         <change when="2016-02-04" who="FlorianMatei-Popescu">Florian Matei-Popescu</change>
        </revisionDesc>
    </teiHeader>
        
    
    <text>
        <body>
                       
            <div type="bibliography">
                <listBibl>
<bibl>Gr. Tocilescu, Fouilles et recherches, p. 207, no. 32</bibl><bibl> CIL III 7525 + 14449 = ISM I 339</bibl>
                </listBibl>
            </div>
            
            
            <div type="edition" xml:lang="la"><head>Text</head>
                
  
            

    <ab>
                        <lb n="1"/>
                        
                        
                            
                            <expan><abbr>D</abbr><ex>is</ex></expan> <expan><abbr>M</abbr><ex>anibus</ex></expan> <lb n="2"/><expan><abbr>T</abbr><ex>itus</ex></expan> Manius Bassi<lb break="no" n="3"/>anus vixit an<lb break="no" n="4"/><expan><abbr>n</abbr><ex>is</ex></expan> LXII, <expan><abbr>bul</abbr><ex>euta</ex></expan> <expan><abbr>His</abbr><ex>triae</ex></expan> <lb n="5"/>Manius Vitales, ne<lb break="no" n="6"/>pos eius, vixit an<lb break="no" n="7"/><expan><abbr>ni</abbr><ex>s</ex></expan> VIIII. <supplied reason="lost">Vitalia</supplied><lb break="no" n="8"/>nus Bassianus <lb n="9"/><expan><abbr>fil</abbr><ex>ius</ex></expan> eius et Scapul<lb break="no" n="10"/>lia Gemella coniunx <lb n="11"/>eius <expan><abbr>s</abbr><ex>ibi</ex></expan> et et sibi (sic!) paren<lb break="no" n="12"/>tibus benemerentis <lb n="13"/>posuerunt <lb n="14"/>Have viator.
                        
                        
                    </ab>

                
                
            </div>

            <div type="apparatus">
                <p>l. 7 - N+I - anni(s); l. 7 - VIIII, lapis; VIII, Pippidi l. 10 - N+I - coniunx, lapis; con(i)unx, Pippidi; l. 11 - EIVS SET ET SIBI, lapis; eius s(ibi) et {sibi}, Pippidi</p>
            </div>

            
           <div type="translation">
                <p>                    To the Manes Gods! Titus Manius Bassianus, who lived 62 years, member of the Histrian Council; Manius Vitales, his grandson, who lived 9 years. Vitalianus Bassianus, his son, and Scapullia Gemella, his wife, set for them and for their well deserving parents! Fare-thee-well, passer-by!</p>
                    <desc><ref type="license" target="http://creativecommons.org/licenses/by-sa/3.0/">Licensed under a Creative Commons Attribution-ShareAlike 3.0 Unported licence.</ref>
                </desc>
            </div>
            

            <div type="commentary">
                <p>Two conjoining fragments of a stele.</p>
            </div>

        </body>
    </text>
</TEI>
