<?xml version="1.0" encoding="UTF-8"?>
<TEI xmlns="http://www.tei-c.org/ns/1.0" xml:space="preserve" xml:lang="en">
    <teiHeader>
        <fileDesc>
            <titleStmt>
                <title>Funerary on Plate</title>
            </titleStmt>  
            <publicationStmt>
                <authority>UNIVERSITATEA BABES BOLYAI</authority>
<idno type="URI">http://inscriptionsfromdacia.altervista.org/text/fm00000077.html</idno>

  <idno type="localID">fm00000077</idno>
<availability>
                    <licence target="http://creativecommons.org/licenses/by-nc-sa/3.0/">
This file is licensed under the Creative Commons Attribution-NonCommercial-ShareAlike 3.0 Unported license.
</licence>
                </availability>
            </publicationStmt>
            <sourceDesc>
                <msDesc>
                    <msIdentifier>
                        <country>
                            <placeName type="modern">Romania</placeName>
                        </country>
                        <region>
                            <placeName type="modern">Constanța</placeName>
                        </region>
                        <settlement>
                            <placeName>Constanta</placeName>                     
                        </settlement>
                        <repository>Vasile Pârvan Institute of Archaeology, Bucharest</repository>
                        <collection/>
                        <idno/>
                    </msIdentifier>
                    <physDesc>
                        <objectDesc>
                            <supportDesc>
                                <support>
<objectType ref="http://www.eagle-network.eu/voc/objtyp/lod/260">Plate</objectType>
                                    <material ref="http://www.eagle-network.eu/voc/material/lod/48">Marble</material>
<p/>
                                    <dimensions unit="cm">
                                <height>40.5</height>
                                         <width/>
                                         <depth>43.5</depth>
                                             </dimensions>
                                   <rs type="decoration" ref="http://www.eagle-network.eu/voc/decor/lod/2000">yes</rs>
                                    <rs type="statPreserv"/>
                                   </support>
                            </supportDesc>
                            <layoutDesc>
                                <layout>
                                  <rs type="execution"/><dimensions>
                                        <width unit="cm"/>
                                        <height unit="cm"/>
                                    </dimensions>
                                    <rs type="metre">no</rs>
                                </layout>
                            </layoutDesc>
                        </objectDesc>
                        <handDesc>
                            <handNote>
                               
                                <height unit="cm">1.7</height>
                            </handNote>
                        </handDesc>
                    </physDesc>
                    <history>
                        <origin>
                            <origPlace>
                           <placeName ref="http://www.trismegistos.org/place/007773">Tomis</placeName>
                                <placeName type="provincItalicRegion" ref="http://www.trismegistos.org/place/029480">Moesia inferior</placeName>
                                </origPlace>
                              <origDate notBefore-custom="0051" notAfter-custom="0100" datingMethod="http://en.wikipedia.org/wiki/Julian_calendar">The second half of the first century AD, due to the nominative case used for the deceased person, the presence of the hic situs est formula and the abbreviation CPF for the name of the legion.</origDate>
                        </origin>
                        <provenance type="found">  
                            <date>?</date>
                                <placeName></placeName> 
                            <placeName type="modernRegion">Constanța</placeName>
                            <placeName type="modernCountry">Romania</placeName>
                        </provenance>
                    </history>
                </msDesc>
            </sourceDesc>
        </fileDesc>
        <encodingDesc>
            <p>Marked-up according to the EpiDoc Guidelines</p>
            <classDecl>
                <taxonomy>
                    <category xml:id="representation">
                        <catDesc>Digitized other representations</catDesc>
                    </category>
                </taxonomy>
            </classDecl>
        </encodingDesc>
        <profileDesc>
                <textClass>
<keywords>
     <term ref="http://www.eagle-network.eu/voc/typeins/lod/92">Funerary</term></keywords>
    </textClass>

            <langUsage>
                <language ident="ar">Arabic</language>
                <language ident="en">English</language>
                <language ident="fr">French</language>
                <language ident="de">German</language>
                <language ident="grc">Ancient Greek</language>
                <language ident="grc-Latn">Transliterated Greek</language>
                <language ident="el">Modern Greek</language>
                <language ident="he">Hebrew</language>
                <language ident="it">Italian</language>
                <language ident="la">Latin</language>
                <language ident="sp">Spanish</language>
            </langUsage>
        <creation>EAGLE - Europeana Network of Ancient Greek and Latin Epigraphy</creation></profileDesc>
        <revisionDesc>
         <change when="2015-02-26" who="Florian Matei-Popescu">Florian Matei-Popescu</change>
        </revisionDesc>
    </teiHeader>
        
    
    <text>
        <body>
                       
            <div type="bibliography">
                <listBibl>
<bibl>Gr. Tocilescu, AEM 14, 1890, p. 26, no. 51 = CIL III 12498 = ISM II 169</bibl><bibl> M. Alexandrescu-Vianu, Dacia, N. S. 21, 1977, p. 151-153</bibl>
                </listBibl>
            </div>
            
            
            <div type="edition" xml:lang="la"><head>Text</head>
                
  
            

    <ab>
                        <lb n="1"/>
                        
                        
                            
                            <expan><abbr>T</abbr><ex>itus</ex></expan> Valerius T. <expan><abbr>f</abbr><ex>ilius</ex></expan> Collina (tribu) Germanus Pes<lb break="no" n="2"/>senunto <expan><abbr>immaginif</abbr><ex>er</ex></expan> (sic!) <expan><abbr>leg</abbr><ex>ionis</ex></expan> VII <expan><abbr>C</abbr><ex>laudiae</ex></expan> <expan><abbr>p</abbr><ex>iae</ex></expan> <expan><abbr>f</abbr><ex>idelis</ex></expan> donis II <expan><abbr>don</abbr><ex>atus</ex></expan> <lb n="3"/>vixit <expan><abbr>an</abbr><ex>nos</ex></expan> LVII, <expan><abbr>h</abbr><ex>ic</ex></expan> <expan><abbr>s</abbr><ex>itus</ex></expan> <expan><abbr>e</abbr><ex>st</ex></expan>. Heredes <expan><abbr>T</abbr><ex>itus</ex></expan> Valerius Iulianus <lb n="4"/>et <expan><abbr>L</abbr><ex>ucius</ex></expan> Valerius Ge<supplied reason="lost">r</supplied>manus et Valeria Germana et <expan><abbr>Cl</abbr><ex>audia</ex></expan> Iu<lb break="no" n="5"/>lia con<supplied reason="lost">iunx e</supplied>ius n. <certainty match="preceding-sibling::node()" locus="value"/> <expan><abbr>b</abbr><ex>ene</ex></expan> <expan><abbr>m</abbr><ex>erenti</ex></expan> <expan><abbr>p</abbr><ex>osuerunt</ex></expan>.
                        
                        
                    </ab>

                
                
            </div>

            

        </body>
    </text>
</TEI>
