<?xml version="1.0" encoding="UTF-8"?>
<TEI xmlns="http://www.tei-c.org/ns/1.0" xml:space="preserve" xml:lang="en">
    <teiHeader>
        <fileDesc>
            <titleStmt>
                <title>Dedication on Stele</title>
            </titleStmt>  
            <publicationStmt>
                <authority>UNIVERSITATEA BABES BOLYAI</authority>
<idno type="URI">http://inscriptionsfromdacia.altervista.org/text/fm00000095.html</idno>

  <idno type="localID">fm00000095</idno>
<availability>
                    <licence target="http://creativecommons.org/licenses/by-nc-sa/3.0/">
This file is licensed under the Creative Commons Attribution-NonCommercial-ShareAlike 3.0 Unported license.
</licence>
                </availability>
            </publicationStmt>
            <sourceDesc>
                <msDesc>
                    <msIdentifier>
                        <country>
                            <placeName type="modern">Romania</placeName>
                        </country>
                        <region>
                            <placeName type="modern">Constanța</placeName>
                        </region>
                        <settlement>
                            <placeName>Istria</placeName>                     
                        </settlement>
                        <repository>Museum of Histria</repository>
                        <collection/>
                        <idno/>
                    </msIdentifier>
                    <physDesc>
                        <objectDesc>
                            <supportDesc>
                                <support>
<objectType ref="http://www.eagle-network.eu/voc/objtyp/lod/250">Stele</objectType>
                                    <material ref="http://www.eagle-network.eu/voc/material/lod/48">Marble</material>
<p/>
                                    <dimensions unit="cm">
                                <height>96</height>
                                         <width>10.5</width>
                                         <depth>34.5</depth>
                                             </dimensions>
                                   <rs type="decoration" ref="http://www.eagle-network.eu/voc/decor/lod/2000">yes</rs>
                                    <rs type="statPreserv"/>
                                   </support>
                            </supportDesc>
                            <layoutDesc>
                                <layout>
                                  <rs type="execution"/><dimensions>
                                        <width unit="cm"/>
                                        <height unit="cm"/>
                                    </dimensions>
                                    <rs type="metre">no</rs>
                                </layout>
                            </layoutDesc>
                        </objectDesc>
                        <handDesc>
                            <handNote>
                               
                                <height unit="cm">1.21.5</height>
                            </handNote>
                        </handDesc>
                    </physDesc>
                    <history>
                        <origin>
                            <origPlace>
                           <placeName ref="http://www.trismegistos.org/place/012228">Histria</placeName>
                                <placeName type="provincItalicRegion" ref="http://www.trismegistos.org/place/029480">Moesia inferior</placeName>
                                </origPlace>
                              <origDate notBefore-custom="0151" notAfter-custom="0200" datingMethod="http://en.wikipedia.org/wiki/Julian_calendar">Probably the second half of the second century AD, the joint reign of Marcus Aurelius and Lucius Verus, or the Marcus Aurelius and Commodus, although Septimius Severus and Caracalla can not be at all ruled out.</origDate>
                        </origin>
                        <provenance type="found">  
                            <date>?</date>
                                <placeName>In the Late Roman building, in the so-called Domus area of the city</placeName> 
                            <placeName type="modernRegion">Constanța</placeName>
                            <placeName type="modernCountry">Romania</placeName>
                        </provenance>
                    </history>
                </msDesc>
            </sourceDesc>
        </fileDesc>
        <encodingDesc>
            <p>Marked-up according to the EpiDoc Guidelines</p>
            <classDecl>
                <taxonomy>
                    <category xml:id="representation">
                        <catDesc>Digitized other representations</catDesc>
                    </category>
                </taxonomy>
            </classDecl>
        </encodingDesc>
        <profileDesc>
                <textClass>
<keywords>
     <term ref="http://www.eagle-network.eu/voc/typeins/lod/79">Dedication</term></keywords>
    </textClass>

            <langUsage>
                <language ident="ar">Arabic</language>
                <language ident="en">English</language>
                <language ident="fr">French</language>
                <language ident="de">German</language>
                <language ident="grc">Ancient Greek</language>
                <language ident="grc-Latn">Transliterated Greek</language>
                <language ident="el">Modern Greek</language>
                <language ident="he">Hebrew</language>
                <language ident="it">Italian</language>
                <language ident="la">Latin</language>
                <language ident="sp">Spanish</language>
            </langUsage>
        <creation>EAGLE - Europeana Network of Ancient Greek and Latin Epigraphy</creation></profileDesc>
        <revisionDesc>
         <change when="2015-02-26" who="Florian Matei-Popescu">Florian Matei-Popescu</change>
        </revisionDesc>
    </teiHeader>
        
    
    <text>
        <body>
                       
            <div type="bibliography">
                <listBibl>
<bibl>I. Stoian, Dacia, N. S. 14, 1970, p. 397-401</bibl><bibl> D. M. Pippidi, Studii clasice 14, 1972, p. 201-204</bibl><bibl> ISM I 167</bibl>
                </listBibl>
            </div>
            
            
            <div type="edition" xml:lang="la"><head>Text</head>
                
  
            

    <ab>
                        <lb n="1"/>
                        
                        
                            
                            Ἀγατῆι τύχηι <lb n="2"/>Ὑπὲρ τῆς τῶν Σεβαστῶν <lb n="3"/>νείκης τε καὶ σωτηρίας <lb n="4"/>καὶ βουλῆς καὶ δήμου Ἰσ<lb break="no" n="5"/>τριανῶν Ζιπας Διοκλή<lb break="no" n="6"/>ους ὑμνῳδοῖς πρεσβυτέ<lb break="no" n="7"/>ροις ἱερονείκαις τοῖς πε<lb break="no" n="8"/>ρὶ τὸν Διόνυσον τὴν στι<lb break="no" n="9"/>βάδα ἐποίησε ἐκ τῶν ἰδί<lb break="no" n="10"/>ων ἀντὶ ἱερωσύμνης μεσοχοροῦντος Κοκκε<lb break="no" n="11"/>ίου Δομετιανοῦ μου<lb break="no" n="12"/>σἀρχου δὲ Αἰλιανοῦ Ηλι <lb n="13"/>γραμματέως δὲ διὰ βίου <lb n="14"/>καὶ σπουδέου φίλου Μ(άρκου) <lb n="15"/>Διονιττᾶ <supplied reason="lost">τ</supplied>οῦ Ἀρτεμιδώ(ρου) <lb n="16"/>εὐθυνούντων Διογέ<lb break="no" n="17"/>νους Ζοίλου.
                        
                        
                    </ab>

                
                
            </div>

            

        </body>
    </text>
</TEI>
