<?xml version="1.0" encoding="UTF-8"?>
<TEI xmlns="http://www.tei-c.org/ns/1.0" xml:space="preserve" xml:lang="en">
    <teiHeader>
        <fileDesc>
            <titleStmt>
                <title>Votive on Altar</title>
            </titleStmt>  
            <publicationStmt>
                <authority>UNIVERSITATEA BABES BOLYAI</authority>
<idno type="URI">inscriptionsfromdacia.altervista.org/text/fm00000206</idno>

  <idno type="localID">fm00000206</idno>
<availability>
                    <licence target="http://creativecommons.org/licenses/by-nc-sa/3.0/">
This file is licensed under the Creative Commons Attribution-NonCommercial-ShareAlike 3.0 Unported license.
</licence>
                </availability>
            </publicationStmt>
            <sourceDesc>
                <msDesc>
                    <msIdentifier>
                        <country>
                            <placeName type="modern">Romania</placeName>
                        </country>
                        <region>
                            <placeName type="modern">Constanța</placeName>
                        </region>
                        <settlement>
                            <placeName>Gârliciu</placeName>                     
                        </settlement>
                        <repository>Vasile Pârvan Institute of Archaeology, Bucharest</repository>
                        <collection/>
                        <idno/>
                    </msIdentifier>
                    <physDesc>
                        <objectDesc>
                            <supportDesc>
                                <support>
<objectType ref="http://www.eagle-network.eu/voc/objtyp/lod/29">Altar</objectType>
                                    <material ref="http://www.eagle-network.eu/voc/material/lod/66">Limestone</material>
<p/>
                                    <dimensions unit="cm">
                                <height>149</height>
                                         <width>22</width>
                                         <depth>60</depth>
                                             </dimensions>
                                   <rs type="decoration" ref="http://www.eagle-network.eu/voc/decor/lod/2000">yes</rs>
                                    <rs type="statPreserv"/>
                                   </support>
                            </supportDesc>
                            <layoutDesc>
                                <layout>
                                  <rs type="execution"/><dimensions>
                                        <width unit="cm"/>
                                        <height unit="cm"/>
                                    </dimensions>
                                    <rs type="metre">no</rs>
                                </layout>
                            </layoutDesc>
                        </objectDesc>
                        <handDesc>
                            <handNote>
                               yes
                                <height unit="cm">6-8</height>
                            </handNote>
                        </handDesc>
                    </physDesc>
                    <history>
                        <origin>
                            <origPlace>
                           <placeName ref="www.trismegistos.org/place/030006">Cius</placeName>
                                <placeName type="provincItalicRegion" ref="www.trismegistos.org/place/029480">Moesia inferior</placeName>
                                </origPlace>
                              <origDate   datingMethod="http://en.wikipedia.org/wiki/Julian_calendar">Second century AD, probably the second half, but before the Severan period</origDate>
                        </origin>
                        <provenance type="found">  
                            <date>1957</date>
                                <placeName>In the Late Roman fort</placeName> 
                            <placeName type="modernRegion">Constanța</placeName>
                            <placeName type="modernCountry">Romania</placeName>
                        </provenance>
                    </history>
                </msDesc>
            </sourceDesc>
        </fileDesc>
        <encodingDesc>
            <p>Marked-up according to the EpiDoc Guidelines</p>
            <classDecl>
                <taxonomy>
                    <category xml:id="representation">
                        <catDesc>Digitized other representations</catDesc>
                    </category>
                </taxonomy>
            </classDecl>
        </encodingDesc>
        <profileDesc>
                <textClass>
<keywords>
     <term ref="http://www.eagle-network.eu/voc/typeins/lod/83">Votive</term></keywords>
    </textClass>

            <langUsage>
                <language ident="ar">Arabic</language>
                <language ident="en">English</language>
                <language ident="fr">French</language>
                <language ident="de">German</language>
                <language ident="grc">Ancient Greek</language>
                <language ident="grc-Latn">Transliterated Greek</language>
                <language ident="el">Modern Greek</language>
                <language ident="he">Hebrew</language>
                <language ident="it">Italian</language>
                <language ident="la">Latin</language>
                <language ident="sp">Spanish</language>
            </langUsage>
        <creation>EAGLE - Europeana Network of Ancient Greek and Latin Epigraphy</creation></profileDesc>
        <revisionDesc>
         <change when="2015-06-03" who="Florian Matei-Popescu">Florian Matei-Popescu</change>
        </revisionDesc>
    </teiHeader>
        
    
    <text>
        <body>
                       
            <div type="bibliography">
                <listBibl>
<bibl>St. Constantinescu, SCIV 9, 1958, 2, p. 349-355 </bibl><bibl> AE 1960, 357 </bibl><bibl> ISM V 123</bibl>
                </listBibl>
            </div>
            
            
            <div type="edition" xml:lang="la"><head>Text</head>
                
  
            

    <ab>
                        <lb n="1"/>
                        
                        
                            
                            <expan><abbr>I</abbr><ex>ovi</ex></expan> <expan><abbr>O</abbr><ex>ptimo</ex></expan> <expan><abbr>M</abbr><ex>aximo</ex></expan> <lb n="2"/>et Iunoni <expan><abbr>Reg</abbr><ex>inae</ex></expan> <supplied reason="lost">p</supplied><lb break="no" n="3"/>ro <expan><abbr>salu</abbr><ex>te</ex></expan> <expan><abbr>Imp</abbr><ex>eratoris</ex></expan> <expan><abbr>Au</abbr><ex>gusti</ex></expan> <lb n="4"/><expan><abbr>civit</abbr><ex>as</ex></expan> et <expan><abbr>reg</abbr><ex>io</ex></expan> <expan><abbr>Histr</abbr><ex>iae</ex></expan> cura <expan><abbr>agent</abbr><ex>ibus</ex></expan> <lb n="5"/><expan><abbr>Cl</abbr><ex>audio</ex></expan> Amando et <expan><abbr>Ulp</abbr><ex>io</ex></expan> <lb n="6"/>Hectore et Aelio <lb n="7"/><supplied reason="lost">...</supplied>ge <expan><abbr>arch</abbr><ex>ontibus</ex></expan> <expan><abbr>reg</abbr><ex>ionis</ex></expan>
                        
                        
                    </ab>

                
                
            </div>

            <div type="apparatus">
                <p>l. 2-4: [p]/ro salu(te) Imp(eratoris) Aug(usti) / civit(atis) et reg(ionis) - ISM V - nevertheless one should aspect that the civitas and the regio to have set the altar trough the care of the archontes</p>
            </div>

            
           <div type="translation">
                <p>                    To the Jupiter, the Good and the Greatest and to the Juno, the Queen, for the good health of the Emperor Augustus, the city and the Region of Histria, through the care of Claudius Amandus and Ulpius Hector and Aelius [- - -], archontes of the Region.</p>
                    <desc><ref type="license" target="http://creativecommons.org/licenses/by-sa/3.0/">Licensed under a Creative Commons Attribution-ShareAlike 3.0 Unported licence.</ref>
                </desc>
            </div>
            

        </body>
    </text>
</TEI>
