<?xml version="1.0" encoding="UTF-8"?>
<TEI xmlns="http://www.tei-c.org/ns/1.0" xml:space="preserve" xml:lang="en">
    <teiHeader>
        <fileDesc>
            <titleStmt>
                <title>Funerary on Stele</title>
            </titleStmt>  
            <publicationStmt>
                <authority>UNIVERSITATEA BABES BOLYAI</authority>
<idno type="URI">http://inscriptionsfromdacia.altervista.org/text/fm00000060.html</idno>

  <idno type="localID">fm00000060</idno>
<availability>
                    <licence target="http://creativecommons.org/licenses/by-nc-sa/3.0/">
This file is licensed under the Creative Commons Attribution-NonCommercial-ShareAlike 3.0 Unported license.
</licence>
                </availability>
            </publicationStmt>
            <sourceDesc>
                <msDesc>
                    <msIdentifier>
                        <country>
                            <placeName type="modern">Romania</placeName>
                        </country>
                        <region>
                            <placeName type="modern">Constanța</placeName>
                        </region>
                        <settlement>
                            <placeName>Constanta</placeName>                     
                        </settlement>
                        <repository>Vasile Pârvan Institute of Archaeology, Bucharest</repository>
                        <collection/>
                        <idno/>
                    </msIdentifier>
                    <physDesc>
                        <objectDesc>
                            <supportDesc>
                                <support>
<objectType ref="http://www.eagle-network.eu/voc/objtyp/lod/250">Stele</objectType>
                                    <material ref="http://www.eagle-network.eu/voc/material/lod/48">Marble</material>
<p/>
                                    <dimensions unit="cm">
                                <height>86</height>
                                         <width>12</width>
                                         <depth>57</depth>
                                             </dimensions>
                                   <rs type="decoration" ref="http://www.eagle-network.eu/voc/decor/lod/2000">yes</rs>
                                    <rs type="statPreserv"/>
                                   </support>
                            </supportDesc>
                            <layoutDesc>
                                <layout>
                                  <rs type="execution"/><dimensions>
                                        <width unit="cm"/>
                                        <height unit="cm"/>
                                    </dimensions>
                                    <rs type="metre">no</rs>
                                </layout>
                            </layoutDesc>
                        </objectDesc>
                        <handDesc>
                            <handNote>
                               
                                <height unit="cm">1.5</height>
                            </handNote>
                        </handDesc>
                    </physDesc>
                    <history>
                        <origin>
                            <origPlace>
                           <placeName ref="http://www.trismegistos.org/place/007773">Tomis</placeName>
                                <placeName type="provincItalicRegion" ref="http://www.trismegistos.org/place/029480">Moesia inferior</placeName>
                                </origPlace>
                              <origDate notBefore-custom="0051" notAfter-custom="0100" datingMethod="http://en.wikipedia.org/wiki/Julian_calendar">The second half of the first century AD, due to the nominative case, hic situs est formula, and the mention of the ala (I) Asturum which should be transferred beyond the Danube during Trajan's Dacian war. He could have been discharged and received the citizenship during the reign of Nero.</origDate>
                        </origin>
                        <provenance type="found">  
                            <date>?</date>
                                <placeName></placeName> 
                            <placeName type="modernRegion">Constanța</placeName>
                            <placeName type="modernCountry">Romania</placeName>
                        </provenance>
                    </history>
                </msDesc>
            </sourceDesc>
        </fileDesc>
        <encodingDesc>
            <p>Marked-up according to the EpiDoc Guidelines</p>
            <classDecl>
                <taxonomy>
                    <category xml:id="representation">
                        <catDesc>Digitized other representations</catDesc>
                    </category>
                </taxonomy>
            </classDecl>
        </encodingDesc>
        <profileDesc>
                <textClass>
<keywords>
     <term ref="http://www.eagle-network.eu/voc/typeins/lod/92">Funerary</term></keywords>
    </textClass>

            <langUsage>
                <language ident="ar">Arabic</language>
                <language ident="en">English</language>
                <language ident="fr">French</language>
                <language ident="de">German</language>
                <language ident="grc">Ancient Greek</language>
                <language ident="grc-Latn">Transliterated Greek</language>
                <language ident="el">Modern Greek</language>
                <language ident="he">Hebrew</language>
                <language ident="it">Italian</language>
                <language ident="la">Latin</language>
                <language ident="sp">Spanish</language>
            </langUsage>
        <creation>EAGLE - Europeana Network of Ancient Greek and Latin Epigraphy</creation></profileDesc>
        <revisionDesc>
         <change when="2015-02-26" who="Florian Matei-Popescu">Florian Matei-Popescu</change>
        </revisionDesc>
    </teiHeader>
         <facsimile>

   <graphic n="ISM II 172" url="https://upload.wikimedia.org/wikipedia/commons/6/68/ISM_II_172.jpg" sameAs="https://commons.wikimedia.org/wiki/File:ISM II 172.jpg">
       <desc> ISM II 172
          <ref type="license" target="http://creativecommons.org/licenses/by-sa/3.0/">Licensed under the Creative Commons Attribution-ShareAlike 3.0 Unported license. </ref>
      </desc>
   </graphic>    
   
            
        </facsimile>
        
    
    <text>
        <body>
                       
            <div type="bibliography">
                <listBibl>
<bibl>ISM II 172</bibl>
                </listBibl>
            </div>
            
            
            <div type="edition" xml:lang="la"><head>Text</head>
                
  
            

    <ab>
                        <lb n="1"/>
                        
                        
                            
                            <expan><abbr>Tib</abbr><ex>erius</ex></expan> Claudius Arrenti <expan><abbr>f</abbr><ex>ilius</ex></expan> <expan><abbr>Quir</abbr><ex>ina tribu</ex></expan> Saturninus <lb n="2"/><expan><abbr>duplic</abbr><ex>arius</ex></expan> <expan><abbr>vet</abbr><ex>eranus</ex></expan> alae <expan><abbr>Astur</abbr><ex>um</ex></expan> vixit <expan><abbr>an</abbr><ex>nis</ex></expan> LXIIII <expan><abbr>mil</abbr><ex>itavit</ex></expan> <expan><abbr>an</abbr><ex>nis</ex></expan> XXXII uxor et liberi <expan><abbr>f</abbr><ex>aciendum</ex></expan> <expan><abbr>c</abbr><ex>uraverunt</ex></expan>. <expan><abbr>H</abbr><ex>ic</ex></expan> <expan><abbr>s</abbr><ex>itus</ex></expan> <expan><abbr>e</abbr><ex>st</ex></expan>.
                        
                        
                    </ab>

                
                
            </div>

            

        </body>
    </text>
</TEI>
