<?xml version="1.0" encoding="UTF-8"?>
<TEI xmlns="http://www.tei-c.org/ns/1.0" xml:space="preserve" xml:lang="en">
    <teiHeader>
        <fileDesc>
            <titleStmt>
                <title>Funerary on Stele</title>
            </titleStmt>  
            <publicationStmt>
                <authority>UNIVERSITATEA BABES BOLYAI</authority>
<idno type="URI">http://inscriptionsfromdacia.altervista.org/text/fm00000013.html</idno>

  <idno type="localID">fm00000013</idno>
<availability>
                    <licence target="http://creativecommons.org/licenses/by-nc-sa/3.0/">
This file is licensed under the Creative Commons Attribution-NonCommercial-ShareAlike 3.0 Unported license.
</licence>
                </availability>
            </publicationStmt>
            <sourceDesc>
                <msDesc>
                    <msIdentifier>
                        <country>
                            <placeName type="modern">Romania</placeName>
                        </country>
                        <region>
                            <placeName type="modern">Olt</placeName>
                        </region>
                        <settlement>
                            <placeName>Rusănești</placeName>                     
                        </settlement>
                        <repository>Vasile Pârvan Institute of Archaeology, Bucharest</repository>
                        <collection/>
                        <idno/>
                    </msIdentifier>
                    <physDesc>
                        <objectDesc>
                            <supportDesc>
                                <support>
<objectType ref="http://www.eagle-network.eu/voc/objtyp/lod/250">Stele</objectType>
                                    <material ref="http://www.eagle-network.eu/voc/material/lod/66">Limestone</material>
<p/>
                                    <dimensions unit="cm">
                                <height>400</height>
                                         <width>120</width>
                                         <depth>48</depth>
                                             </dimensions>
                                   <rs type="decoration" ref="http://www.eagle-network.eu/voc/decor/lod/2000">yes</rs>
                                    <rs type="statPreserv"/>
                                   </support>
                            </supportDesc>
                            <layoutDesc>
                                <layout>
                                  <rs type="execution"/><dimensions>
                                        <width unit="cm"/>
                                        <height unit="cm"/>
                                    </dimensions>
                                    <rs type="metre">no</rs>
                                </layout>
                            </layoutDesc>
                        </objectDesc>
                        <handDesc>
                            <handNote>
                               
                                <height unit="cm">9-1</height>
                            </handNote>
                        </handDesc>
                    </physDesc>
                    <history>
                        <origin>
                            <origPlace>
                           <placeName ref="http://www.trismegistos.org/place/000425"></placeName>
                                <placeName type="provincItalicRegion" ref="http://www.trismegistos.org/place/042766">Dacia inferior</placeName>
                                </origPlace>
                              <origDate notBefore-custom="0180" notAfter-custom="0220" datingMethod="http://en.wikipedia.org/wiki/Julian_calendar">The end of the second century, the beginning of the third century</origDate>
                        </origin>
                        <provenance type="found">  
                            <date>1865</date>
                                <placeName>village</placeName> 
                            <placeName type="modernRegion">Olt</placeName>
                            <placeName type="modernCountry">Romania</placeName>
                        </provenance>
                    </history>
                </msDesc>
            </sourceDesc>
        </fileDesc>
        <encodingDesc>
            <p>Marked-up according to the EpiDoc Guidelines</p>
            <classDecl>
                <taxonomy>
                    <category xml:id="representation">
                        <catDesc>Digitized other representations</catDesc>
                    </category>
                </taxonomy>
            </classDecl>
        </encodingDesc>
        <profileDesc>
                <textClass>
<keywords>
     <term ref="http://www.eagle-network.eu/voc/typeins/lod/92">Funerary</term></keywords>
    </textClass>

            <langUsage>
                <language ident="ar">Arabic</language>
                <language ident="en">English</language>
                <language ident="fr">French</language>
                <language ident="de">German</language>
                <language ident="grc">Ancient Greek</language>
                <language ident="grc-Latn">Transliterated Greek</language>
                <language ident="el">Modern Greek</language>
                <language ident="he">Hebrew</language>
                <language ident="it">Italian</language>
                <language ident="la">Latin</language>
                <language ident="sp">Spanish</language>
            </langUsage>
        <creation>EAGLE - Europeana Network of Ancient Greek and Latin Epigraphy</creation></profileDesc>
        <revisionDesc>
         <change when="2015-02-26" who="Florian Matei-Popescu">Florian Matei-Popescu</change>
        </revisionDesc>
    </teiHeader>
         <facsimile>

    <graphic n="CIL III 6281_1" url="https://upload.wikimedia.org/wikipedia/commons/b/b9/CIL_III_6281_1.jpg" sameAs="https://commons.wikimedia.org/wiki/File:CIL III 6281_1.jpg">
       <desc> CIL III 6281_1
          <ref type="license" target="http://creativecommons.org/licenses/by-sa/3.0/">Licensed under the Creative Commons Attribution-ShareAlike 3.0 Unported license. </ref>
      </desc>
   </graphic>
    <graphic n=" CIL III 6281_2" url="https://upload.wikimedia.org/wikipedia/commons/0/0c/CIL_III_6281_2.JPG" sameAs="https://commons.wikimedia.org/wiki/File:CIL III 6281_2.JPG">
       <desc>  CIL III 6281_2
          <ref type="license" target="http://creativecommons.org/licenses/by-sa/3.0/">Licensed under the Creative Commons Attribution-ShareAlike 3.0 Unported license. </ref>
      </desc>
   </graphic>
            
        </facsimile>
        
    
    <text>
        <body>
                       
            <div type="bibliography">
                <listBibl>
<bibl>CIL III 6281 </bibl><bibl> 8040 </bibl><bibl> IDR II 323</bibl>
                </listBibl>
            </div>
            
            
            <div type="edition" xml:lang="la"><head>Text</head>
                
  
            

    <ab>
                        <lb n="1"/>
                        
                        
                            
                            <expan><abbr>D</abbr><ex>is</ex></expan> <expan><abbr>M</abbr><ex>anibus</ex></expan> <lb n="2"/><expan><abbr>Ael</abbr><ex>ius</ex></expan> Vale<expan><ex>n</ex><abbr>s</abbr></expan> <lb n="3"/>qui et Es<lb break="no" n="4"/>benus <expan><abbr>vix</abbr><ex>it</ex></expan> <lb n="5"/><expan><abbr>an</abbr><ex>nos</ex></expan> LXXX <lb n="6"/>Syra <expan><abbr>coniu</abbr><ex>x</ex></expan> <lb n="7"/>et Fortuna<lb break="no" n="8"/>tus libert<lb break="no" n="9"/>us <expan><abbr>patron</abbr><ex>o</ex></expan> <lb n="10"/>b<expan><ex>ene</ex><abbr>m</abbr><ex>erenti</ex></expan> <expan><abbr>f</abbr><ex>aciendum</ex></expan> <expan><abbr>c</abbr><ex>uravit</ex></expan>.
                        
                        
                    </ab>

                
                
            </div>

            

        </body>
    </text>
</TEI>
