<?xml version="1.0" encoding="UTF-8"?>
<TEI xmlns="http://www.tei-c.org/ns/1.0" xml:space="preserve" xml:lang="en">
    <teiHeader>
        <fileDesc>
            <titleStmt>
                <title>Funerary on Altar</title>
            </titleStmt>  
            <publicationStmt>
                <authority>UNIVERSITATEA BABES BOLYAI</authority>
<idno type="URI">http://inscriptionsfromdacia.altervista.org/text/fm00000041.html</idno>

  <idno type="localID">fm00000041</idno>
<availability>
                    <licence target="http://creativecommons.org/licenses/by-nc-sa/3.0/">
This file is licensed under the Creative Commons Attribution-NonCommercial-ShareAlike 3.0 Unported license.
</licence>
                </availability>
            </publicationStmt>
            <sourceDesc>
                <msDesc>
                    <msIdentifier>
                        <country>
                            <placeName type="modern">Romania</placeName>
                        </country>
                        <region>
                            <placeName type="modern">Constanța</placeName>
                        </region>
                        <settlement>
                            <placeName>Vadu / Karaharman</placeName>                     
                        </settlement>
                        <repository>Vasile Pârvan Institute of Archaeology, Bucharest</repository>
                        <collection/>
                        <idno/>
                    </msIdentifier>
                    <physDesc>
                        <objectDesc>
                            <supportDesc>
                                <support>
<objectType ref="http://www.eagle-network.eu/voc/objtyp/lod/29">Altar</objectType>
                                    <material ref="http://www.eagle-network.eu/voc/material/lod/66">Limestone</material>
<p/>
                                    <dimensions unit="cm">
                                <height>184</height>
                                         <width>80</width>
                                         <depth>80</depth>
                                             </dimensions>
                                   <rs type="decoration" ref="http://www.eagle-network.eu/voc/decor/lod/2000">yes</rs>
                                    <rs type="statPreserv"/>
                                   </support>
                            </supportDesc>
                            <layoutDesc>
                                <layout>
                                  <rs type="execution"/><dimensions>
                                        <width unit="cm"/>
                                        <height unit="cm"/>
                                    </dimensions>
                                    <rs type="metre">no</rs>
                                </layout>
                            </layoutDesc>
                        </objectDesc>
                        <handDesc>
                            <handNote>
                               
                                <height unit="cm">3.8</height>
                            </handNote>
                        </handDesc>
                    </physDesc>
                    <history>
                        <origin>
                            <origPlace>
                           <placeName ref="http://www.trismegistos.org/place/012228">Histria</placeName>
                                <placeName type="provincItalicRegion" ref="http://www.trismegistos.org/place/029480">Moesia inferior</placeName>
                                </origPlace>
                              <origDate notBefore-custom="0150" notAfter-custom="0250" datingMethod="http://en.wikipedia.org/wiki/Julian_calendar">Second half of the second century - first half of the third one</origDate>
                        </origin>
                        <provenance type="found">  
                            <date>?</date>
                                <placeName>Karaharman</placeName> 
                            <placeName type="modernRegion">Constanța</placeName>
                            <placeName type="modernCountry">Romania</placeName>
                        </provenance>
                    </history>
                </msDesc>
            </sourceDesc>
        </fileDesc>
        <encodingDesc>
            <p>Marked-up according to the EpiDoc Guidelines</p>
            <classDecl>
                <taxonomy>
                    <category xml:id="representation">
                        <catDesc>Digitized other representations</catDesc>
                    </category>
                </taxonomy>
            </classDecl>
        </encodingDesc>
        <profileDesc>
                <textClass>
<keywords>
     <term ref="http://www.eagle-network.eu/voc/typeins/lod/92">Funerary</term></keywords>
    </textClass>

            <langUsage>
                <language ident="ar">Arabic</language>
                <language ident="en">English</language>
                <language ident="fr">French</language>
                <language ident="de">German</language>
                <language ident="grc">Ancient Greek</language>
                <language ident="grc-Latn">Transliterated Greek</language>
                <language ident="el">Modern Greek</language>
                <language ident="he">Hebrew</language>
                <language ident="it">Italian</language>
                <language ident="la">Latin</language>
                <language ident="sp">Spanish</language>
            </langUsage>
        <creation>EAGLE - Europeana Network of Ancient Greek and Latin Epigraphy</creation></profileDesc>
        <revisionDesc>
         <change when="2015-02-26" who="Florian Matei-Popescu">Florian Matei-Popescu</change>
        </revisionDesc>
    </teiHeader>
         <facsimile>

    <graphic n="ISM I 353_1" url="https://upload.wikimedia.org/wikipedia/commons/5/50/ISM_I_353_1.JPG" sameAs="https://commons.wikimedia.org/wiki/File:ISM I 353_1.JPG">
       <desc> ISM I 353_1
          <ref type="license" target="http://creativecommons.org/licenses/by-sa/3.0/">Licensed under the Creative Commons Attribution-ShareAlike 3.0 Unported license. </ref>
      </desc>
   </graphic>
    <graphic n=" ISM I 353_2" url="https://upload.wikimedia.org/wikipedia/commons/c/c4/ISM_I_353_2.JPG" sameAs="https://commons.wikimedia.org/wiki/File:ISM I 353_2.JPG">
       <desc>  ISM I 353_2
          <ref type="license" target="http://creativecommons.org/licenses/by-sa/3.0/">Licensed under the Creative Commons Attribution-ShareAlike 3.0 Unported license. </ref>
      </desc>
   </graphic>
            
        </facsimile>
        
    
    <text>
        <body>
                       
            <div type="bibliography">
                <listBibl>
<bibl>Gr. Tocilescu, AEM 6, 1882, p. 38, no. 79 </bibl><bibl> ISM I 353 </bibl><bibl> M. Alexandrescu-Vianu, Histria IX. Les statues er les reliefs en pierre, Bucharest, 2000, p. 160, no. 240.</bibl>
                </listBibl>
            </div>
            
            
            <div type="edition" xml:lang="la"><head>Text</head>
                
  
            

    <ab>
                        <lb n="1"/>
                        
                        
                            
                            Ἰουλία Ἀλεξάν<supplied reason="lost">δρου</supplied> <lb n="2"/>ζῶσα, ἑαυτῇ τε <supplied reason="lost">καὶ τῷ</supplied> <lb n="3"/>ἀνδρὶ ἑαυτῆς Φιλ<supplied reason="lost">ίσκῷ Ζω</supplied><lb break="no" n="4"/><supplied reason="lost">τ</supplied>ικοῦ, συνβίωσα<supplied reason="lost">σα καὶ</supplied> <lb n="5"/><supplied reason="lost">σ</supplied>υντεκνώσου<supplied reason="lost">σα ἔτη</supplied> <lb n="6"/><supplied reason="lost">τρ</supplied>ιάκοντα ὀκ<supplied reason="lost">τώ, τὸ</supplied> <lb n="7"/>μ<supplied reason="lost">ν</supplied>ημεῖον κα<supplied reason="lost">τεσκεύ</supplied><lb break="no" n="8"/>ασε<supplied reason="lost">ν</supplied>.
                        
                        
                    </ab>

                
                
            </div>

            

        </body>
    </text>
</TEI>
