<?xml version="1.0" encoding="UTF-8"?>
<TEI xmlns="http://www.tei-c.org/ns/1.0" xml:space="preserve" xml:lang="en">
    <teiHeader>
        <fileDesc>
            <titleStmt>
                <title>Dedication on Plate</title>
            </titleStmt>  
            <publicationStmt>
                <authority>UNIVERSITATEA BABES BOLYAI</authority>
<idno type="URI">inscriptionsfromdacia.altervista.org/text/fm00000214</idno>

  <idno type="localID">fm00000214</idno>
<availability>
                    <licence target="http://creativecommons.org/licenses/by-nc-sa/3.0/">
This file is licensed under the Creative Commons Attribution-NonCommercial-ShareAlike 3.0 Unported license.
</licence>
                </availability>
            </publicationStmt>
            <sourceDesc>
                <msDesc>
                    <msIdentifier>
                        <country>
                            <placeName type="modern">Romania</placeName>
                        </country>
                        <region>
                            <placeName type="modern">Constanța</placeName>
                        </region>
                        <settlement>
                            <placeName>Mangalia</placeName>                     
                        </settlement>
                        <repository>National Museum for the History of Romania, Bucharest</repository>
                        <collection/>
                        <idno/>
                    </msIdentifier>
                    <physDesc>
                        <objectDesc>
                            <supportDesc>
                                <support>
<objectType ref="http://www.eagle-network.eu/voc/objtyp/lod/260">Plate</objectType>
                                    <material ref="http://www.eagle-network.eu/voc/material/lod/48">Marble</material>
<p/>
                                    <dimensions unit="cm">
                                <height>91</height>
                                         <width>17</width>
                                         <depth>87</depth>
                                             </dimensions>
                                   <rs type="decoration" ref="http://www.eagle-network.eu/voc/decor/lod/2000">yes</rs>
                                    <rs type="statPreserv"/>
                                   </support>
                            </supportDesc>
                            <layoutDesc>
                                <layout>
                                  <rs type="execution"/><dimensions>
                                        <width unit="cm"/>
                                        <height unit="cm"/>
                                    </dimensions>
                                    <rs type="metre">no</rs>
                                </layout>
                            </layoutDesc>
                        </objectDesc>
                        <handDesc>
                            <handNote>
                               Yes
                                <height unit="cm">2.83.2</height>
                            </handNote>
                        </handDesc>
                    </physDesc>
                    <history>
                        <origin>
                            <origPlace>
                           <placeName ref="www.trismegistos.org/place/NaN">Callatis</placeName>
                                <placeName type="provincItalicRegion" ref="www.trismegistos.org/place/029480">Moesia inferior</placeName>
                                </origPlace>
                              <origDate   datingMethod="http://en.wikipedia.org/wiki/Julian_calendar">102 - 116 AD - according to the Imperial titles attached to Trajan</origDate>
                        </origin>
                        <provenance type="found">  
                            <date>1958</date>
                                <placeName>35 m NW of the Roman Wall</placeName> 
                            <placeName type="modernRegion">Constanța</placeName>
                            <placeName type="modernCountry">Romania</placeName>
                        </provenance>
                    </history>
                </msDesc>
            </sourceDesc>
        </fileDesc>
        <encodingDesc>
            <p>Marked-up according to the EpiDoc Guidelines</p>
            <classDecl>
                <taxonomy>
                    <category xml:id="representation">
                        <catDesc>Digitized other representations</catDesc>
                    </category>
                </taxonomy>
            </classDecl>
        </encodingDesc>
        <profileDesc>
                <textClass>
<keywords>
     <term ref="http://www.eagle-network.eu/voc/typeins/lod/79">Dedication</term></keywords>
    </textClass>

            <langUsage>
                <language ident="ar">Arabic</language>
                <language ident="en">English</language>
                <language ident="fr">French</language>
                <language ident="de">German</language>
                <language ident="grc">Ancient Greek</language>
                <language ident="grc-Latn">Transliterated Greek</language>
                <language ident="el">Modern Greek</language>
                <language ident="he">Hebrew</language>
                <language ident="it">Italian</language>
                <language ident="la">Latin</language>
                <language ident="sp">Spanish</language>
            </langUsage>
        <creation>EAGLE - Europeana Network of Ancient Greek and Latin Epigraphy</creation></profileDesc>
        <revisionDesc>
         <change when="2015-06-03" who="Florian Matei-Popescu">Florian Matei-Popescu</change>
        </revisionDesc>
    </teiHeader>
        
    
    <text>
        <body>
                       
            <div type="bibliography">
                <listBibl>
<bibl>A. Rădulescu, StCl 4, 1962, p. 275-279 </bibl><bibl> AE 1964, 250 </bibl><bibl> ISM III 83</bibl>
                </listBibl>
            </div>
            
            
            <div type="edition" xml:lang="la"><head>Text</head>
                
  
            

    <ab>
                        <lb n="1"/>
                        
                        
                            
                            <expan><abbr>Imp</abbr><ex>eratori</ex></expan> Nervae Traiano <expan><abbr>Caes</abbr><ex>ari</ex></expan> <expan><abbr>Aug</abbr><ex>usto</ex></expan> <expan><abbr>Ger</abbr><ex>manico</ex></expan> <lb n="2"/><expan><abbr>Dac</abbr><ex>ico</ex></expan>, <expan><abbr>T</abbr><ex>itus</ex></expan> Turpilius Hermes <lb n="3"/><expan><abbr>d</abbr><ex>edit</ex></expan> <expan><abbr>d</abbr><ex>edicavit</ex></expan> <lb n="4"/>civibus <expan><abbr>R</abbr><ex>omanis</ex></expan> consistentibus Cal<lb break="no" n="5"/>latis circa <expan><abbr>C</abbr><ex>aium</ex></expan> Iulium . <lb n="6"/>Proculum, <expan><abbr>n<am>n</am></abbr><ex>em</ex></expan> perpetuom
                        
                        
                    </ab>

                
                
            </div>

            
           <div type="translation">
                <p>                    To the honor of the Emperor Nerva Traianus Caesar Augustus Germanicus Dacicus, Titus Turpilius Hermes set and dedicated to the Roman citizen settled in Callatis around Caius Iulius Proculus, quinquennalis forever.</p>
                    <desc><ref type="license" target="http://creativecommons.org/licenses/by-sa/3.0/">Licensed under a Creative Commons Attribution-ShareAlike 3.0 Unported licence.</ref>
                </desc>
            </div>
            

        </body>
    </text>
</TEI>
