<?xml version="1.0" encoding="UTF-8"?>
<TEI xmlns="http://www.tei-c.org/ns/1.0" xml:space="preserve" xml:lang="en">
    <teiHeader>
        <fileDesc>
            <titleStmt>
                <title>Votive on Small altar</title>
            </titleStmt>  
            <publicationStmt>
                <authority>UNIVERSITATEA BABES BOLYAI</authority>
<idno type="URI">http://inscriptionsfromdacia.altervista.org/text/fm00000175.html</idno>

  <idno type="localID">fm00000175</idno>
<availability>
                    <licence target="http://creativecommons.org/licenses/by-nc-sa/3.0/">
This file is licensed under the Creative Commons Attribution-NonCommercial-ShareAlike 3.0 Unported license.
</licence>
                </availability>
            </publicationStmt>
            <sourceDesc>
                <msDesc>
                    <msIdentifier>
                        <country>
                            <placeName type="modern">Romania</placeName>
                        </country>
                        <region>
                            <placeName type="modern">Veliko Tarnovo</placeName>
                        </region>
                        <settlement>
                            <placeName>Svishtov</placeName>                     
                        </settlement>
                        <repository>Vasile Pârvan Institute of Archaeology, Bucharest</repository>
                        <collection/>
                        <idno/>
                    </msIdentifier>
                    <physDesc>
                        <objectDesc>
                            <supportDesc>
                                <support>
<objectType ref="http://www.eagle-network.eu/voc/objtyp/lod/29">Small altar</objectType>
                                    <material ref="http://www.eagle-network.eu/voc/material/lod/66">Limestone</material>
<p/>
                                    <dimensions unit="cm">
                                <height>32</height>
                                         <width>15-1</width>
                                         <depth>15-1</depth>
                                             </dimensions>
                                   <rs type="decoration" ref="http://www.eagle-network.eu/voc/decor/lod/2000">yes</rs>
                                    <rs type="statPreserv"/>
                                   </support>
                            </supportDesc>
                            <layoutDesc>
                                <layout>
                                  <rs type="execution"/><dimensions>
                                        <width unit="cm"/>
                                        <height unit="cm"/>
                                    </dimensions>
                                    <rs type="metre">no</rs>
                                </layout>
                            </layoutDesc>
                        </objectDesc>
                        <handDesc>
                            <handNote>
                               yes
                                <height unit="cm"/>
                            </handNote>
                        </handDesc>
                    </physDesc>
                    <history>
                        <origin>
                            <origPlace>
                           <placeName ref="http://www.trismegistos.org/place/024622">Novae</placeName>
                                <placeName type="provincItalicRegion" ref="http://www.trismegistos.org/place/029480">Moesia inferior</placeName>
                                </origPlace>
                              <origDate notBefore-custom="0101" notAfter-custom="0150" datingMethod="http://en.wikipedia.org/wiki/Julian_calendar">The first half of the second century AD</origDate>
                        </origin>
                        <provenance type="found">  
                            <date>1876</date>
                                <placeName>in the Roman fortress</placeName> 
                            <placeName type="modernRegion">Veliko Tarnovo</placeName>
                            <placeName type="modernCountry">Romania</placeName>
                        </provenance>
                    </history>
                </msDesc>
            </sourceDesc>
        </fileDesc>
        <encodingDesc>
            <p>Marked-up according to the EpiDoc Guidelines</p>
            <classDecl>
                <taxonomy>
                    <category xml:id="representation">
                        <catDesc>Digitized other representations</catDesc>
                    </category>
                </taxonomy>
            </classDecl>
        </encodingDesc>
        <profileDesc>
                <textClass>
<keywords>
     <term ref="http://www.eagle-network.eu/voc/typeins/lod/83">Votive</term></keywords>
    </textClass>

            <langUsage>
                <language ident="ar">Arabic</language>
                <language ident="en">English</language>
                <language ident="fr">French</language>
                <language ident="de">German</language>
                <language ident="grc">Ancient Greek</language>
                <language ident="grc-Latn">Transliterated Greek</language>
                <language ident="el">Modern Greek</language>
                <language ident="he">Hebrew</language>
                <language ident="it">Italian</language>
                <language ident="la">Latin</language>
                <language ident="sp">Spanish</language>
            </langUsage>
        <creation>EAGLE - Europeana Network of Ancient Greek and Latin Epigraphy</creation></profileDesc>
        <revisionDesc>
         <change when="2015-02-26" who="Florian Matei-Popescu">Florian Matei-Popescu</change>
        </revisionDesc>
    </teiHeader>
         <facsimile>

    <graphic n="CIL III 7438_1" url="https://upload.wikimedia.org/wikipedia/commons/d/d2/CIL_III_7438_1.JPG" sameAs="https://commons.wikimedia.org/wiki/File:CIL III 7438_1.JPG">
       <desc> CIL III 7438_1
          <ref type="license" target="http://creativecommons.org/licenses/by-sa/3.0/">Licensed under the Creative Commons Attribution-ShareAlike 3.0 Unported license. </ref>
      </desc>
   </graphic>
    <graphic n=" CIL III 7438_2" url="https://upload.wikimedia.org/wikipedia/commons/7/70/CIL_III_7438_2.JPG" sameAs="https://commons.wikimedia.org/wiki/File:CIL III 7438_2.JPG">
       <desc>  CIL III 7438_2
          <ref type="license" target="http://creativecommons.org/licenses/by-sa/3.0/">Licensed under the Creative Commons Attribution-ShareAlike 3.0 Unported license. </ref>
      </desc>
   </graphic>
    <graphic n=" CIL III 7438_3" url="https://upload.wikimedia.org/wikipedia/commons/7/74/CIL_III_7438_3.JPG" sameAs="https://commons.wikimedia.org/wiki/File:CIL III 7438_3.JPG">
       <desc>  CIL III 7438_3
          <ref type="license" target="http://creativecommons.org/licenses/by-sa/3.0/">Licensed under the Creative Commons Attribution-ShareAlike 3.0 Unported license. </ref>
      </desc>
   </graphic>
    <graphic n=" CIL III 7438_4" url="https://upload.wikimedia.org/wikipedia/commons/4/4d/CIL_III_7438_4.JPG" sameAs="https://commons.wikimedia.org/wiki/File:CIL III 7438_4.JPG">
       <desc>  CIL III 7438_4
          <ref type="license" target="http://creativecommons.org/licenses/by-sa/3.0/">Licensed under the Creative Commons Attribution-ShareAlike 3.0 Unported license. </ref>
      </desc>
   </graphic>
    <graphic n=" CIL III 7438_5" url="https://upload.wikimedia.org/wikipedia/commons/8/86/CIL_III_7438_5.JPG" sameAs="https://commons.wikimedia.org/wiki/File:CIL III 7438_5.JPG">
       <desc>  CIL III 7438_5
          <ref type="license" target="http://creativecommons.org/licenses/by-sa/3.0/">Licensed under the Creative Commons Attribution-ShareAlike 3.0 Unported license. </ref>
      </desc>
   </graphic>
    <graphic n=" CIL III 7438_6" url="https://upload.wikimedia.org/wikipedia/commons/2/20/CIL_III_7438_6.JPG" sameAs="https://commons.wikimedia.org/wiki/File:CIL III 7438_6.JPG">
       <desc>  CIL III 7438_6
          <ref type="license" target="http://creativecommons.org/licenses/by-sa/3.0/">Licensed under the Creative Commons Attribution-ShareAlike 3.0 Unported license. </ref>
      </desc>
   </graphic>
            
        </facsimile>
        
    
    <text>
        <body>
                       
            <div type="bibliography">
                <listBibl>
<bibl>CIL III 7438 </bibl><bibl> Gerov, Romanizmăt, II, p. 360, no. 53 </bibl><bibl> ILBulg 285</bibl>
                </listBibl>
            </div>
            
            
            <div type="edition" xml:lang="la"><head>Text</head>
                
  
            

    <ab>
                        <lb n="1"/>
                        
                        
                            
                            C. Ersidius Sexstus (sic!) <lb n="2"/><expan><abbr>mil</abbr><ex>es</ex></expan> <expan><abbr>leg</abbr><ex>ionis</ex></expan> I <expan><abbr>Ital</abbr><ex>icae</ex></expan> votum <lb n="3"/>Hercule (sic!) solvit merito
                        
                        
                    </ab>

                
                
            </div>

            
           <div type="translation">
                <p>                    C. Ersidius Sexstus, soldier of the first Italic legion, accomplished his vow to the well-deserving Hecules.</p>
                    <desc><ref type="license" target="http://creativecommons.org/licenses/by-sa/3.0/">Licensed under a Creative Commons Attribution-ShareAlike 3.0 Unported licence.</ref>
                </desc>
            </div>
            

        </body>
    </text>
</TEI>
