<?xml version="1.0" encoding="UTF-8"?>
<TEI xmlns="http://www.tei-c.org/ns/1.0" xml:space="preserve" xml:lang="en">
    <teiHeader>
        <fileDesc>
            <titleStmt>
                <title>Funerary on Stele</title>
            </titleStmt>  
            <publicationStmt>
                <authority>UNIVERSITATEA BABES BOLYAI</authority>
<idno type="URI">http://inscriptionsfromdacia.altervista.org/text/fm00000042.html</idno>

  <idno type="localID">fm00000042</idno>
<availability>
                    <licence target="http://creativecommons.org/licenses/by-nc-sa/3.0/">
This file is licensed under the Creative Commons Attribution-NonCommercial-ShareAlike 3.0 Unported license.
</licence>
                </availability>
            </publicationStmt>
            <sourceDesc>
                <msDesc>
                    <msIdentifier>
                        <country>
                            <placeName type="modern">Romania</placeName>
                        </country>
                        <region>
                            <placeName type="modern">Constanța</placeName>
                        </region>
                        <settlement>
                            <placeName>Urluchioi</placeName>                     
                        </settlement>
                        <repository>Vasile Pârvan Institute of Archaeology, Bucharest</repository>
                        <collection/>
                        <idno/>
                    </msIdentifier>
                    <physDesc>
                        <objectDesc>
                            <supportDesc>
                                <support>
<objectType ref="http://www.eagle-network.eu/voc/objtyp/lod/250">Stele</objectType>
                                    <material ref="http://www.eagle-network.eu/voc/material/lod/66">Limestone</material>
<p/>
                                    <dimensions unit="cm">
                                <height>113</height>
                                         <width>28</width>
                                         <depth>60</depth>
                                             </dimensions>
                                   <rs type="decoration" ref="http://www.eagle-network.eu/voc/decor/lod/2000">yes</rs>
                                    <rs type="statPreserv"/>
                                   </support>
                            </supportDesc>
                            <layoutDesc>
                                <layout>
                                  <rs type="execution"/><dimensions>
                                        <width unit="cm"/>
                                        <height unit="cm"/>
                                    </dimensions>
                                    <rs type="metre">no</rs>
                                </layout>
                            </layoutDesc>
                        </objectDesc>
                        <handDesc>
                            <handNote>
                               
                                <height unit="cm"/>
                            </handNote>
                        </handDesc>
                    </physDesc>
                    <history>
                        <origin>
                            <origPlace>
                           <placeName ref="http://www.trismegistos.org/place/030032">vicus Amlaidina</placeName>
                                <placeName type="provincItalicRegion" ref="http://www.trismegistos.org/place/029480">Moesia inferior</placeName>
                                </origPlace>
                              <origDate notBefore-custom="0201" notAfter-custom="0250" datingMethod="http://en.wikipedia.org/wiki/Julian_calendar">First half of the third century</origDate>
                        </origin>
                        <provenance type="found">  
                            <date>?</date>
                                <placeName></placeName> 
                            <placeName type="modernRegion">Constanța</placeName>
                            <placeName type="modernCountry">Romania</placeName>
                        </provenance>
                    </history>
                </msDesc>
            </sourceDesc>
        </fileDesc>
        <encodingDesc>
            <p>Marked-up according to the EpiDoc Guidelines</p>
            <classDecl>
                <taxonomy>
                    <category xml:id="representation">
                        <catDesc>Digitized other representations</catDesc>
                    </category>
                </taxonomy>
            </classDecl>
        </encodingDesc>
        <profileDesc>
                <textClass>
<keywords>
     <term ref="http://www.eagle-network.eu/voc/typeins/lod/92">Funerary</term></keywords>
    </textClass>

            <langUsage>
                <language ident="ar">Arabic</language>
                <language ident="en">English</language>
                <language ident="fr">French</language>
                <language ident="de">German</language>
                <language ident="grc">Ancient Greek</language>
                <language ident="grc-Latn">Transliterated Greek</language>
                <language ident="el">Modern Greek</language>
                <language ident="he">Hebrew</language>
                <language ident="it">Italian</language>
                <language ident="la">Latin</language>
                <language ident="sp">Spanish</language>
            </langUsage>
        <creation>EAGLE - Europeana Network of Ancient Greek and Latin Epigraphy</creation></profileDesc>
        <revisionDesc>
         <change when="2015-02-26" who="Florian Matei-Popescu">Florian Matei-Popescu</change>
        </revisionDesc>
    </teiHeader>
         <facsimile>

    <graphic n="CIL III 13743_1" url="https://upload.wikimedia.org/wikipedia/commons/3/33/CIL_III_13743_1.JPG" sameAs="https://commons.wikimedia.org/wiki/File:CIL III 13743_1.JPG">
       <desc> CIL III 13743_1
          <ref type="license" target="http://creativecommons.org/licenses/by-sa/3.0/">Licensed under the Creative Commons Attribution-ShareAlike 3.0 Unported license. </ref>
      </desc>
   </graphic>
    <graphic n=" CIL III 13743_2" url="https://upload.wikimedia.org/wikipedia/commons/6/6b/CIL_III_13743_2.JPG" sameAs="https://commons.wikimedia.org/wiki/File:CIL III 13743_2.JPG">
       <desc>  CIL III 13743_2
          <ref type="license" target="http://creativecommons.org/licenses/by-sa/3.0/">Licensed under the Creative Commons Attribution-ShareAlike 3.0 Unported license. </ref>
      </desc>
   </graphic>
    <graphic n=" CIL III 13743_3" url="https://upload.wikimedia.org/wikipedia/commons/6/6c/CIL_III_13743_3.JPG" sameAs="https://commons.wikimedia.org/wiki/File:CIL III 13743_3.JPG">
       <desc>  CIL III 13743_3
          <ref type="license" target="http://creativecommons.org/licenses/by-sa/3.0/">Licensed under the Creative Commons Attribution-ShareAlike 3.0 Unported license. </ref>
      </desc>
   </graphic>
            
        </facsimile>
        
    
    <text>
        <body>
                       
            <div type="bibliography">
                <listBibl>
<bibl>Gr. Tocilescu, AEM 19, 1896, p. 93-94, no. 37 </bibl><bibl> CIL III 13743 </bibl><bibl> ISM II 266 </bibl><bibl> ISM III 237 </bibl><bibl> Conrad, Grabstelen, no. 123</bibl>
                </listBibl>
            </div>
            
            
            <div type="edition" xml:lang="la"><head>Text</head>
                
  
            

    <ab>
                        <lb n="1"/>
                        
                        
                            
                            <expan><abbr>D</abbr><ex>is</ex></expan> <expan><abbr>M</abbr><ex>anibus</ex></expan> <lb n="2"/><expan><abbr>Aur</abbr><ex>elio</ex></expan> Daleni ex <expan><abbr>vic</abbr><ex>o</ex></expan> A[m<lb break="no" n="3"/>l]aidina et <expan><abbr>q</abbr><ex>uondam</ex></expan> prae<lb break="no" n="4"/>torianorum <lb n="5"/>Aurelia Uthis <lb n="6"/><supplied reason="lost">u</supplied>xor eius titu<lb break="no" n="7"/>lum de suo <expan><abbr>m</abbr><ex>erenti</ex></expan> <supplied reason="lost"><expan><abbr>p</abbr><ex>onendum</ex></expan></supplied> <expan><abbr>c</abbr><ex>uravit</ex></expan>.
                        
                        
                    </ab>

                
                
            </div>

            

            <div type="commentary">
                <p>Nowadays very difficult to read, the inscription field being badly damaged.</p>
            </div>

        </body>
    </text>
</TEI>
