<?xml version="1.0" encoding="UTF-8"?>
<TEI xmlns="http://www.tei-c.org/ns/1.0" xml:space="preserve" xml:lang="en">
    <teiHeader>
        <fileDesc>
            <titleStmt>
                <title>Funerary on Stele</title>
            </titleStmt>  
            <publicationStmt>
                <authority>UNIVERSITATEA BABES BOLYAI</authority>
<idno type="URI">http://inscriptionsfromdacia.altervista.org/text/fm00000119.html</idno>

  <idno type="localID">fm00000119</idno>
<availability>
                    <licence target="http://creativecommons.org/licenses/by-nc-sa/3.0/">
This file is licensed under the Creative Commons Attribution-NonCommercial-ShareAlike 3.0 Unported license.
</licence>
                </availability>
            </publicationStmt>
            <sourceDesc>
                <msDesc>
                    <msIdentifier>
                        <country>
                            <placeName type="modern">Romania</placeName>
                        </country>
                        <region>
                            <placeName type="modern">Constanța</placeName>
                        </region>
                        <settlement>
                            <placeName>Capidava</placeName>                     
                        </settlement>
                        <repository>Vasile Parvan Institute of Archaeology, Bucharest</repository>
                        <collection/>
                        <idno/>
                    </msIdentifier>
                    <physDesc>
                        <objectDesc>
                            <supportDesc>
                                <support>
<objectType ref="http://www.eagle-network.eu/voc/objtyp/lod/250">Stele</objectType>
                                    <material ref="http://www.eagle-network.eu/voc/material/lod/66">Limestone</material>
<p/>
                                    <dimensions unit="cm">
                                <height>120</height>
                                         <width>15</width>
                                         <depth>53</depth>
                                             </dimensions>
                                   <rs type="decoration" ref="http://www.eagle-network.eu/voc/decor/lod/2000">yes</rs>
                                    <rs type="statPreserv"/>
                                   </support>
                            </supportDesc>
                            <layoutDesc>
                                <layout>
                                  <rs type="execution"/><dimensions>
                                        <width unit="cm"/>
                                        <height unit="cm"/>
                                    </dimensions>
                                    <rs type="metre">no</rs>
                                </layout>
                            </layoutDesc>
                        </objectDesc>
                        <handDesc>
                            <handNote>
                               
                                <height unit="cm">4.5</height>
                            </handNote>
                        </handDesc>
                    </physDesc>
                    <history>
                        <origin>
                            <origPlace>
                           <placeName ref="http://www.trismegistos.org/place/029996">Capidava</placeName>
                                <placeName type="provincItalicRegion" ref="http://www.trismegistos.org/place/029480">Moesia inferior</placeName>
                                </origPlace>
                              <origDate notBefore-custom="0251" notAfter-custom="0300" datingMethod="http://en.wikipedia.org/wiki/Julian_calendar">Second half of the third century AD</origDate>
                        </origin>
                        <provenance type="found">  
                            <date>The end of the 19th C</date>
                                <placeName>Capidava</placeName> 
                            <placeName type="modernRegion">Constanța</placeName>
                            <placeName type="modernCountry">Romania</placeName>
                        </provenance>
                    </history>
                </msDesc>
            </sourceDesc>
        </fileDesc>
        <encodingDesc>
            <p>Marked-up according to the EpiDoc Guidelines</p>
            <classDecl>
                <taxonomy>
                    <category xml:id="representation">
                        <catDesc>Digitized other representations</catDesc>
                    </category>
                </taxonomy>
            </classDecl>
        </encodingDesc>
        <profileDesc>
                <textClass>
<keywords>
     <term ref="http://www.eagle-network.eu/voc/typeins/lod/92">Funerary</term></keywords>
    </textClass>

            <langUsage>
                <language ident="ar">Arabic</language>
                <language ident="en">English</language>
                <language ident="fr">French</language>
                <language ident="de">German</language>
                <language ident="grc">Ancient Greek</language>
                <language ident="grc-Latn">Transliterated Greek</language>
                <language ident="el">Modern Greek</language>
                <language ident="he">Hebrew</language>
                <language ident="it">Italian</language>
                <language ident="la">Latin</language>
                <language ident="sp">Spanish</language>
            </langUsage>
        <creation>EAGLE - Europeana Network of Ancient Greek and Latin Epigraphy</creation></profileDesc>
        <revisionDesc>
         <change when="2015-02-26" who="Florian Matei-Popescu">Florian Matei-Popescu</change>
        </revisionDesc>
    </teiHeader>
         <facsimile>

    <graphic n="CIL III 12478_1" url="https://upload.wikimedia.org/wikipedia/commons/8/8f/CIL_III_12478_1.jpg" sameAs="https://commons.wikimedia.org/wiki/File:CIL III 12478_1.jpg">
       <desc> CIL III 12478_1
          <ref type="license" target="http://creativecommons.org/licenses/by-sa/3.0/">Licensed under the Creative Commons Attribution-ShareAlike 3.0 Unported license. </ref>
      </desc>
   </graphic>
    <graphic n=" CIL III 12478_2" url="https://upload.wikimedia.org/wikipedia/commons/0/05/CIL_III_12478_2.JPG" sameAs="https://commons.wikimedia.org/wiki/File:CIL III 12478_2.JPG">
       <desc>  CIL III 12478_2
          <ref type="license" target="http://creativecommons.org/licenses/by-sa/3.0/">Licensed under the Creative Commons Attribution-ShareAlike 3.0 Unported license. </ref>
      </desc>
   </graphic>
    <graphic n=" CIL III 12478_3" url="https://upload.wikimedia.org/wikipedia/commons/5/5f/CIL_III_12478_3.JPG" sameAs="https://commons.wikimedia.org/wiki/File:CIL III 12478_3.JPG">
       <desc>  CIL III 12478_3
          <ref type="license" target="http://creativecommons.org/licenses/by-sa/3.0/">Licensed under the Creative Commons Attribution-ShareAlike 3.0 Unported license. </ref>
      </desc>
   </graphic>
            
        </facsimile>
        
    
    <text>
        <body>
                       
            <div type="bibliography">
                <listBibl>
<bibl>Gr. Tocilescu, AEM 17, 1893, p. 83-84, no. 6 </bibl><bibl> CIL III 12478 </bibl><bibl> Gr. Tocilescu, RIAF 9, 1903, p. 25-26, no. 34 </bibl><bibl> Gr. Florescu, Capidava, p. 109-110, no. 31 </bibl><bibl> ISM V 42</bibl>
                </listBibl>
            </div>
            
            
            <div type="edition" xml:lang="la"><head>Text</head>
                
  
            

    <ab>
                        <lb n="1"/>
                        
                        
                            
                            <expan><abbr>D</abbr><ex>is</ex></expan> <expan><abbr>M</abbr><ex>anibus</ex></expan> <lb n="2"/><expan><abbr>Aur</abbr><ex>elius</ex></expan> Hermes paganus <lb n="3"/>vixit annis LXX, dies XI et <lb n="4"/><expan><abbr>Aur</abbr><ex>elia</ex></expan> Meliti coniux eius <lb n="5"/>dem vixit annis LX, <lb n="6"/>menses duobus, dies VII <lb n="7"/>qui reliquerunt here<lb break="no" n="8"/>des bonos filios super<lb break="no" n="9"/>stantis VII, sex quidem <lb n="10"/>filios et unam filia<supplied reason="lost">m</supplied> <lb n="11"/>benemerentibus p<supplied reason="lost">i</supplied><lb break="no" n="12"/>entissimi nati mem<supplied reason="lost">o</supplied><lb break="no" n="13"/>riam posuerunt <lb n="14"/>ave vale viator!
                        
                        
                    </ab>

                
                
            </div>

            
           <div type="translation">
                <p>                    To the Manes. Aurelius Hermes, who lived in a pagus for 70 years and 11 days, together with his wife, Aurelia Meliti, who lived 60 years, 2 months and seven days. They left good as heirs good children, seven have survived, six sons and one daughter. The most pious children made the grave and raised the monument. Fare-thee-well, passer-by.</p>
                    <desc><ref type="license" target="http://creativecommons.org/licenses/by-sa/3.0/">Licensed under a Creative Commons Attribution-ShareAlike 3.0 Unported licence.</ref>
                </desc>
            </div>
            

            <div type="commentary">
                <p>paganus - the person who lives in a pagus</p>
            </div>

        </body>
    </text>
</TEI>
