<?xml version="1.0" encoding="UTF-8"?>
<TEI xmlns="http://www.tei-c.org/ns/1.0" xml:space="preserve" xml:lang="en">
    <teiHeader>
        <fileDesc>
            <titleStmt>
                <title>Funerary on Stele</title>
            </titleStmt>  
            <publicationStmt>
                <authority>UNIVERSITATEA BABES BOLYAI</authority>
<idno type="URI">http://inscriptionsfromdacia.altervista.org/text/fm00000107.html</idno>

  <idno type="localID">fm00000107</idno>
<availability>
                    <licence target="http://creativecommons.org/licenses/by-nc-sa/3.0/">
This file is licensed under the Creative Commons Attribution-NonCommercial-ShareAlike 3.0 Unported license.
</licence>
                </availability>
            </publicationStmt>
            <sourceDesc>
                <msDesc>
                    <msIdentifier>
                        <country>
                            <placeName type="modern">Romania</placeName>
                        </country>
                        <region>
                            <placeName type="modern">Mehedinți</placeName>
                        </region>
                        <settlement>
                            <placeName>Drobeta Turnu-Severin</placeName>                     
                        </settlement>
                        <repository>Museum of Drobeta Turnu-Severin</repository>
                        <collection/>
                        <idno/>
                    </msIdentifier>
                    <physDesc>
                        <objectDesc>
                            <supportDesc>
                                <support>
<objectType ref="http://www.eagle-network.eu/voc/objtyp/lod/250">Stele</objectType>
                                    <material ref="http://www.eagle-network.eu/voc/material/lod/66">Limestone</material>
<p/>
                                    <dimensions unit="cm">
                                <height>122</height>
                                         <width>60</width>
                                         <depth>73</depth>
                                             </dimensions>
                                   <rs type="decoration" ref="http://www.eagle-network.eu/voc/decor/lod/2000">yes</rs>
                                    <rs type="statPreserv"/>
                                   </support>
                            </supportDesc>
                            <layoutDesc>
                                <layout>
                                  <rs type="execution"/><dimensions>
                                        <width unit="cm"/>
                                        <height unit="cm"/>
                                    </dimensions>
                                    <rs type="metre">no</rs>
                                </layout>
                            </layoutDesc>
                        </objectDesc>
                        <handDesc>
                            <handNote>
                               
                                <height unit="cm">5-7</height>
                            </handNote>
                        </handDesc>
                    </physDesc>
                    <history>
                        <origin>
                            <origPlace>
                           <placeName ref="http://www.trismegistos.org/place/029680">Drobeta</placeName>
                                <placeName type="provincItalicRegion" ref="http://www.trismegistos.org/place/042767">Dacia superior</placeName>
                                </origPlace>
                              <origDate notBefore-custom="0120" notAfter-custom="0200" datingMethod="http://en.wikipedia.org/wiki/Julian_calendar">Second century AD</origDate>
                        </origin>
                        <provenance type="found">  
                            <date>?</date>
                                <placeName>Reused in the Late Roman fort, in the so-called tower of Justinian</placeName> 
                            <placeName type="modernRegion">Mehedinți</placeName>
                            <placeName type="modernCountry">Romania</placeName>
                        </provenance>
                    </history>
                </msDesc>
            </sourceDesc>
        </fileDesc>
        <encodingDesc>
            <p>Marked-up according to the EpiDoc Guidelines</p>
            <classDecl>
                <taxonomy>
                    <category xml:id="representation">
                        <catDesc>Digitized other representations</catDesc>
                    </category>
                </taxonomy>
            </classDecl>
        </encodingDesc>
        <profileDesc>
                <textClass>
<keywords>
     <term ref="http://www.eagle-network.eu/voc/typeins/lod/92">Funerary</term></keywords>
    </textClass>

            <langUsage>
                <language ident="ar">Arabic</language>
                <language ident="en">English</language>
                <language ident="fr">French</language>
                <language ident="de">German</language>
                <language ident="grc">Ancient Greek</language>
                <language ident="grc-Latn">Transliterated Greek</language>
                <language ident="el">Modern Greek</language>
                <language ident="he">Hebrew</language>
                <language ident="it">Italian</language>
                <language ident="la">Latin</language>
                <language ident="sp">Spanish</language>
            </langUsage>
        <creation>EAGLE - Europeana Network of Ancient Greek and Latin Epigraphy</creation></profileDesc>
        <revisionDesc>
         <change when="2015-02-26" who="Florian Matei-Popescu">Florian Matei-Popescu</change>
        </revisionDesc>
    </teiHeader>
         <facsimile>

   <graphic n="CIL III 14216,7" url="https://upload.wikimedia.org/wikipedia/commons/7/70/CIL_III_14216%2C7.JPG" sameAs="https://commons.wikimedia.org/wiki/File:CIL III 14216,7.JPG">
       <desc> CIL III 14216,7
          <ref type="license" target="http://creativecommons.org/licenses/by-sa/3.0/">Licensed under the Creative Commons Attribution-ShareAlike 3.0 Unported license. </ref>
      </desc>
   </graphic>    
   
            
        </facsimile>
        
    
    <text>
        <body>
                       
            <div type="bibliography">
                <listBibl>
<bibl>Gr. Tocilescu, AEM 19, 1896, p. 215, no. 74 </bibl><bibl> CIL III 14216,7 </bibl><bibl> Gr. Florescu, Mon. Fun., p. 16, no. 5 </bibl><bibl> IDR II 43</bibl>
                </listBibl>
            </div>
            
            
            <div type="edition" xml:lang="la"><head>Text</head>
                
  
            

    <ab>
                        <lb n="1"/>
                        
                        
                            
                            <expan><abbr>D</abbr><ex>is</ex></expan> <expan><abbr>M</abbr><ex>anibus</ex></expan> <lb n="2"/><expan><abbr>C</abbr><ex>aio</ex></expan> <expan><abbr>Iul</abbr><ex>io</ex></expan> Ve<lb break="no" n="3"/>recun<lb break="no" n="4"/>do <expan><abbr>vet</abbr><ex>erano</ex></expan> <lb n="5"/>ex <expan><abbr>dec</abbr><ex>urione</ex></expan> <expan><abbr>al</abbr><ex>ae</ex></expan> <lb n="6"/><expan><abbr>Cl</abbr><ex>audiae</ex></expan>, <expan><abbr>Cl</abbr><ex>audius</ex></expan> Lon<lb break="no" n="7"/>ginus ami<lb break="no" n="8"/>cus et he<lb break="no" n="9"/>res <expan><abbr>p</abbr><ex>ecunia</ex></expan> <expan><abbr>s</abbr><ex>ua</ex></expan>.
                        
                        
                    </ab>

                
                
            </div>

            

        </body>
    </text>
</TEI>
