<?xml version="1.0" encoding="UTF-8"?>
<TEI xmlns="http://www.tei-c.org/ns/1.0" xml:space="preserve" xml:lang="en">
    <teiHeader>
        <fileDesc>
            <titleStmt>
                <title>Dedication on Architrave</title>
            </titleStmt>  
            <publicationStmt>
                <authority>UNIVERSITATEA BABES BOLYAI</authority>
<idno type="URI">inscriptionsfromdacia.altervista.org/text/fm00000204</idno>

  <idno type="localID">fm00000204</idno>
<availability>
                    <licence target="http://creativecommons.org/licenses/by-nc-sa/3.0/">
This file is licensed under the Creative Commons Attribution-NonCommercial-ShareAlike 3.0 Unported license.
</licence>
                </availability>
            </publicationStmt>
            <sourceDesc>
                <msDesc>
                    <msIdentifier>
                        <country>
                            <placeName type="modern">Romania</placeName>
                        </country>
                        <region>
                            <placeName type="modern">Constanța</placeName>
                        </region>
                        <settlement>
                            <placeName>Istria</placeName>                     
                        </settlement>
                        <repository>Museum of Histria</repository>
                        <collection/>
                        <idno/>
                    </msIdentifier>
                    <physDesc>
                        <objectDesc>
                            <supportDesc>
                                <support>
<objectType ref="http://www.eagle-network.eu/voc/objtyp/lod/1511">Architrave</objectType>
                                    <material ref="http://www.eagle-network.eu/voc/material/lod/48">Marble</material>
<p/>
                                    <dimensions unit="cm">
                                <height>52</height>
                                         <width>34</width>
                                         <depth>143</depth>
                                             </dimensions>
                                   <rs type="decoration" ref="http://www.eagle-network.eu/voc/decor/lod/2000">yes</rs>
                                    <rs type="statPreserv"/>
                                   </support>
                            </supportDesc>
                            <layoutDesc>
                                <layout>
                                  <rs type="execution"/><dimensions>
                                        <width unit="cm"/>
                                        <height unit="cm"/>
                                    </dimensions>
                                    <rs type="metre">no</rs>
                                </layout>
                            </layoutDesc>
                        </objectDesc>
                        <handDesc>
                            <handNote>
                               No
                                <height unit="cm">3.5</height>
                            </handNote>
                        </handDesc>
                    </physDesc>
                    <history>
                        <origin>
                            <origPlace>
                           <placeName ref="www.trismegistos.org/place/012228">Histria</placeName>
                                <placeName type="provincItalicRegion" ref="www.trismegistos.org/place/029480">Moesia inferior</placeName>
                                </origPlace>
                              <origDate   datingMethod="http://en.wikipedia.org/wiki/Julian_calendar">117-128 AD</origDate>
                        </origin>
                        <provenance type="found">  
                            <date>1928-1941</date>
                                <placeName>In the Late Roman fortification</placeName> 
                            <placeName type="modernRegion">Constanța</placeName>
                            <placeName type="modernCountry">Romania</placeName>
                        </provenance>
                    </history>
                </msDesc>
            </sourceDesc>
        </fileDesc>
        <encodingDesc>
            <p>Marked-up according to the EpiDoc Guidelines</p>
            <classDecl>
                <taxonomy>
                    <category xml:id="representation">
                        <catDesc>Digitized other representations</catDesc>
                    </category>
                </taxonomy>
            </classDecl>
        </encodingDesc>
        <profileDesc>
                <textClass>
<keywords>
     <term ref="http://www.eagle-network.eu/voc/typeins/lod/79">Dedication</term></keywords>
    </textClass>

            <langUsage>
                <language ident="ar">Arabic</language>
                <language ident="en">English</language>
                <language ident="fr">French</language>
                <language ident="de">German</language>
                <language ident="grc">Ancient Greek</language>
                <language ident="grc-Latn">Transliterated Greek</language>
                <language ident="el">Modern Greek</language>
                <language ident="he">Hebrew</language>
                <language ident="it">Italian</language>
                <language ident="la">Latin</language>
                <language ident="sp">Spanish</language>
            </langUsage>
        <creation>EAGLE - Europeana Network of Ancient Greek and Latin Epigraphy</creation></profileDesc>
        <revisionDesc>
         <change when="2015-06-03" who="Florian Matei-Popescu">Florian Matei-Popescu</change>
        </revisionDesc>
    </teiHeader>
        
    
    <text>
        <body>
                       
            <div type="bibliography">
                <listBibl>
<bibl>D. M. Pippidi, Mélanges offerts à Kazimierz Michalowski, Warsaw, 1966, p. 619-623 </bibl><bibl> AE 1966, 358 </bibl><bibl> SEG 25, 791 </bibl><bibl> ISM I 148</bibl>
                </listBibl>
            </div>
            
            
            <div type="edition" xml:lang="la"><head>Text</head>
                
  
            
                    
                        <div n="1" type="textpart"><ab><lb n="1"/>
                                
                                
                                    
                                    <supplied reason="lost"><expan><abbr>Imp</abbr><ex>eratori</ex></expan> Caesari Tra</supplied>iano Hadriano <expan><abbr>Aug</abbr><ex>usto</ex></expan> <supplied reason="lost"><expan><abbr>p</abbr><ex>ontifici</ex></expan> m(aximo</supplied> <lb n="2"/><supplied reason="lost">civitas Histrianoru</supplied>m <lb n="3"/><supplied reason="lost"> <gap reason="lost" quantity="1" unit="character"/> <gap reason="lost" quantity="1" unit="character"/> <gap reason="lost" quantity="1" unit="character"/> l</supplied><expan><abbr>eg</abbr><ex>ato</ex></expan> <expan><abbr>Aug</abbr><ex>usti</ex></expan> pro <expan><abbr>pr</abbr><ex>aetore</ex></expan> <lb n="4"/>
                                
                            </ab>
                        </div>
                    
                        <div n="2" type="textpart"><ab><lb n="1"/>
                                
                                
                                    
                                    
                                
                                
                            </ab>
                        </div>
                    
                        <div n="3" type="textpart"><ab><lb n="1"/>
                                
                                
                                    
                                    
                                
                                
                            </ab>
                        </div>
                    
                        <div n="4" type="textpart"><ab><lb n="1"/>
                                
                                
                                    
                                    
                                
                                
                            </ab>
                        </div>
                    
                        <div n="5" type="textpart"><ab><lb n="1"/>
                                
                                
                                     <lb n="2"/><supplied reason="lost">Αὐτοκράτορι Καίσαρι Τ</supplied>ραιανῷ Ἁδριανῷ Σεβασατῷ ἀρχιερεῖ <lb n="3"/><supplied reason="lost">μεγίστῳ. ὁ</supplied> δῆμος Ἰστριανῶν <lb n="4"/><supplied reason="lost"><gap reason="lost" quantity="1" unit="character"/> <gap reason="lost" quantity="1" unit="character"/> <gap reason="lost" quantity="1" unit="character"/></supplied> πρεσβευτοῦ καὶ ἀντιστρατήγου Σεβαστοῦ
                                
                                
                            </ab>
                        </div>
                    
                
                
            </div>

            <div type="apparatus">
                <p>l. 1-2: [Imp(eratori) Caesari Tra]iano Hadriano Aug(usto) [p(ontifici)] / m(aximo) / [ - - - l]eg(ato) Aug(usti) pro pr(aetore) [Histrianorum civitas], Pippidi - nevertheless in the Greek version the mention of the Histrians comes before the name of governor, render in genitive absolute (during the governorship of...)</p>
            </div>

            
           <div type="translation">
                <p>                    To the Emperor Caesar, Traianus Hadrianus Augustus, the Greatest Priest, the community of the Histrians, while...was governor (of the province).</p>
                    <desc><ref type="license" target="http://creativecommons.org/licenses/by-sa/3.0/">Licensed under a Creative Commons Attribution-ShareAlike 3.0 Unported licence.</ref>
                </desc>
            </div>
            

        </body>
    </text>
</TEI>
