<?xml version="1.0" encoding="UTF-8"?>
<TEI xmlns="http://www.tei-c.org/ns/1.0" xml:space="preserve" xml:lang="en">
    <teiHeader>
        <fileDesc>
            <titleStmt>
                <title>Dedication on Altar</title>
            </titleStmt>  
            <publicationStmt>
                <authority>UNIVERSITATEA BABES BOLYAI</authority>
<idno type="URI">http://inscriptionsfromdacia.altervista.org/text/fm00000044.html</idno>

  <idno type="localID">fm00000044</idno>
<availability>
                    <licence target="http://creativecommons.org/licenses/by-nc-sa/3.0/">
This file is licensed under the Creative Commons Attribution-NonCommercial-ShareAlike 3.0 Unported license.
</licence>
                </availability>
            </publicationStmt>
            <sourceDesc>
                <msDesc>
                    <msIdentifier>
                        <country>
                            <placeName type="modern">Romania</placeName>
                        </country>
                        <region>
                            <placeName type="modern">Constanța</placeName>
                        </region>
                        <settlement>
                            <placeName>Constanta</placeName>                     
                        </settlement>
                        <repository>Vasile Pârvan Institute of Archaeology, Bucharest</repository>
                        <collection/>
                        <idno/>
                    </msIdentifier>
                    <physDesc>
                        <objectDesc>
                            <supportDesc>
                                <support>
<objectType ref="http://www.eagle-network.eu/voc/objtyp/lod/29">Altar</objectType>
                                    <material ref="http://www.eagle-network.eu/voc/material/lod/66">Limestone</material>
<p/>
                                    <dimensions unit="cm">
                                <height>185</height>
                                         <width>58-6</width>
                                         <depth>73</depth>
                                             </dimensions>
                                   <rs type="decoration" ref="http://www.eagle-network.eu/voc/decor/lod/2000">yes</rs>
                                    <rs type="statPreserv"/>
                                   </support>
                            </supportDesc>
                            <layoutDesc>
                                <layout>
                                  <rs type="execution"/><dimensions>
                                        <width unit="cm"/>
                                        <height unit="cm"/>
                                    </dimensions>
                                    <rs type="metre">no</rs>
                                </layout>
                            </layoutDesc>
                        </objectDesc>
                        <handDesc>
                            <handNote>
                               
                                <height unit="cm">4-6</height>
                            </handNote>
                        </handDesc>
                    </physDesc>
                    <history>
                        <origin>
                            <origPlace>
                           <placeName ref="http://www.trismegistos.org/place/007773">Tomis</placeName>
                                <placeName type="provincItalicRegion" ref="http://www.trismegistos.org/place/029480">Moesia inferior</placeName>
                                </origPlace>
                              <origDate notBefore-custom="0238" notAfter-custom="0244" datingMethod="http://en.wikipedia.org/wiki/Julian_calendar">The reign of Gordianus III</origDate>
                        </origin>
                        <provenance type="found">  
                            <date>?</date>
                                <placeName>Poarta Albă</placeName> 
                            <placeName type="modernRegion">Constanța</placeName>
                            <placeName type="modernCountry">Romania</placeName>
                        </provenance>
                    </history>
                </msDesc>
            </sourceDesc>
        </fileDesc>
        <encodingDesc>
            <p>Marked-up according to the EpiDoc Guidelines</p>
            <classDecl>
                <taxonomy>
                    <category xml:id="representation">
                        <catDesc>Digitized other representations</catDesc>
                    </category>
                </taxonomy>
            </classDecl>
        </encodingDesc>
        <profileDesc>
                <textClass>
<keywords>
     <term ref="http://www.eagle-network.eu/voc/typeins/lod/79">Dedication</term></keywords>
    </textClass>

            <langUsage>
                <language ident="ar">Arabic</language>
                <language ident="en">English</language>
                <language ident="fr">French</language>
                <language ident="de">German</language>
                <language ident="grc">Ancient Greek</language>
                <language ident="grc-Latn">Transliterated Greek</language>
                <language ident="el">Modern Greek</language>
                <language ident="he">Hebrew</language>
                <language ident="it">Italian</language>
                <language ident="la">Latin</language>
                <language ident="sp">Spanish</language>
            </langUsage>
        <creation>EAGLE - Europeana Network of Ancient Greek and Latin Epigraphy</creation></profileDesc>
        <revisionDesc>
         <change when="2015-02-26" who="Florian Matei-Popescu">Florian Matei-Popescu</change>
        </revisionDesc>
    </teiHeader>
         <facsimile>

    <graphic n="ILS 8851_1" url="https://upload.wikimedia.org/wikipedia/commons/7/79/ILS_8851_1.jpg" sameAs="https://commons.wikimedia.org/wiki/File:ILS 8851_1.jpg">
       <desc> ILS 8851_1
          <ref type="license" target="http://creativecommons.org/licenses/by-sa/3.0/">Licensed under the Creative Commons Attribution-ShareAlike 3.0 Unported license. </ref>
      </desc>
   </graphic>
    <graphic n=" ILS 8851_2" url="https://upload.wikimedia.org/wikipedia/commons/b/b7/ILS_8851_2.JPG" sameAs="https://commons.wikimedia.org/wiki/File:ILS 8851_2.JPG">
       <desc>  ILS 8851_2
          <ref type="license" target="http://creativecommons.org/licenses/by-sa/3.0/">Licensed under the Creative Commons Attribution-ShareAlike 3.0 Unported license. </ref>
      </desc>
   </graphic>
            
        </facsimile>
        
    
    <text>
        <body>
                       
            <div type="bibliography">
                <listBibl>
<bibl>Gr. Tocilescu, AEM 8, 1884, p. 22-23, no. 61 </bibl><bibl> ILS 8851 </bibl><bibl> IGGR I 623 </bibl><bibl> ISM II 106</bibl>
                </listBibl>
            </div>
            
            
            <div type="edition" xml:lang="la"><head>Text</head>
                
  
            

    <ab>
                        <lb n="1"/>
                        
                        
                            
                            Ἀγαθῆι τύχηι <lb n="2"/>Πόπλ(ιον) Αἴλ(ιον) Ἁμμώνιον τὸν κράτισ<lb break="no" n="3"/>τον ἐπίτροπον τοῦ Σεβ(αστοῦ) πράξαν<lb break="no" n="4"/>τα τὴν ἐπαρχείαν πιστῶς ἔπαρχον <lb n="5"/>χώρτης ε΄ Σπανῶν τριβοῦνον <lb n="6"/>χῶρτης α΄ Γερμανῶν ἡγησάμενον <lb n="7"/>στρατιωτικοῦ ἐν παρατάξει Ἀρ<lb break="no" n="8"/>μενιακῇ στρατιωτῶν ἐπαρ<lb break="no" n="9"/>χείας Καππαδόκων ἔπαρ<lb break="no" n="10"/>χον ἄλης α΄ Φλ(αουίας) Γετούλων <lb n="11"/>ἡγησάμενον στρατιωτι<lb break="no" n="12"/>κοῦ τῆς ἐπαρχείας ταύ<lb break="no" n="13"/>της ἔπαρχον κλάσσης <lb n="14"/>Φλ(αουίας) Μυσικῆς Γορδιανῆς <lb n="15"/>Κατυλλεῖνος ἀπελεύθε<lb break="no" n="16"/>ρος τοῦ κυρίου Αὐτο<lb break="no" n="17"/>κράτορος Μ(άρκου) Ἀντ(ωνίου) Γορ<lb break="no" n="18"/>διανοῦ Σεβ(αστοῦ) λιβρά<lb break="no" n="19"/>ριος τὸν ἑαυτοῦ <lb n="20"/>πραιπόσιτον.
                        
                        
                    </ab>

                
                
            </div>

            

            <div type="commentary">
                <p>On P. Aelius Hammonius' career see recently I. Piso, Fasti Daciae II, p. 240-245, no. 104</p>
            </div>

        </body>
    </text>
</TEI>
