<?xml version="1.0" encoding="UTF-8"?>
<TEI xmlns="http://www.tei-c.org/ns/1.0" xml:space="preserve" xml:lang="en">
    <teiHeader>
        <fileDesc>
            <titleStmt>
                <title>Dedication on Altar</title>
            </titleStmt>  
            <publicationStmt>
                <authority>UNIVERSITATEA BABES BOLYAI</authority>
<idno type="URI">http://inscriptionsfromdacia.altervista.org/text/fm00000027.html</idno>

  <idno type="localID">fm00000027</idno>
<availability>
                    <licence target="http://creativecommons.org/licenses/by-nc-sa/3.0/">
This file is licensed under the Creative Commons Attribution-NonCommercial-ShareAlike 3.0 Unported license.
</licence>
                </availability>
            </publicationStmt>
            <sourceDesc>
                <msDesc>
                    <msIdentifier>
                        <country>
                            <placeName type="modern">Romania</placeName>
                        </country>
                        <region>
                            <placeName type="modern">Constanța</placeName>
                        </region>
                        <settlement>
                            <placeName>Aliman</placeName>                     
                        </settlement>
                        <repository>Vasile Pârvan Institute of Archaeology, Bucharest</repository>
                        <collection/>
                        <idno/>
                    </msIdentifier>
                    <physDesc>
                        <objectDesc>
                            <supportDesc>
                                <support>
<objectType ref="http://www.eagle-network.eu/voc/objtyp/lod/29">Altar</objectType>
                                    <material ref="http://www.eagle-network.eu/voc/material/lod/48">Marble</material>
<p/>
                                    <dimensions unit="cm">
                                <height>72</height>
                                         <width>34</width>
                                         <depth>20</depth>
                                             </dimensions>
                                   <rs type="decoration">no</rs>
                                    <rs type="statPreserv"/>
                                   </support>
                            </supportDesc>
                            <layoutDesc>
                                <layout>
                                  <rs type="execution"/><dimensions>
                                        <width unit="cm"/>
                                        <height unit="cm"/>
                                    </dimensions>
                                    <rs type="metre">no</rs>
                                </layout>
                            </layoutDesc>
                        </objectDesc>
                        <handDesc>
                            <handNote>
                               
                                <height unit="cm">5.5</height>
                            </handNote>
                        </handDesc>
                    </physDesc>
                    <history>
                        <origin>
                            <origPlace>
                           <placeName ref="http://www.trismegistos.org/place/000425"></placeName>
                                <placeName type="provincItalicRegion" ref="http://www.trismegistos.org/place/029480">Moesia inferior</placeName>
                                </origPlace>
                              <origDate notBefore-custom="0154" notAfter-custom="0156" datingMethod="http://en.wikipedia.org/wiki/Julian_calendar">Around 155 AD, when T. Flavius Longinus Q. Marcius Turbo is attested governor of the Lower Moesia</origDate>
                        </origin>
                        <provenance type="found">  
                            <date>?</date>
                                <placeName>village</placeName> 
                            <placeName type="modernRegion">Constanța</placeName>
                            <placeName type="modernCountry">Romania</placeName>
                        </provenance>
                    </history>
                </msDesc>
            </sourceDesc>
        </fileDesc>
        <encodingDesc>
            <p>Marked-up according to the EpiDoc Guidelines</p>
            <classDecl>
                <taxonomy>
                    <category xml:id="representation">
                        <catDesc>Digitized other representations</catDesc>
                    </category>
                </taxonomy>
            </classDecl>
        </encodingDesc>
        <profileDesc>
                <textClass>
<keywords>
     <term ref="http://www.eagle-network.eu/voc/typeins/lod/79">Dedication</term></keywords>
    </textClass>

            <langUsage>
                <language ident="ar">Arabic</language>
                <language ident="en">English</language>
                <language ident="fr">French</language>
                <language ident="de">German</language>
                <language ident="grc">Ancient Greek</language>
                <language ident="grc-Latn">Transliterated Greek</language>
                <language ident="el">Modern Greek</language>
                <language ident="he">Hebrew</language>
                <language ident="it">Italian</language>
                <language ident="la">Latin</language>
                <language ident="sp">Spanish</language>
            </langUsage>
        <creation>EAGLE - Europeana Network of Ancient Greek and Latin Epigraphy</creation></profileDesc>
        <revisionDesc>
         <change when="2015-02-26" who="Florian Matei-Popescu">Florian Matei-Popescu</change>
        </revisionDesc>
    </teiHeader>
         <facsimile>

   <graphic n="CIL III 13735" url="https://upload.wikimedia.org/wikipedia/commons/8/81/CIL_III_13735.jpg" sameAs="https://commons.wikimedia.org/wiki/File:CIL III 13735.jpg">
       <desc> CIL III 13735
          <ref type="license" target="http://creativecommons.org/licenses/by-sa/3.0/">Licensed under the Creative Commons Attribution-ShareAlike 3.0 Unported license. </ref>
      </desc>
   </graphic>    
   
            
        </facsimile>
        
    
    <text>
        <body>
                       
            <div type="bibliography">
                <listBibl>
<bibl>Gr. Tocilescu, Neue Inschriften aus Rumänien, AEM 19, 1894, p. 103, no. 58 </bibl><bibl> CIL III 13735 </bibl><bibl> ISM IV 209.</bibl>
                </listBibl>
            </div>
            
            
            <div type="edition" xml:lang="la"><head>Text</head>
                
  
            

    <ab>
                        <lb n="1"/>
                        
                        
                            
                            <supplied reason="lost"> ... </supplied> <lb n="2"/><supplied reason="lost"><expan><abbr>T</abbr><ex>itus</ex></expan> Fl</supplied>avius <lb n="3"/><supplied reason="lost">Lon</supplied>ginus <lb n="4"/><supplied reason="lost"><expan><abbr>Q</abbr><ex>uintus</ex></expan> M</supplied>arciu<supplied reason="lost">s</supplied> <lb n="5"/><supplied reason="lost">Tu</supplied>rbo <lb n="6"/><supplied reason="lost"><expan><abbr>leg</abbr><ex>atus</ex></expan></supplied> <expan><abbr>Aug</abbr><ex>usti</ex></expan> <lb n="7"/><supplied reason="lost"><expan><abbr>pr</abbr><ex>o</ex></expan></supplied> <expan><abbr>pr</abbr><ex>aetore</ex></expan> <supplied reason="lost"> ... </supplied>.
                        
                        
                    </ab>

                
                
            </div>

            

        </body>
    </text>
</TEI>
