<?xml version="1.0" encoding="UTF-8"?>
<TEI xmlns="http://www.tei-c.org/ns/1.0" xml:space="preserve" xml:lang="en">
    <teiHeader>
        <fileDesc>
            <titleStmt>
                <title>Dedication on Altar</title>
            </titleStmt>  
            <publicationStmt>
                <authority>UNIVERSITATEA BABES BOLYAI</authority>
<idno type="URI">http://inscriptionsfromdacia.altervista.org/text/fm00000011.html</idno>

  <idno type="localID">fm00000011</idno>
<availability>
                    <licence target="http://creativecommons.org/licenses/by-nc-sa/3.0/">
This file is licensed under the Creative Commons Attribution-NonCommercial-ShareAlike 3.0 Unported license.
</licence>
                </availability>
            </publicationStmt>
            <sourceDesc>
                <msDesc>
                    <msIdentifier>
                        <country>
                            <placeName type="modern">Romania/Bulgaria</placeName>
                        </country>
                        <region>
                            <placeName type="modern"></placeName>
                        </region>
                        <settlement>
                            <placeName></placeName>                     
                        </settlement>
                        <repository>Vasile Pârvan Institute of Archaeology, Bucharest</repository>
                        <collection/>
                        <idno/>
                    </msIdentifier>
                    <physDesc>
                        <objectDesc>
                            <supportDesc>
                                <support>
<objectType ref="http://www.eagle-network.eu/voc/objtyp/lod/29">Altar</objectType>
                                    <material ref="http://www.eagle-network.eu/voc/material/lod/66">Limestone</material>
<p/>
                                    <dimensions unit="cm">
                                <height>56</height>
                                         <width>20</width>
                                         <depth>38</depth>
                                             </dimensions>
                                   <rs type="decoration" ref="http://www.eagle-network.eu/voc/decor/lod/2000">yes</rs>
                                    <rs type="statPreserv"/>
                                   </support>
                            </supportDesc>
                            <layoutDesc>
                                <layout>
                                  <rs type="execution"/><dimensions>
                                        <width unit="cm"/>
                                        <height unit="cm"/>
                                    </dimensions>
                                    <rs type="metre">no</rs>
                                </layout>
                            </layoutDesc>
                        </objectDesc>
                        <handDesc>
                            <handNote>
                               Between words
                                <height unit="cm"/>
                            </handNote>
                        </handDesc>
                    </physDesc>
                    <history>
                        <origin>
                            <origPlace>
                           <placeName ref="http://www.trismegistos.org/place/000425"></placeName>
                                <placeName type="provincItalicRegion" ref="http://www.trismegistos.org/place/029481">Moesia superior</placeName>
                                </origPlace>
                              <origDate notBefore-custom="0198" notAfter-custom="0208" datingMethod="http://en.wikipedia.org/wiki/Julian_calendar">Joint reign of Septimius Severus and Caracalla</origDate>
                        </origin>
                        <provenance type="found">  
                            <date>?</date>
                                <placeName></placeName> 
                            <placeName type="modernRegion"></placeName>
                            <placeName type="modernCountry">Romania/Bulgaria</placeName>
                        </provenance>
                    </history>
                </msDesc>
            </sourceDesc>
        </fileDesc>
        <encodingDesc>
            <p>Marked-up according to the EpiDoc Guidelines</p>
            <classDecl>
                <taxonomy>
                    <category xml:id="representation">
                        <catDesc>Digitized other representations</catDesc>
                    </category>
                </taxonomy>
            </classDecl>
        </encodingDesc>
        <profileDesc>
                <textClass>
<keywords>
     <term ref="http://www.eagle-network.eu/voc/typeins/lod/79">Dedication</term></keywords>
    </textClass>

            <langUsage>
                <language ident="ar">Arabic</language>
                <language ident="en">English</language>
                <language ident="fr">French</language>
                <language ident="de">German</language>
                <language ident="grc">Ancient Greek</language>
                <language ident="grc-Latn">Transliterated Greek</language>
                <language ident="el">Modern Greek</language>
                <language ident="he">Hebrew</language>
                <language ident="it">Italian</language>
                <language ident="la">Latin</language>
                <language ident="sp">Spanish</language>
            </langUsage>
        <creation>EAGLE - Europeana Network of Ancient Greek and Latin Epigraphy</creation></profileDesc>
        <revisionDesc>
         <change when="2015-02-26" who="Florian Matei-Popescu">Florian Matei-Popescu</change>
        </revisionDesc>
    </teiHeader>
         <facsimile>

    <graphic n="CIL III 6229_1" url="https://upload.wikimedia.org/wikipedia/commons/b/bf/CIL_III_6229_1.jpg" sameAs="https://commons.wikimedia.org/wiki/File:CIL III 6229_1.jpg">
       <desc> CIL III 6229_1
          <ref type="license" target="http://creativecommons.org/licenses/by-sa/3.0/">Licensed under the Creative Commons Attribution-ShareAlike 3.0 Unported license. </ref>
      </desc>
   </graphic>
    <graphic n=" CIL III 6229_2" url="https://upload.wikimedia.org/wikipedia/commons/a/a1/CIL_III_6229_2.JPG" sameAs="https://commons.wikimedia.org/wiki/File:CIL III 6229_2.JPG">
       <desc>  CIL III 6229_2
          <ref type="license" target="http://creativecommons.org/licenses/by-sa/3.0/">Licensed under the Creative Commons Attribution-ShareAlike 3.0 Unported license. </ref>
      </desc>
   </graphic>
            
        </facsimile>
        
    
    <text>
        <body>
                       
            <div type="bibliography">
                <listBibl>
<bibl>Gr. Tocilescu, Monumentele epigrafice și sculpturale din Muzeul Național de Antichități, p. 166-167 </bibl><bibl> CIL III 6229</bibl>
                </listBibl>
            </div>
            
            
            <div type="edition" xml:lang="la"><head>Text</head>
                
  
            

    <ab>
                        <lb n="1"/>
                        
                        
                            
                            Pro <expan><abbr>s</abbr><ex>alute</ex></expan> <expan><abbr>Impp</abbr><ex>eratorum</ex></expan> <expan><abbr>L</abbr><ex>ucii</ex></expan> Septi<lb break="no" n="2"/>mi Severi Pii Per<lb break="no" n="3"/><supplied reason="lost">t</supplied>inacis et <expan><abbr>M</abbr><ex>arci</ex></expan> Au<lb break="no" n="4"/>relio Antonini A<lb break="no" n="5"/><expan><abbr>ug<supplied reason="lost">g</supplied></abbr><ex>ustorum</ex></expan> et <del rend="erasure"><expan><abbr>L</abbr><ex>ucii</ex></expan> Septimi Getae</del> <lb n="6"/>Cae<del rend="erasure">saris</del> <expan><abbr>M</abbr><ex>arcus</ex></expan> U[lpius) <lb n="7"/>Ponticu<supplied reason="lost">s ... </supplied> <lb n="8"/>OXMV<supplied reason="lost"> ... </supplied> <lb n="9"/>Ulpi <supplied reason="lost"> ... </supplied>
                        
                        
                    </ab>

                
                
            </div>

            <div type="apparatus">
                <p>l. 8-9, Tocilescu: M. U[lpius] / Ponticus [et ... ius] / Oxemu[s IIviri vel aedil(es) col(oniae) / Ulpi[ae Oesc(ensium) de suo posuerunt]</p>
            </div>

            

        </body>
    </text>
</TEI>
