<?xml version="1.0" encoding="UTF-8"?>
<TEI xmlns="http://www.tei-c.org/ns/1.0" xml:space="preserve" xml:lang="en">
    <teiHeader>
        <fileDesc>
            <titleStmt>
                <title>Dedication on Altar</title>
            </titleStmt>  
            <publicationStmt>
                <authority>UNIVERSITATEA BABES BOLYAI</authority>
<idno type="URI">http://inscriptionsfromdacia.altervista.org/text/fm00000021.html</idno>

  <idno type="localID">fm00000021</idno>
<availability>
                    <licence target="http://creativecommons.org/licenses/by-nc-sa/3.0/">
This file is licensed under the Creative Commons Attribution-NonCommercial-ShareAlike 3.0 Unported license.
</licence>
                </availability>
            </publicationStmt>
            <sourceDesc>
                <msDesc>
                    <msIdentifier>
                        <country>
                            <placeName type="modern">Romania</placeName>
                        </country>
                        <region>
                            <placeName type="modern">Constanța</placeName>
                        </region>
                        <settlement>
                            <placeName>Constanta</placeName>                     
                        </settlement>
                        <repository>Vasile Pârvan Institute of Archaeology, Bucharest</repository>
                        <collection/>
                        <idno/>
                    </msIdentifier>
                    <physDesc>
                        <objectDesc>
                            <supportDesc>
                                <support>
<objectType ref="http://www.eagle-network.eu/voc/objtyp/lod/29">Altar</objectType>
                                    <material ref="http://www.eagle-network.eu/voc/material/lod/66">Limestone</material>
<p/>
                                    <dimensions unit="cm">
                                <height>113</height>
                                         <width>38</width>
                                         <depth>38</depth>
                                             </dimensions>
                                   <rs type="decoration">no</rs>
                                    <rs type="statPreserv"/>
                                   </support>
                            </supportDesc>
                            <layoutDesc>
                                <layout>
                                  <rs type="execution"/><dimensions>
                                        <width unit="cm"/>
                                        <height unit="cm"/>
                                    </dimensions>
                                    <rs type="metre">no</rs>
                                </layout>
                            </layoutDesc>
                        </objectDesc>
                        <handDesc>
                            <handNote>
                               
                                <height unit="cm">4-5</height>
                            </handNote>
                        </handDesc>
                    </physDesc>
                    <history>
                        <origin>
                            <origPlace>
                           <placeName ref="http://www.trismegistos.org/place/007773">Tomis</placeName>
                                <placeName type="provincItalicRegion" ref="http://www.trismegistos.org/place/029480">Moesia inferior</placeName>
                                </origPlace>
                              <origDate notBefore-custom="0235" notAfter-custom="0249" datingMethod="http://en.wikipedia.org/wiki/Julian_calendar">235 - 238 the joint reign of Maximinus Thrax and his son, Maximus; or 244-249 the joint reign of the two Philippi</origDate>
                        </origin>
                        <provenance type="found">  
                            <date>?</date>
                                <placeName>Anadolchioi</placeName> 
                            <placeName type="modernRegion">Constanța</placeName>
                            <placeName type="modernCountry">Romania</placeName>
                        </provenance>
                    </history>
                </msDesc>
            </sourceDesc>
        </fileDesc>
        <encodingDesc>
            <p>Marked-up according to the EpiDoc Guidelines</p>
            <classDecl>
                <taxonomy>
                    <category xml:id="representation">
                        <catDesc>Digitized other representations</catDesc>
                    </category>
                </taxonomy>
            </classDecl>
        </encodingDesc>
        <profileDesc>
                <textClass>
<keywords>
     <term ref="http://www.eagle-network.eu/voc/typeins/lod/79">Dedication</term></keywords>
    </textClass>

            <langUsage>
                <language ident="ar">Arabic</language>
                <language ident="en">English</language>
                <language ident="fr">French</language>
                <language ident="de">German</language>
                <language ident="grc">Ancient Greek</language>
                <language ident="grc-Latn">Transliterated Greek</language>
                <language ident="el">Modern Greek</language>
                <language ident="he">Hebrew</language>
                <language ident="it">Italian</language>
                <language ident="la">Latin</language>
                <language ident="sp">Spanish</language>
            </langUsage>
        <creation>EAGLE - Europeana Network of Ancient Greek and Latin Epigraphy</creation></profileDesc>
        <revisionDesc>
         <change when="2015-02-26" who="Florian Matei-Popescu">Florian Matei-Popescu</change>
        </revisionDesc>
    </teiHeader>
         <facsimile>

    <graphic n="CIL III 7533_1" url="https://upload.wikimedia.org/wikipedia/commons/f/fb/CIL_III_7533_1.JPG" sameAs="https://commons.wikimedia.org/wiki/File:CIL III 7533_1.JPG">
       <desc> CIL III 7533_1
          <ref type="license" target="http://creativecommons.org/licenses/by-sa/3.0/">Licensed under the Creative Commons Attribution-ShareAlike 3.0 Unported license. </ref>
      </desc>
   </graphic>
    <graphic n=" CIL III 7533_2" url="https://upload.wikimedia.org/wikipedia/commons/f/fc/CIL_III_7533_2.jpg" sameAs="https://commons.wikimedia.org/wiki/File:CIL III 7533_2.jpg">
       <desc>  CIL III 7533_2
          <ref type="license" target="http://creativecommons.org/licenses/by-sa/3.0/">Licensed under the Creative Commons Attribution-ShareAlike 3.0 Unported license. </ref>
      </desc>
   </graphic>
    <graphic n=" CIL III 7533_3" url="https://upload.wikimedia.org/wikipedia/commons/6/64/CIL_III_7533_3.jpg" sameAs="https://commons.wikimedia.org/wiki/File:CIL III 7533_3.jpg">
       <desc>  CIL III 7533_3
          <ref type="license" target="http://creativecommons.org/licenses/by-sa/3.0/">Licensed under the Creative Commons Attribution-ShareAlike 3.0 Unported license. </ref>
      </desc>
   </graphic>
            
        </facsimile>
        
    
    <text>
        <body>
                       
            <div type="bibliography">
                <listBibl>
<bibl>Gr. Tocilescu, Neue Inschriften aus der Dobrudscha, AEM 6, 1882, p. 11, no. 19 = CIL III 7533 = ISM II 141</bibl><bibl> I. I. Russu, Note epigrafice. Seria IV, SCIV 10, 1959, 1, p. 139-140, no. 1</bibl>
                </listBibl>
            </div>
            
            
            <div type="edition" xml:lang="la"><head>Text</head>
                
  
            

    <ab>
                        <lb n="1"/>
                        
                        
                            
                            <supplied reason="lost"><expan><abbr>I</abbr><ex>ovi</ex></expan> <expan><abbr>O</abbr><ex>ptimo</ex></expan> <expan><abbr>M</abbr><ex>aximo</ex></expan></supplied><lb n="2"/><supplied reason="lost">e</supplied>t Iunone <expan><abbr>Reg</abbr><ex>inae</ex></expan> <lb n="3"/><supplied reason="lost">ci</supplied>ves Roman<supplied reason="lost">i</supplied> <lb n="4"/><supplied reason="lost">e</supplied>t Lae consi<supplied reason="lost">s</supplied><lb break="no" n="5"/><supplied reason="lost">t</supplied>entes vico <supplied reason="lost">t</supplied>urre Muca<supplied reason="lost">…</supplied> <lb n="6"/>posuerunt <lb n="7"/><supplied reason="lost">pro</supplied> salutem <lb n="8"/><expan><abbr><supplied reason="lost">Im</supplied>peratorr</abbr><ex>um</ex></expan> <lb n="9"/><del rend="erasure">……………..</del><lb break="no" n="10"/><del rend="erasure">…..</del> Au<supplied reason="lost"><expan><abbr>gg</abbr><ex>ustorum</ex></expan></supplied> <lb n="11"/><supplied reason="lost">p</supplied>er magistro<supplied reason="lost">s</supplied> <lb n="12"/><supplied reason="lost">…</supplied>um er Ianua<supplied reason="lost">r</supplied>iu<supplied reason="lost">m</supplied> <lb n="13"/><supplied reason="lost">et</supplied> Herculanu<supplied reason="lost">m</supplied>.
                        
                        
                    </ab>

                
                
            </div>

            

        </body>
    </text>
</TEI>
