<?xml version="1.0" encoding="UTF-8"?>
<TEI xmlns="http://www.tei-c.org/ns/1.0" xml:space="preserve" xml:lang="en">
    <teiHeader>
        <fileDesc>
            <titleStmt>
                <title>Building inscription on Tabula ansata</title>
            </titleStmt>  
            <publicationStmt>
                <authority>UNIVERSITATEA BABES BOLYAI</authority>
<idno type="URI">http://inscriptionsfromdacia.altervista.org/text/fm00000143.html</idno>
<idno type="lupa">http://www.ubi-erat-lupa.org/monument.php?id=21022</idno>
  <idno type="localID">fm00000143</idno>
<availability>
                    <licence target="http://creativecommons.org/licenses/by-nc-sa/3.0/">
This file is licensed under the Creative Commons Attribution-NonCommercial-ShareAlike 3.0 Unported license.
</licence>
                </availability>
            </publicationStmt>
            <sourceDesc>
                <msDesc>
                    <msIdentifier>
                        <country>
                            <placeName type="modern">Romania</placeName>
                        </country>
                        <region>
                            <placeName type="modern">Tulcea</placeName>
                        </region>
                        <settlement>
                            <placeName>Baia</placeName>                     
                        </settlement>
                        <repository>Museum of Constanta</repository>
                        <collection/>
                        <idno/>
                    </msIdentifier>
                    <physDesc>
                        <objectDesc>
                            <supportDesc>
                                <support>
<objectType ref="http://www.eagle-network.eu/voc/objtyp/lod/263">Tabula ansata</objectType>
                                    <material ref="http://www.eagle-network.eu/voc/material/lod/66">Limestone</material>
<p/>
                                    <dimensions unit="cm">
                                <height>195</height>
                                         <width>23</width>
                                         <depth>83</depth>
                                             </dimensions>
                                   <rs type="decoration" ref="http://www.eagle-network.eu/voc/decor/lod/2000">yes</rs>
                                    <rs type="statPreserv"/>
                                   </support>
                            </supportDesc>
                            <layoutDesc>
                                <layout>
                                  <rs type="execution"/><dimensions>
                                        <width unit="cm"/>
                                        <height unit="cm"/>
                                    </dimensions>
                                    <rs type="metre">no</rs>
                                </layout>
                            </layoutDesc>
                        </objectDesc>
                        <handDesc>
                            <handNote>
                               No
                                <height unit="cm">4.5</height>
                            </handNote>
                        </handDesc>
                    </physDesc>
                    <history>
                        <origin>
                            <origPlace>
                           <placeName ref="http://www.trismegistos.org/place/029970">vicus Petra</placeName>
                                <placeName type="provincItalicRegion" ref="http://www.trismegistos.org/place/029480">Moesia inferior</placeName>
                                </origPlace>
                              <origDate notBefore-custom="0151" notAfter-custom="0250" datingMethod="http://en.wikipedia.org/wiki/Julian_calendar">Second half of the second, first half of the third century AD</origDate>
                        </origin>
                        <provenance type="found">  
                            <date>?</date>
                                <placeName>Camena</placeName> 
                            <placeName type="modernRegion">Tulcea</placeName>
                            <placeName type="modernCountry">Romania</placeName>
                        </provenance>
                    </history>
                </msDesc>
            </sourceDesc>
        </fileDesc>
        <encodingDesc>
            <p>Marked-up according to the EpiDoc Guidelines</p>
            <classDecl>
                <taxonomy>
                    <category xml:id="representation">
                        <catDesc>Digitized other representations</catDesc>
                    </category>
                </taxonomy>
            </classDecl>
        </encodingDesc>
        <profileDesc>
                <textClass>
<keywords>
     <term ref="http://www.eagle-network.eu/voc/typeins/lod/86">Building inscription</term></keywords>
    </textClass>

            <langUsage>
                <language ident="ar">Arabic</language>
                <language ident="en">English</language>
                <language ident="fr">French</language>
                <language ident="de">German</language>
                <language ident="grc">Ancient Greek</language>
                <language ident="grc-Latn">Transliterated Greek</language>
                <language ident="el">Modern Greek</language>
                <language ident="he">Hebrew</language>
                <language ident="it">Italian</language>
                <language ident="la">Latin</language>
                <language ident="sp">Spanish</language>
            </langUsage>
        <creation>EAGLE - Europeana Network of Ancient Greek and Latin Epigraphy</creation></profileDesc>
        <revisionDesc>
         <change when="2015-02-26" who="Florian Matei-Popescu">Florian Matei-Popescu</change>
        </revisionDesc>
    </teiHeader>
        
    
    <text>
        <body>
                       
            <div type="bibliography">
                <listBibl>
<bibl>AE 1935, 172 </bibl><bibl> AE 1939, 100 </bibl><bibl> ISM V 222 </bibl><bibl> Lupa 21022</bibl>
                </listBibl>
            </div>
            
            
            <div type="edition" xml:lang="la"><head>Text</head>
                
  
            

    <ab>
                        <lb n="1"/>
                        
                        
                            
                            <expan><abbr>Q</abbr><ex>uod</ex></expan> <expan><abbr>b</abbr><ex>onum</ex></expan> <expan><abbr>f</abbr><ex>austum</ex></expan> f<expan><ex>elix</ex><abbr>Vicani</abbr></expan> Petrenses qui <supplied reason="lost">c</supplied>ontul<supplied reason="lost">erunt</supplied> <lb n="2"/>causa salutis cor<supplied reason="lost">poris</supplied> sui <expan><abbr>balineu</abbr><ex>m</ex></expan> <expan><abbr>faciundu</abbr><ex>m</ex></expan> qu<supplied reason="lost">od opus</supplied> <lb n="3"/>effectu magisterio anni <expan><abbr>Nymphidi</abbr><ex>i</ex></expan> Maximi et <expan><abbr>Aeli</abbr><ex>i</ex></expan> Gem<supplied reason="lost">ini</supplied> ques<supplied reason="lost">tori</supplied><lb break="no" n="4"/>bus vici Ulpio Romano et Cassio Primitivo curantibus operi N<supplied reason="lost">ymphidio</supplied> <lb n="5"/>Maximo <expan><abbr>s</abbr><ex>upra</ex></expan> <expan><abbr>s</abbr><ex>cripto</ex></expan> et Aelio Iulio.
                        
                        
                    </ab>

                
                
            </div>

            
           <div type="translation">
                <p>                    May it be good, fortunate and prosperous! The villagers from Petra made their contribution to build a public bath for the good health of their bodies. This work was carried on in the year when Nymphidius Maximus and Aelius Geminus were mayors and Ulpius Romanus and Cassius Primitivus were book-keepers, under the supervision of the above mentioned Nymphidius Maximus and of Aelius Iulius.</p>
                    <desc><ref type="license" target="http://creativecommons.org/licenses/by-sa/3.0/">Licensed under a Creative Commons Attribution-ShareAlike 3.0 Unported licence.</ref>
                </desc>
            </div>
            

            <div type="commentary">
                <p>sui = eorum</p>
            </div>

        </body>
    </text>
</TEI>
