<?xml version="1.0" encoding="UTF-8"?>
<TEI xmlns="http://www.tei-c.org/ns/1.0" xml:space="preserve" xml:lang="en">
    <teiHeader>
        <fileDesc>
            <titleStmt>
                <title>Funerary on Stele</title>
            </titleStmt>  
            <publicationStmt>
                <authority>UNIVERSITATEA BABES BOLYAI</authority>
<idno type="URI">inscriptionsfromdacia.altervista.org/text/fm00000205</idno>

  <idno type="localID">fm00000205</idno>
<availability>
                    <licence target="http://creativecommons.org/licenses/by-nc-sa/3.0/">
This file is licensed under the Creative Commons Attribution-NonCommercial-ShareAlike 3.0 Unported license.
</licence>
                </availability>
            </publicationStmt>
            <sourceDesc>
                <msDesc>
                    <msIdentifier>
                        <country>
                            <placeName type="modern">Romania</placeName>
                        </country>
                        <region>
                            <placeName type="modern">Constanța</placeName>
                        </region>
                        <settlement>
                            <placeName>Istria</placeName>                     
                        </settlement>
                        <repository>Museum of Histria</repository>
                        <collection/>
                        <idno/>
                    </msIdentifier>
                    <physDesc>
                        <objectDesc>
                            <supportDesc>
                                <support>
<objectType ref="http://www.eagle-network.eu/voc/objtyp/lod/250">Stele</objectType>
                                    <material ref="http://www.eagle-network.eu/voc/material/lod/502">Sandstone</material>
<p/>
                                    <dimensions unit="cm">
                                <height>45</height>
                                         <width>15</width>
                                         <depth>54</depth>
                                             </dimensions>
                                   <rs type="decoration" ref="http://www.eagle-network.eu/voc/decor/lod/2000">yes</rs>
                                    <rs type="statPreserv"/>
                                   </support>
                            </supportDesc>
                            <layoutDesc>
                                <layout>
                                  <rs type="execution"/><dimensions>
                                        <width unit="cm"/>
                                        <height unit="cm"/>
                                    </dimensions>
                                    <rs type="metre">no</rs>
                                </layout>
                            </layoutDesc>
                        </objectDesc>
                        <handDesc>
                            <handNote>
                               No
                                <height unit="cm"/>
                            </handNote>
                        </handDesc>
                    </physDesc>
                    <history>
                        <origin>
                            <origPlace>
                           <placeName ref="www.trismegistos.org/place/012228">Histria</placeName>
                                <placeName type="provincItalicRegion" ref="www.trismegistos.org/place/029480">Moesia inferior</placeName>
                                </origPlace>
                              <origDate   datingMethod="http://en.wikipedia.org/wiki/Julian_calendar">First half of the fourth century AD</origDate>
                        </origin>
                        <provenance type="found">  
                            <date>1914</date>
                                <placeName>In the Late Roman fortification</placeName> 
                            <placeName type="modernRegion">Constanța</placeName>
                            <placeName type="modernCountry">Romania</placeName>
                        </provenance>
                    </history>
                </msDesc>
            </sourceDesc>
        </fileDesc>
        <encodingDesc>
            <p>Marked-up according to the EpiDoc Guidelines</p>
            <classDecl>
                <taxonomy>
                    <category xml:id="representation">
                        <catDesc>Digitized other representations</catDesc>
                    </category>
                </taxonomy>
            </classDecl>
        </encodingDesc>
        <profileDesc>
                <textClass>
<keywords>
     <term ref="http://www.eagle-network.eu/voc/typeins/lod/92">Funerary</term></keywords>
    </textClass>

            <langUsage>
                <language ident="ar">Arabic</language>
                <language ident="en">English</language>
                <language ident="fr">French</language>
                <language ident="de">German</language>
                <language ident="grc">Ancient Greek</language>
                <language ident="grc-Latn">Transliterated Greek</language>
                <language ident="el">Modern Greek</language>
                <language ident="he">Hebrew</language>
                <language ident="it">Italian</language>
                <language ident="la">Latin</language>
                <language ident="sp">Spanish</language>
            </langUsage>
        <creation>EAGLE - Europeana Network of Ancient Greek and Latin Epigraphy</creation></profileDesc>
        <revisionDesc>
         <change when="2015-06-03" who="Florian Matei-Popescu">Florian Matei-Popescu</change>
        </revisionDesc>
    </teiHeader>
        
    
    <text>
        <body>
                       
            <div type="bibliography">
                <listBibl>
<bibl>V. Pârvan, Histria IV, p. 695-700, no. 58 </bibl><bibl> AE 1919, 18 </bibl><bibl> IGLR 110</bibl>
                </listBibl>
            </div>
            
            
            <div type="edition" xml:lang="la"><head>Text</head>
                
  
            

    <ab>
                        <lb n="1"/>
                        
                        
                            
                            C<supplied reason="lost"><gap reason="lost" quantity="1" unit="character"/> <gap reason="lost" quantity="1" unit="character"/> <gap reason="lost" quantity="1" unit="character"/></supplied> <lb n="2"/>circitor d<supplied reason="lost">e</supplied> <lb n="3"/>vixillatio<lb break="no" n="4"/>n<supplied reason="lost">e</supplied> XII cata<lb break="no" n="5"/><expan><abbr>fractari</abbr><ex>orum</ex></expan> <supplied reason="lost">q</supplied>ua<supplied reason="lost">e</supplied> <supplied reason="lost">e</supplied><lb break="no" n="6"/><expan><abbr>s</abbr><ex>t</ex></expan> T<supplied reason="lost">ri</supplied>mamio vi<lb break="no" n="7"/>xit anni<supplied reason="lost">s</supplied> XXXIII <lb n="8"/><supplied reason="lost">milita</supplied>vit XII<supplied reason="lost">I ...</supplied>u<supplied reason="lost"> <gap reason="lost" quantity="1" unit="character"/> <gap reason="lost" quantity="1" unit="character"/> <gap reason="lost" quantity="1" unit="character"/></supplied>
                        
                        
                    </ab>

                
                
            </div>

            
           <div type="translation">
                <p>                    - - - circitor of the 12th flag among the heavy cavalry, which garrisons in Trimamius, lived 33 years and served 13 (14) years - - -</p>
                    <desc><ref type="license" target="http://creativecommons.org/licenses/by-sa/3.0/">Licensed under a Creative Commons Attribution-ShareAlike 3.0 Unported licence.</ref>
                </desc>
            </div>
            

        </body>
    </text>
</TEI>
