<?xml version="1.0" encoding="UTF-8"?>
<TEI xmlns="http://www.tei-c.org/ns/1.0" xml:space="preserve" xml:lang="en">
    <teiHeader>
        <fileDesc>
            <titleStmt>
                <title>Dedication on Plate</title>
            </titleStmt>  
            <publicationStmt>
                <authority>UNIVERSITATEA BABES BOLYAI</authority>
<idno type="URI">http://inscriptionsfromdacia.altervista.org/text/fm00000089.html</idno>

  <idno type="localID">fm00000089</idno>
<availability>
                    <licence target="http://creativecommons.org/licenses/by-nc-sa/3.0/">
This file is licensed under the Creative Commons Attribution-NonCommercial-ShareAlike 3.0 Unported license.
</licence>
                </availability>
            </publicationStmt>
            <sourceDesc>
                <msDesc>
                    <msIdentifier>
                        <country>
                            <placeName type="modern">Romania</placeName>
                        </country>
                        <region>
                            <placeName type="modern">Constanța</placeName>
                        </region>
                        <settlement>
                            <placeName>Istria</placeName>                     
                        </settlement>
                        <repository>Museum of Histria</repository>
                        <collection/>
                        <idno/>
                    </msIdentifier>
                    <physDesc>
                        <objectDesc>
                            <supportDesc>
                                <support>
<objectType ref="http://www.eagle-network.eu/voc/objtyp/lod/260">Plate</objectType>
                                    <material ref="http://www.eagle-network.eu/voc/material/lod/48">Marble</material>
<p/>
                                    <dimensions unit="cm">
                                <height>55</height>
                                         <width>2,5</width>
                                         <depth>43</depth>
                                             </dimensions>
                                   <rs type="decoration">no</rs>
                                    <rs type="statPreserv"/>
                                   </support>
                            </supportDesc>
                            <layoutDesc>
                                <layout>
                                  <rs type="execution"/><dimensions>
                                        <width unit="cm"/>
                                        <height unit="cm"/>
                                    </dimensions>
                                    <rs type="metre">no</rs>
                                </layout>
                            </layoutDesc>
                        </objectDesc>
                        <handDesc>
                            <handNote>
                               
                                <height unit="cm"/>
                            </handNote>
                        </handDesc>
                    </physDesc>
                    <history>
                        <origin>
                            <origPlace>
                           <placeName ref="http://www.trismegistos.org/place/012228">Histria</placeName>
                                <placeName type="provincItalicRegion" ref="http://www.trismegistos.org/place/029480">Moesia inferior</placeName>
                                </origPlace>
                              <origDate notBefore-custom="0240" notAfter-custom="0240" datingMethod="http://en.wikipedia.org/wiki/Julian_calendar">The reign of Gordianus III</origDate>
                        </origin>
                        <provenance type="found">  
                            <date>?</date>
                                <placeName>In the Late Roman city</placeName> 
                            <placeName type="modernRegion">Constanța</placeName>
                            <placeName type="modernCountry">Romania</placeName>
                        </provenance>
                    </history>
                </msDesc>
            </sourceDesc>
        </fileDesc>
        <encodingDesc>
            <p>Marked-up according to the EpiDoc Guidelines</p>
            <classDecl>
                <taxonomy>
                    <category xml:id="representation">
                        <catDesc>Digitized other representations</catDesc>
                    </category>
                </taxonomy>
            </classDecl>
        </encodingDesc>
        <profileDesc>
                <textClass>
<keywords>
     <term ref="http://www.eagle-network.eu/voc/typeins/lod/79">Dedication</term></keywords>
    </textClass>

            <langUsage>
                <language ident="ar">Arabic</language>
                <language ident="en">English</language>
                <language ident="fr">French</language>
                <language ident="de">German</language>
                <language ident="grc">Ancient Greek</language>
                <language ident="grc-Latn">Transliterated Greek</language>
                <language ident="el">Modern Greek</language>
                <language ident="he">Hebrew</language>
                <language ident="it">Italian</language>
                <language ident="la">Latin</language>
                <language ident="sp">Spanish</language>
            </langUsage>
        <creation>EAGLE - Europeana Network of Ancient Greek and Latin Epigraphy</creation></profileDesc>
        <revisionDesc>
         <change when="2015-02-26" who="Florian Matei-Popescu">Florian Matei-Popescu</change>
        </revisionDesc>
    </teiHeader>
         <facsimile>

   <graphic n="Dacia, NS 51, 2007" url="https://upload.wikimedia.org/wikipedia/commons/c/cc/Dacia%2C_NS_51%2C_2007.JPG" sameAs="https://commons.wikimedia.org/wiki/File:Dacia, NS 51, 2007.JPG">
       <desc> Dacia, NS 51, 2007
          <ref type="license" target="http://creativecommons.org/licenses/by-sa/3.0/">Licensed under the Creative Commons Attribution-ShareAlike 3.0 Unported license. </ref>
      </desc>
   </graphic>    
   
            
        </facsimile>
        
    
    <text>
        <body>
                       
            <div type="bibliography">
                <listBibl>
<bibl>V. Pârvan, Histria VII, p. 82, no. 54 and p. 54, no. 44</bibl><bibl> D. M. Pippidi, Rectificări la unele inscripții histriene publicate de V. Pârvan, SCIV 4, 1953, 3-4, p. 796-802</bibl><bibl> ISM I 168</bibl><bibl> Al. Avram, Le corpus des inscriptions d'Istros revisité, Dacia, N. S. 51, 2007, p. 100.</bibl>
                </listBibl>
            </div>
            
            
            <div type="edition" xml:lang="la"><head>Text</head>
                
  
            

    <ab>
                        <lb n="1"/>
                        
                        
                            
                            <expan><abbr><supplied reason="lost">I</supplied>mp</abbr><ex>erator</ex></expan> - - - - - <lb n="2"/><supplied reason="lost">Caesar <expan><abbr>M</abbr><ex>arcus</ex></expan> Ant</supplied>oni<supplied reason="lost">us Gordianus</supplied> <lb n="3"/><supplied reason="lost">Pius Fe</supplied>lix Invic<supplied reason="lost">tus <expan><abbr>Aug</abbr><ex>ustus</ex></expan></supplied> <lb n="4"/><supplied reason="lost">Pontif</supplied>ex Maximu<supplied reason="lost">s</supplied> <lb n="5"/><supplied reason="lost"><expan><abbr>trib</abbr><ex>unicia</ex></expan> <expan><abbr>pot</abbr><ex>estate</ex></expan></supplied> III co<expan><ex>n</ex><abbr>s</abbr><ex>ul</ex></expan> <supplied reason="lost"><expan><abbr>p</abbr><ex>ater</ex></expan> <expan><abbr>p</abbr><ex>atriae</ex></expan></supplied> <lb n="6"/><supplied reason="lost">mace</supplied>llum ve<supplied reason="lost">tustate</supplied> <lb n="7"/><supplied reason="lost">conl</supplied>absum <supplied reason="lost">a fundamentis</supplied> <lb n="8"/><supplied reason="lost">restit</supplied>uit c<supplied reason="lost">urante</supplied> <lb n="9"/><supplied reason="lost"><expan><abbr>C</abbr><ex>aius</ex></expan> Pe <gap reason="lost" quantity="1" unit="character"/> <gap reason="lost" quantity="1" unit="character"/> <gap reason="lost" quantity="1" unit="character"/> <gap reason="lost" quantity="1" unit="character"/> <gap reason="lost" quantity="1" unit="character"/> <expan><abbr>leg</abbr><ex>ato</ex></expan> <expan><abbr>Aug</abbr><ex>usti</ex></expan> <expan><abbr>pr</abbr><ex>o</ex></expan> <expan><abbr>pr</abbr><ex>aetore</ex></expan></supplied>.
                        
                        
                    </ab>

                
                
            </div>

            

        </body>
    </text>
</TEI>
