<?xml version="1.0" encoding="UTF-8"?>
<TEI xmlns="http://www.tei-c.org/ns/1.0" xml:space="preserve" xml:lang="en">
    <teiHeader>
        <fileDesc>
            <titleStmt>
                <title>Funerary on Altar</title>
            </titleStmt>  
            <publicationStmt>
                <authority>UNIVERSITATEA BABES BOLYAI</authority>
<idno type="URI">http://inscriptionsfromdacia.altervista.org/text/fm00000144.html</idno>
<idno type="lupa">http://www.ubi-erat-lupa.org/monument.php?id=15310</idno>
  <idno type="localID">fm00000144</idno>
<availability>
                    <licence target="http://creativecommons.org/licenses/by-nc-sa/3.0/">
This file is licensed under the Creative Commons Attribution-NonCommercial-ShareAlike 3.0 Unported license.
</licence>
                </availability>
            </publicationStmt>
            <sourceDesc>
                <msDesc>
                    <msIdentifier>
                        <country>
                            <placeName type="modern">Romania</placeName>
                        </country>
                        <region>
                            <placeName type="modern">Constanța</placeName>
                        </region>
                        <settlement>
                            <placeName>Pantelimonul de Sus</placeName>                     
                        </settlement>
                        <repository>Museum of Constanta</repository>
                        <collection/>
                        <idno/>
                    </msIdentifier>
                    <physDesc>
                        <objectDesc>
                            <supportDesc>
                                <support>
<objectType ref="http://www.eagle-network.eu/voc/objtyp/lod/29">Altar</objectType>
                                    <material ref="http://www.eagle-network.eu/voc/material/lod/66">Limestone</material>
<p/>
                                    <dimensions unit="cm">
                                <height>191</height>
                                         <width>116</width>
                                         <depth>116</depth>
                                             </dimensions>
                                   <rs type="decoration" ref="http://www.eagle-network.eu/voc/decor/lod/2000">yes</rs>
                                    <rs type="statPreserv"/>
                                   </support>
                            </supportDesc>
                            <layoutDesc>
                                <layout>
                                  <rs type="execution"/><dimensions>
                                        <width unit="cm"/>
                                        <height unit="cm"/>
                                    </dimensions>
                                    <rs type="metre">no</rs>
                                </layout>
                            </layoutDesc>
                        </objectDesc>
                        <handDesc>
                            <handNote>
                               
                                <height unit="cm">5.5</height>
                            </handNote>
                        </handDesc>
                    </physDesc>
                    <history>
                        <origin>
                            <origPlace>
                           <placeName ref="http://www.trismegistos.org/place/030024">Ulmetum</placeName>
                                <placeName type="provincItalicRegion" ref="http://www.trismegistos.org/place/029480">Moesia inferior</placeName>
                                </origPlace>
                              <origDate notBefore-custom="0101" notAfter-custom="0150" datingMethod="http://en.wikipedia.org/wiki/Julian_calendar">First half of the second century AD</origDate>
                        </origin>
                        <provenance type="found">  
                            <date>1893</date>
                                <placeName>Reused in the Late Roman fort, at the main gate</placeName> 
                            <placeName type="modernRegion">Constanța</placeName>
                            <placeName type="modernCountry">Romania</placeName>
                        </provenance>
                    </history>
                </msDesc>
            </sourceDesc>
        </fileDesc>
        <encodingDesc>
            <p>Marked-up according to the EpiDoc Guidelines</p>
            <classDecl>
                <taxonomy>
                    <category xml:id="representation">
                        <catDesc>Digitized other representations</catDesc>
                    </category>
                </taxonomy>
            </classDecl>
        </encodingDesc>
        <profileDesc>
                <textClass>
<keywords>
     <term ref="http://www.eagle-network.eu/voc/typeins/lod/92">Funerary</term></keywords>
    </textClass>

            <langUsage>
                <language ident="ar">Arabic</language>
                <language ident="en">English</language>
                <language ident="fr">French</language>
                <language ident="de">German</language>
                <language ident="grc">Ancient Greek</language>
                <language ident="grc-Latn">Transliterated Greek</language>
                <language ident="el">Modern Greek</language>
                <language ident="he">Hebrew</language>
                <language ident="it">Italian</language>
                <language ident="la">Latin</language>
                <language ident="sp">Spanish</language>
            </langUsage>
        <creation>EAGLE - Europeana Network of Ancient Greek and Latin Epigraphy</creation></profileDesc>
        <revisionDesc>
         <change when="2015-02-26" who="Florian Matei-Popescu">Florian Matei-Popescu</change>
        </revisionDesc>
    </teiHeader>
         <facsimile>

    <graphic n="CIL III 12491_1" url="https://upload.wikimedia.org/wikipedia/commons/3/3b/CIL_III_12491_1.JPG" sameAs="https://commons.wikimedia.org/wiki/File:CIL III 12491_1.JPG">
       <desc> CIL III 12491_1
          <ref type="license" target="http://creativecommons.org/licenses/by-sa/3.0/">Licensed under the Creative Commons Attribution-ShareAlike 3.0 Unported license. </ref>
      </desc>
   </graphic>
    <graphic n=" CIL III 12491_2" url="https://upload.wikimedia.org/wikipedia/commons/6/66/CIL_III_12491_2.JPG" sameAs="https://commons.wikimedia.org/wiki/File:CIL III 12491_2.JPG">
       <desc>  CIL III 12491_2
          <ref type="license" target="http://creativecommons.org/licenses/by-sa/3.0/">Licensed under the Creative Commons Attribution-ShareAlike 3.0 Unported license. </ref>
      </desc>
   </graphic>
    <graphic n=" CIL III 12491_3" url="https://upload.wikimedia.org/wikipedia/commons/c/c7/CIL_III_12491_3.JPG" sameAs="https://commons.wikimedia.org/wiki/File:CIL III 12491_3.JPG">
       <desc>  CIL III 12491_3
          <ref type="license" target="http://creativecommons.org/licenses/by-sa/3.0/">Licensed under the Creative Commons Attribution-ShareAlike 3.0 Unported license. </ref>
      </desc>
   </graphic>
    <graphic n=" CIL III 12491_4" url="https://upload.wikimedia.org/wikipedia/commons/8/8a/CIL_III_12491_4.JPG" sameAs="https://commons.wikimedia.org/wiki/File:CIL III 12491_4.JPG">
       <desc>  CIL III 12491_4
          <ref type="license" target="http://creativecommons.org/licenses/by-sa/3.0/">Licensed under the Creative Commons Attribution-ShareAlike 3.0 Unported license. </ref>
      </desc>
   </graphic>
            
        </facsimile>
        
    
    <text>
        <body>
                       
            <div type="bibliography">
                <listBibl>
<bibl>CIL III 12491 </bibl><bibl> ISM V 77 </bibl><bibl> Lupa 15310</bibl>
                </listBibl>
            </div>
            
            
            <div type="edition" xml:lang="la"><head>Text</head>
                
  
            

    <ab>
                        <lb n="1"/>
                        
                        
                            
                            <expan><abbr>C</abbr><ex>aius</ex></expan> <expan><abbr>Iul</abbr><ex>ius</ex></expan> <expan><abbr>C</abbr><ex>ai</ex></expan> <expan><abbr>f</abbr><ex>ilius</ex></expan> Quadr<supplied reason="lost"><expan><abbr>at</abbr><ex>us</ex></expan></supplied> <lb n="2"/>memoriam si<lb break="no" n="3"/>bi et Iuliae Terentiae con<lb break="no" n="4"/>iugi suae se vi<lb break="no" n="5"/>vo per liberos <lb n="6"/>suos fecit lo<lb break="no" n="7"/>ci princeps <lb n="8"/>quinquenn<lb break="no" n="9"/>alis territo<supplied reason="lost">rii</supplied> <lb n="10"/>Capidavensis.
                        
                        
                    </ab>

                
                
            </div>

            
           <div type="translation">
                <p>                    Caius Iulius, the son of Caius, Quadratus, raised this inscription for him and for Iulia Terentia, his wife, while he was alive through the care of his children. He was the leader of this place and magistrate with censorial powers of the territory of Capidava.</p>
                    <desc><ref type="license" target="http://creativecommons.org/licenses/by-sa/3.0/">Licensed under a Creative Commons Attribution-ShareAlike 3.0 Unported licence.</ref>
                </desc>
            </div>
            

        </body>
    </text>
</TEI>
