<?xml version="1.0" encoding="UTF-8"?>
<TEI xmlns="http://www.tei-c.org/ns/1.0" xml:space="preserve" xml:lang="en">
    <teiHeader>
        <fileDesc>
            <titleStmt>
                <title>Funerary on Stele</title>
            </titleStmt>  
            <publicationStmt>
                <authority>UNIVERSITATEA BABES BOLYAI</authority>
<idno type="URI">http://inscriptionsfromdacia.altervista.org/text/fm00000046.html</idno>

  <idno type="localID">fm00000046</idno>
<availability>
                    <licence target="http://creativecommons.org/licenses/by-nc-sa/3.0/">
This file is licensed under the Creative Commons Attribution-NonCommercial-ShareAlike 3.0 Unported license.
</licence>
                </availability>
            </publicationStmt>
            <sourceDesc>
                <msDesc>
                    <msIdentifier>
                        <country>
                            <placeName type="modern">Bulgaria</placeName>
                        </country>
                        <region>
                            <placeName type="modern">Veliko Tarnovo</placeName>
                        </region>
                        <settlement>
                            <placeName>Svishtov</placeName>                     
                        </settlement>
                        <repository>Vasile Pârvan Institute of Archaeology, Bucharest</repository>
                        <collection/>
                        <idno/>
                    </msIdentifier>
                    <physDesc>
                        <objectDesc>
                            <supportDesc>
                                <support>
<objectType ref="http://www.eagle-network.eu/voc/objtyp/lod/250">Stele</objectType>
                                    <material ref="http://www.eagle-network.eu/voc/material/lod/66">Limestone</material>
<p/>
                                    <dimensions unit="cm">
                                <height>160</height>
                                         <width>30</width>
                                         <depth>76</depth>
                                             </dimensions>
                                   <rs type="decoration" ref="http://www.eagle-network.eu/voc/decor/lod/2000">yes</rs>
                                    <rs type="statPreserv"/>
                                   </support>
                            </supportDesc>
                            <layoutDesc>
                                <layout>
                                  <rs type="execution"/><dimensions>
                                        <width unit="cm"/>
                                        <height unit="cm"/>
                                    </dimensions>
                                    <rs type="metre">no</rs>
                                </layout>
                            </layoutDesc>
                        </objectDesc>
                        <handDesc>
                            <handNote>
                               
                                <height unit="cm"/>
                            </handNote>
                        </handDesc>
                    </physDesc>
                    <history>
                        <origin>
                            <origPlace>
                           <placeName ref="http://www.trismegistos.org/place/024622">Novae</placeName>
                                <placeName type="provincItalicRegion" ref="http://www.trismegistos.org/place/029480">Moesia inferior</placeName>
                                </origPlace>
                              <origDate notBefore-custom="0051" notAfter-custom="0100" datingMethod="http://en.wikipedia.org/wiki/Julian_calendar">Probably second half of the first century - due to the use of hic situs est formula together with the name of the deceased person in the nominative case, habit which almost disappeared on the inscriptions from Lower Moesia after Trajan.</origDate>
                        </origin>
                        <provenance type="found">  
                            <date>?</date>
                                <placeName>Steclen</placeName> 
                            <placeName type="modernRegion">Veliko Tarnovo</placeName>
                            <placeName type="modernCountry">Bulgaria</placeName>
                        </provenance>
                    </history>
                </msDesc>
            </sourceDesc>
        </fileDesc>
        <encodingDesc>
            <p>Marked-up according to the EpiDoc Guidelines</p>
            <classDecl>
                <taxonomy>
                    <category xml:id="representation">
                        <catDesc>Digitized other representations</catDesc>
                    </category>
                </taxonomy>
            </classDecl>
        </encodingDesc>
        <profileDesc>
                <textClass>
<keywords>
     <term ref="http://www.eagle-network.eu/voc/typeins/lod/92">Funerary</term></keywords>
    </textClass>

            <langUsage>
                <language ident="ar">Arabic</language>
                <language ident="en">English</language>
                <language ident="fr">French</language>
                <language ident="de">German</language>
                <language ident="grc">Ancient Greek</language>
                <language ident="grc-Latn">Transliterated Greek</language>
                <language ident="el">Modern Greek</language>
                <language ident="he">Hebrew</language>
                <language ident="it">Italian</language>
                <language ident="la">Latin</language>
                <language ident="sp">Spanish</language>
            </langUsage>
        <creation>EAGLE - Europeana Network of Ancient Greek and Latin Epigraphy</creation></profileDesc>
        <revisionDesc>
         <change when="2015-02-26" who="Florian Matei-Popescu">Florian Matei-Popescu</change>
        </revisionDesc>
    </teiHeader>
         <facsimile>

    <graphic n="CIL III 6232_1" url="https://upload.wikimedia.org/wikipedia/commons/b/b3/CIL_III_6232_1.jpg" sameAs="https://commons.wikimedia.org/wiki/File:CIL III 6232_1.jpg">
       <desc> CIL III 6232_1
          <ref type="license" target="http://creativecommons.org/licenses/by-sa/3.0/">Licensed under the Creative Commons Attribution-ShareAlike 3.0 Unported license. </ref>
      </desc>
   </graphic>
    <graphic n=" CIL III 6232_2" url="https://upload.wikimedia.org/wikipedia/commons/b/bb/CIL_III_6232_2.JPG" sameAs="https://commons.wikimedia.org/wiki/File:CIL III 6232_2.JPG">
       <desc>  CIL III 6232_2
          <ref type="license" target="http://creativecommons.org/licenses/by-sa/3.0/">Licensed under the Creative Commons Attribution-ShareAlike 3.0 Unported license. </ref>
      </desc>
   </graphic>
            
        </facsimile>
        
    
    <text>
        <body>
                       
            <div type="bibliography">
                <listBibl>
<bibl>Gr. Tocilescu, Monumentele epigrafice si sculpturale, p. 266-268, no. 25</bibl><bibl> CIL III 6232 = ILBulg 311</bibl><bibl> S. Conrad, Grabstelen, p. 234-235, no. 403</bibl>
                </listBibl>
            </div>
            
            
            <div type="edition" xml:lang="la"><head>Text</head>
                
  
            

    <ab>
                        <lb n="1"/>
                        
                        
                            
                            <supplied reason="lost"> ... </supplied> <lb n="2"/>Donatus <expan><abbr>CAE</abbr><ex>...</ex></expan> <lb n="3"/> <lb n="4"/><expan><abbr>mil</abbr><ex>es</ex></expan> <expan><abbr>leg</abbr><ex>ionis</ex></expan> I <expan><abbr>Ital</abbr><ex>icae</ex></expan> <lb n="5"/><expan><abbr>vix</abbr><ex>it</ex></expan> <expan><abbr>n<am>n</am></abbr><ex>is</ex></expan> XXXII <lb n="6"/><expan><abbr>mil</abbr><ex>itavit</ex></expan> <expan><abbr>n<am>n</am></abbr><ex>is</ex></expan> XIIII <lb n="7"/><expan><abbr>h</abbr><ex>ic</ex></expan> <expan><abbr>s</abbr><ex>itus</ex></expan> <expan><abbr>e</abbr><ex>st</ex></expan> <lb n="8"/><expan><abbr>L</abbr><ex>ucius</ex></expan> Attius Max<lb break="no" n="9"/>simus (sic!) <expan><abbr>7</abbr><ex>centuria</ex></expan> Iuli <lb n="10"/>Verecundi <lb n="11"/><expan><abbr>her</abbr><ex>es</ex></expan> <lb n="12"/><expan><abbr>f</abbr><ex>aciendum</ex></expan> <expan><abbr>c</abbr><ex>uravit</ex></expan>.
                        
                        
                    </ab>

                
                
            </div>

            <div type="apparatus">
                <p>l. 1: CAE(sarea), Tocilescu, Gerov; GAL(esis), Kolendo; CAE, stone</p>
            </div>

            

        </body>
    </text>
</TEI>
