<?xml version="1.0" encoding="UTF-8"?>
<TEI xmlns="http://www.tei-c.org/ns/1.0" xml:space="preserve" xml:lang="en">
    <teiHeader>
        <fileDesc>
            <titleStmt>
                <title>Votive on Altar</title>
            </titleStmt>  
            <publicationStmt>
                <authority>UNIVERSITATEA BABES BOLYAI</authority>
<idno type="URI">http://inscriptionsfromdacia.altervista.org/text/fm00000139.html</idno>
<idno type="lupa">http://www.ubi-erat-lupa.org/monument.php?id=21036</idno>
  <idno type="localID">fm00000139</idno>
<availability>
                    <licence target="http://creativecommons.org/licenses/by-nc-sa/3.0/">
This file is licensed under the Creative Commons Attribution-NonCommercial-ShareAlike 3.0 Unported license.
</licence>
                </availability>
            </publicationStmt>
            <sourceDesc>
                <msDesc>
                    <msIdentifier>
                        <country>
                            <placeName type="modern">Romania</placeName>
                        </country>
                        <region>
                            <placeName type="modern">Constanța</placeName>
                        </region>
                        <settlement>
                            <placeName>Capidava</placeName>                     
                        </settlement>
                        <repository>Museum of Constanta</repository>
                        <collection/>
                        <idno/>
                    </msIdentifier>
                    <physDesc>
                        <objectDesc>
                            <supportDesc>
                                <support>
<objectType ref="http://www.eagle-network.eu/voc/objtyp/lod/29">Altar</objectType>
                                    <material ref="http://www.eagle-network.eu/voc/material/lod/66">Limestone</material>
<p/>
                                    <dimensions unit="cm">
                                <height>60</height>
                                         <width>47</width>
                                         <depth>46</depth>
                                             </dimensions>
                                   <rs type="decoration">no</rs>
                                    <rs type="statPreserv"/>
                                   </support>
                            </supportDesc>
                            <layoutDesc>
                                <layout>
                                  <rs type="execution"/><dimensions>
                                        <width unit="cm"/>
                                        <height unit="cm"/>
                                    </dimensions>
                                    <rs type="metre">no</rs>
                                </layout>
                            </layoutDesc>
                        </objectDesc>
                        <handDesc>
                            <handNote>
                               No
                                <height unit="cm">3.5</height>
                            </handNote>
                        </handDesc>
                    </physDesc>
                    <history>
                        <origin>
                            <origPlace>
                           <placeName ref="http://www.trismegistos.org/place/029996">Capidava</placeName>
                                <placeName type="provincItalicRegion" ref="http://www.trismegistos.org/place/029480">Moesia inferior</placeName>
                                </origPlace>
                              <origDate notBefore-custom="0138" notAfter-custom="0161" datingMethod="http://en.wikipedia.org/wiki/Julian_calendar">138 - 161 AD, dedication for the health of Antoninus Pius and Verus Aurelius Caesar (the future Marcus Aurelius)</origDate>
                        </origin>
                        <provenance type="found">  
                            <date>1927-1932</date>
                                <placeName>Reused in the Late Roman fort</placeName> 
                            <placeName type="modernRegion">Constanța</placeName>
                            <placeName type="modernCountry">Romania</placeName>
                        </provenance>
                    </history>
                </msDesc>
            </sourceDesc>
        </fileDesc>
        <encodingDesc>
            <p>Marked-up according to the EpiDoc Guidelines</p>
            <classDecl>
                <taxonomy>
                    <category xml:id="representation">
                        <catDesc>Digitized other representations</catDesc>
                    </category>
                </taxonomy>
            </classDecl>
        </encodingDesc>
        <profileDesc>
                <textClass>
<keywords>
     <term ref="http://www.eagle-network.eu/voc/typeins/lod/83">Votive</term></keywords>
    </textClass>

            <langUsage>
                <language ident="ar">Arabic</language>
                <language ident="en">English</language>
                <language ident="fr">French</language>
                <language ident="de">German</language>
                <language ident="grc">Ancient Greek</language>
                <language ident="grc-Latn">Transliterated Greek</language>
                <language ident="el">Modern Greek</language>
                <language ident="he">Hebrew</language>
                <language ident="it">Italian</language>
                <language ident="la">Latin</language>
                <language ident="sp">Spanish</language>
            </langUsage>
        <creation>EAGLE - Europeana Network of Ancient Greek and Latin Epigraphy</creation></profileDesc>
        <revisionDesc>
         <change when="2015-02-26" who="Florian Matei-Popescu">Florian Matei-Popescu</change>
        </revisionDesc>
    </teiHeader>
        
    
    <text>
        <body>
                       
            <div type="bibliography">
                <listBibl>
<bibl>AE 1934, 102 </bibl><bibl> Gr. Florescu, Capidava, p. 86-87 </bibl><bibl> ISM V 13 </bibl><bibl> Lupa 21036</bibl>
                </listBibl>
            </div>
            
            
            <div type="edition" xml:lang="la"><head>Text</head>
                
  
            

    <ab>
                        <lb n="1"/>
                        
                        
                            
                            <expan><abbr>I</abbr><ex>ovi</ex></expan> <expan><abbr>O</abbr><ex>ptimo</ex></expan> <expan><abbr>M</abbr><ex>aximo</ex></expan> Tona<expan><ex>n</ex><abbr>t</abbr></expan><supplied reason="lost">i</supplied> <lb n="2"/>et Iunoni Reginae <lb n="3"/>et pro <supplied reason="lost">s</supplied>al<supplied reason="lost">ut</supplied>e <expan><abbr>Imp</abbr><ex>eratoris</ex></expan> <expan><abbr>T</abbr><ex>iti</ex></expan> <expan><abbr>Ael</abbr><ex>ii</ex></expan> <lb n="4"/>Antonino (sic!) <expan><abbr>Aug</abbr><ex>usti</ex></expan> Pii et Veri Aurelii Caesare (sic!) <lb n="5"/>posuit Aelius Cara<lb break="no" n="6"/><supplied reason="lost"><gap reason="lost" quantity="1" unit="character"/> <gap reason="lost" quantity="1" unit="character"/> <gap reason="lost" quantity="1" unit="character"/></supplied>
                        
                        
                    </ab>

                
                
            </div>

            
           <div type="translation">
                <p>                    To the Thundering Jupiter, the Good and the Greatest, and to Iuno the Queen and for the health of the Emperor Titus Aelius Antoninus Augustus Pius and of the Caesar Verus Aurelius, raised by Aelius Cara[...].</p>
                    <desc><ref type="license" target="http://creativecommons.org/licenses/by-sa/3.0/">Licensed under a Creative Commons Attribution-ShareAlike 3.0 Unported licence.</ref>
                </desc>
            </div>
            

        </body>
    </text>
</TEI>
