<?xml version="1.0" encoding="UTF-8"?>
<TEI xmlns="http://www.tei-c.org/ns/1.0" xml:space="preserve" xml:lang="fr">
    <teiHeader>
        <fileDesc>
            <titleStmt>
                <title>Inscription funéraire d'Aurelius Celsus</title>
            </titleStmt>  
            <publicationStmt>
                <authority>UNIVERSITATEA BABES BOLYAI</authority>
                <idno type="URI">http://inscriptionsfromdacia.altervista.org/text/ip00000232.html</idno>
                
                
               <idno type="localID">ip00000232</idno>
  
                <availability>
                    <licence target="http://creativecommons.org/licenses/by-nc-sa/3.0/">
This file is licensed under the Creative Commons Attribution-NonCommercial-ShareAlike 3.0 Unported license.
</licence>
                </availability>
            </publicationStmt>
            <sourceDesc>
                <msDesc>
                    <msIdentifier>
                        <country>
                            <placeName type="modern">Roumanie</placeName>
                        </country>
                        <region>
                            <placeName type="modern">Jud. Cluj</placeName>
                        </region>
                        <settlement>
                            <placeName>Turda / Torda</placeName>                     
                        </settlement>
                        <repository>Musée de Turda</repository>
                        <collection/>
                        <idno/>
                    </msIdentifier>
                    <physDesc>
                        <objectDesc>
                            <supportDesc>
                                <support>

<objectType ref="http://www.eagle-network.eu/voc/objtyp/lod/230">Dé d'une base de monument funéraire</objectType>
                                    <material ref="http://www.eagle-network.eu/voc/material/lod/75">grès</material>                                    <p/>
                                    <dimensions unit="cm">
                                <height>14</height>
                                         <width/>
                                         <depth/>
                                            </dimensions>
                                                                        <rs type="decoration" ref="http://www.eagle-network.eu/voc/decor/lod/2000">yes</rs>
                                    <rs type="statPreserv"/> </support>
                            </supportDesc>
                            <layoutDesc>
                                <layout>
                                   <rs type="execution">sculptées</rs> <dimensions>
                                        <width unit="cm"/>
                                        <height unit="cm"/>
                                    </dimensions>
                                    <rs type="metre">no</rs>
                                </layout>
                            </layoutDesc>
                        </objectDesc>
                        <handDesc>
                            <handNote>
                               points de séparation ; lignes de guidage ; traces de couleur rouge dans les lettres.
                                <height unit="cm"/>
                            </handNote>
                        </handDesc>
                    </physDesc>
                    <history>
                        <origin>
                            <origPlace>Vue en 1780 encastrée dans un mur d’une maison par D. Sestini, J. F. Neigebaur et en 187 par Th. Mommsen
                                <placeName ref="http://www.trismegistos.org/place/030193">Potaissa</placeName>
                                <placeName type="provincItalicRegion" ref="http://www.trismegistos.org/place/004366">Dacia</placeName>
                            </origPlace>
                              <origDate datingMethod="http://en.wikipedia.org/wiki/Julian_calendar">Probablement du IIIe siècle, en raison du nomen Aurelius pas accompagné de praenomen.</origDate>
                        </origin>
                        <provenance type="found">  
                            <date>Avant 1780</date>
                                <placeName>Turda / Torda</placeName> 
                            <placeName type="modernRegion">Jud. Cluj</placeName>
                            <placeName type="modernCountry">Roumanie</placeName>
                        </provenance>
                    </history>
                </msDesc>
            </sourceDesc>
        </fileDesc>
        <encodingDesc>
            <p>Marked-up according to the EpiDoc Guidelines</p>
            <classDecl>
                <taxonomy>
                    <category xml:id="representation">
                        <catDesc>Digitized other representations</catDesc>
                    </category>
                </taxonomy>
            </classDecl>
        </encodingDesc>
        <profileDesc>
                <textClass>
<keywords>
    <term ref="http://www.eagle-network.eu/voc/typeins/lod/92">Inscription funéraire</term>
</keywords>
    </textClass>

            <langUsage>
                <language ident="ar">Arabic</language>
                <language ident="en">English</language>
                <language ident="fr">French</language>
                <language ident="de">German</language>
                <language ident="grc">Ancient Greek</language>
                <language ident="grc-Latn">Transliterated Greek</language>
                <language ident="el">Modern Greek</language>
                <language ident="he">Hebrew</language>
                <language ident="it">Italian</language>
                <language ident="la">Latin</language>
                <language ident="sp">Spanish</language>
            </langUsage>
        <creation>EAGLE - Europeana Network of Ancient Greek and Latin Epigraphy</creation></profileDesc>
        <revisionDesc>
         <change when="2015-02-26" who="Ioan Piso">Ioan Piso</change>
        </revisionDesc>
    </teiHeader>
<!--         <facsimile>

   <graphic n="PO_233" url="https://commons.wikimedia.org/wiki/File:PO_233.jpg">
       <desc> PO_233
          <ref type="license" target="http://creativecommons.org/licenses/by-sa/3.0/">Licensed under the Creative Commons Attribution-ShareAlike 3.0 Unported license. </ref>
      </desc>
   </graphic>    
   
            
        </facsimile>
        
-->    
    <text>
        <body>
                       
            <div type="bibliography">
                <listBibl>
<bibl>CIL III 908.</bibl>
                </listBibl>
            </div>
            
            
            <div type="edition" xml:lang="la"><head>Text</head>
                
  
            

    <ab>
                        <lb n="1"/>
                        
                        
                            
                            <expan><abbr>D</abbr><ex>is</ex></expan> <expan><abbr>M</abbr><ex>anibus</ex></expan> <lb n="2"/><expan><abbr>Aur</abbr><ex>elius</ex></expan> Celsus <lb n="3"/>vixit <expan><abbr>an</abbr><ex>nis</ex></expan> LX <lb n="4"/><expan><abbr>Aur</abbr><ex>elius</ex></expan> Bassus <lb n="5"/><expan><abbr>vix</abbr><ex>it</ex></expan> <expan><abbr>an</abbr><ex>nis</ex></expan> L <expan><abbr>Aur</abbr><ex>elius</ex></expan> <lb n="6"/>Celsinianus <lb n="7"/><expan><abbr>mil</abbr><ex>es</ex></expan> c<expan><ex>o</ex><abbr>h</abbr><ex>ortis</ex></expan> I <expan><abbr>P</abbr><ex>- - -</ex></expan> <expan><abbr>P</abbr><ex>- - -</ex></expan> <lb n="8"/><expan><abbr>pat</abbr><ex>ri</ex></expan> et a<expan><ex>v</ex><abbr>unc</abbr></expan> <lb n="9"/>ulo <expan><abbr>pient</abbr><ex>issimis</ex></expan> <lb n="10"/>ob mer<expan><ex>ita</ex><abbr>p</abbr><ex>osuit</ex></expan>.
                        
                        
                    </ab>

                
                
            </div>

            
           <div type="translation" xml:lang="fr">
                <p>                    Aux dieux Mânes. Aurelius Celsus a vécu 60 ans, Aurelius Bassus a vécu 0 ans. Aurelius Celsinianus, militaire de la cohorte I P(…) P(…), érigea(le monument) au père et à l’oncle maternel, pour(leurs) mérites.</p>
                    <desc><ref type="license" target="http://creativecommons.org/licenses/by-sa/3.0/">Licensed under a Creative Commons Attribution-ShareAlike 3.0 Unported licence.</ref>
                </desc>
            </div>
            

            <div type="commentary">
                <p>Comme l’oncle maternel de Celsinianus était un Aurelius, sa mère portait le même nomen. L. 7: . 7 : CH I P P pose des problèmes ; Mommsen : „cohors mihi ignota ; cf. eques n. p. p. n. 83”. Petolescu(Auxilia, p. 143) alla plus loin et lut c(o)h(ortis) I P(almyrenorum) P(orolissensium)(de même O. Țentea, Ex Oriente ad Danubium, București 2013, p. 73), ce qui est difficile à accepter, car le n(umerus) P(almyrenorum) P(orolissensium), composé d’archers montés, pouvait être interprétée comme aile, mais nullement comme cohorte ; voir IG XII / II 1, 146 = ILS 9472 de Thessalonike(I. Piso, D. Benea, AMN 36, 1999, p. 9). Il s’y agit soit d’une cohorte encore inconnue, par exemple de Pannoniens, soit d’une cohorte de la legio V Macedonica : c(o)h(ortis) I(centuria) p(rincipis) p(rioris) ou p(osterioris). L. 8-9 : aunculo à la place de avunculo ; division incorrecte en syllabes.</p>
            </div>

        </body>
    </text>
</TEI>
