<?xml version="1.0" encoding="UTF-8"?>
<TEI xmlns="http://www.tei-c.org/ns/1.0" xml:space="preserve" xml:lang="fr">
    <teiHeader>
        <fileDesc>
            <titleStmt>
                <title>Inscription votive</title>
            </titleStmt>  
            <publicationStmt>
                <authority>UNIVERSITATEA BABES BOLYAI</authority>
                <idno type="URI">http://inscriptionsfromdacia.altervista.org/text/ip00000090.html</idno>
                
                
               <idno type="localID">ip00000090</idno>
  
                <availability>
                    <licence target="http://creativecommons.org/licenses/by-nc-sa/3.0/">
This file is licensed under the Creative Commons Attribution-NonCommercial-ShareAlike 3.0 Unported license.
</licence>
                </availability>
            </publicationStmt>
            <sourceDesc>
                <msDesc>
                    <msIdentifier>
                        <country>
                            <placeName type="modern">Roumanie</placeName>
                        </country>
                        <region>
                            <placeName type="modern">Jud. Bistrița-Năsăud</placeName>
                        </region>
                        <settlement>
                            <placeName>Ilișua</placeName>                     
                        </settlement>
                        <repository>MJBN, inv. 23021</repository>
                        <collection/>
                        <idno/>
                    </msIdentifier>
                    <physDesc>
                        <objectDesc>
                            <supportDesc>
                                <support>

<objectType ref="http://www.eagle-network.eu/voc/objtyp/lod/25">Relief votif ou autel</objectType>
                                    <material ref="http://www.eagle-network.eu/voc/material/lod/30">tuf volcanique</material>                                    <p/>
                                    <dimensions unit="cm">
                                <height>40</height>
                                         <width/>
                                         <depth>30</depth>
                                            </dimensions>
                                                                        <rs type="decoration" ref="http://www.eagle-network.eu/voc/decor/lod/2000">yes</rs>
                                    <rs type="statPreserv"/> </support>
                            </supportDesc>
                            <layoutDesc>
                                <layout>
                                   <rs type="execution">sculptées</rs> <dimensions>
                                        <width unit="cm"/>
                                        <height unit="cm"/>
                                    </dimensions>
                                    <rs type="metre">no</rs>
                                </layout>
                            </layoutDesc>
                        </objectDesc>
                        <handDesc>
                            <handNote>
                               
                                <height unit="cm"/>
                            </handNote>
                        </handDesc>
                    </physDesc>
                    <history>
                        <origin>
                            <origPlace>Trouvé par hasard dans l’intérieur du camp, à la la surface, près du coin de nord-est.
                                <placeName ref="http://www.trismegistos.org/place/030262">Arcobadara</placeName>
                                <placeName type="provincItalicRegion" ref="http://www.trismegistos.org/place/004366">Dacia</placeName>
                            </origPlace>
                              <origDate  datingMethod="http://en.wikipedia.org/wiki/Julian_calendar">Du IIe siècle, si le dédicant avait un nom de facture pérégrine.</origDate>
                        </origin>
                        <provenance type="found">  
                            <date>Avant 2006</date>
                                <placeName>Ilișua</placeName> 
                            <placeName type="modernRegion">Jud. Bistrița-Năsăud</placeName>
                            <placeName type="modernCountry">Roumanie</placeName>
                        </provenance>
                    </history>
                </msDesc>
            </sourceDesc>
        </fileDesc>
        <encodingDesc>
            <p>Marked-up according to the EpiDoc Guidelines</p>
            <classDecl>
                <taxonomy>
                    <category xml:id="representation">
                        <catDesc>Digitized other representations</catDesc>
                    </category>
                </taxonomy>
            </classDecl>
        </encodingDesc>
        <profileDesc>
                <textClass>
<keywords>
    <term ref="http://www.eagle-network.eu/voc/typeins/lod/372">Inscription votive</term>
</keywords>
    </textClass>

            <langUsage>
                <language ident="ar">Arabic</language>
                <language ident="en">English</language>
                <language ident="fr">French</language>
                <language ident="de">German</language>
                <language ident="grc">Ancient Greek</language>
                <language ident="grc-Latn">Transliterated Greek</language>
                <language ident="el">Modern Greek</language>
                <language ident="he">Hebrew</language>
                <language ident="it">Italian</language>
                <language ident="la">Latin</language>
                <language ident="sp">Spanish</language>
            </langUsage>
        <creation>EAGLE - Europeana Network of Ancient Greek and Latin Epigraphy</creation></profileDesc>
        <revisionDesc>
         <change when="2015-02-26" who="Ioan Piso">Ioan Piso</change>
        </revisionDesc>
    </teiHeader>
         <facsimile>

   <graphic n="AR_91" url="https://upload.wikimedia.org/wikipedia/commons/7/78/AR_91.jpg" sameAs="https://commons.wikimedia.org/wiki/File:AR_91.jpg">
       <desc> AR_91
          <ref type="license" target="http://creativecommons.org/licenses/by-sa/3.0/">Licensed under the Creative Commons Attribution-ShareAlike 3.0 Unported license. </ref>
      </desc>
   </graphic>    
   
            
        </facsimile>
        
    
    <text>
        <body>
                       
            <div type="bibliography">
                <listBibl>
<bibl>R. Ardevan, V. Wollmann, dans : Studia historiae et religionis Daco-Romanae in honorem Silvii Sanie, Iași 2006, p. 29-267, fig. 1-4(photos, dessins) </bibl><bibl> AE 2006, 1131 </bibl><bibl> R. Ardevan, V. Wollmann, RevBistr 21 / 1, 2007, p. 241-243, no 1, fig. 1-2(photo, dessin) </bibl><bibl> S. Nemeti, Classica et Christiana / 2, 20, p. 411, no 16 </bibl><bibl> C. Gaiu, R. Zăgreanu,Inscripții și piese sculpturale din castrul roman de la Ilișua, Cluj-Napoca 2011, p. 71, no I.2.2, p. 122, pl. IV.</bibl>
                </listBibl>
            </div>
            
            
            <div type="edition" xml:lang="la"><head>Text</head>
                
  
            

    <ab>
                        <lb n="1"/>
                        
                        
                            
                            <supplied reason="lost"> <gap reason="lost" quantity="1" unit="character"/> <gap reason="lost" quantity="1" unit="character"/> <gap reason="lost" quantity="1" unit="character"/></supplied> <lb n="2"/>Ζαμαηνίσθης <lb n="3"/>εὐχὴν θεοῖς <lb n="4"/>βασι <supplied reason="lost"> λ</supplied>ικοῖς εὐ(χήν).
                        
                        
                    </ab>

                
                
            </div>

            
           <div type="translation" xml:lang="fr">
                <p>                    …, de Zama(?), s’est acquitté de son vœu(fait) aux dieux royaux. Il s’est acquitté de son vœu.</p>
                    <desc><ref type="license" target="http://creativecommons.org/licenses/by-sa/3.0/">Licensed under a Creative Commons Attribution-ShareAlike 3.0 Unported licence.</ref>
                </desc>
            </div>
            

            <div type="commentary">
                <p>Ardevan, Wollmann, Nemeti, Gaiu, Zăgreanu: Ζαμαννίσθης / εὐχὶν θεοῖς / χ [ θονί]οις [ - - -] ; l. 1, AE(Piso): Ζαμαηνίσθης, fini en –θης à la place de της, désigne probablement l’origine du dédicant, par exemple de Zama(Ζάμα), située en Cappadoce, sur la route de Tavium à Mazaka(Ptol., 6, 11 ; TP X / 1 ; voir L. Zgusta, Kleinasiatische Ortsnamen, Heidelberg 1984, p. 177, no. 320, p. 30, no 112 / 1, p. 31, no 113). Dans ce cas le nom du dédicant se trouve au-dessus du relief. Il est pourtant possible qu’il s’agisse d’un nom personnel, cf. Ζαμαμειζῶν, Ζαμάσπης, Ζαμάσφης(W. Pape I, p. 437). L. 2, HD : εὐχήν ; l. 3 : la deuxième lettre, A, et les dernières cinq lettres, IKOIC, sont claires et alors la lecture probable est βασι [ λ]ικοῖς et pas χ [ θονί]οις. Il s’agit probablement de divinités difficilement à identifier de l’Asie Mineure. Il semble que le lapicide ait oublié qu’il avait écrit εὐχὴν dans la l. 2 et en a répété à la fin de la l. 3 les premières deux lettres.</p>
            </div>

        </body>
    </text>
</TEI>
