<?xml version="1.0" encoding="UTF-8"?>
<TEI xmlns="http://www.tei-c.org/ns/1.0" xml:space="preserve" xml:lang="fr">
    <teiHeader>
        <fileDesc>
            <titleStmt>
                <title>Inscription votive</title>
            </titleStmt>  
            <publicationStmt>
                <authority>UNIVERSITATEA BABES BOLYAI</authority>
                <idno type="URI">http://inscriptionsfromdacia.altervista.org/text/ip00000081.html</idno>
                
                
               <idno type="localID">ip00000081</idno>
  
                <availability>
                    <licence target="http://creativecommons.org/licenses/by-nc-sa/3.0/">
This file is licensed under the Creative Commons Attribution-NonCommercial-ShareAlike 3.0 Unported license.
</licence>
                </availability>
            </publicationStmt>
            <sourceDesc>
                <msDesc>
                    <msIdentifier>
                        <country>
                            <placeName type="modern">Roumanie</placeName>
                        </country>
                        <region>
                            <placeName type="modern">Jud. Cluj</placeName>
                        </region>
                        <settlement>
                            <placeName>Turda / Torda</placeName>                     
                        </settlement>
                        <repository>disparu</repository>
                        <collection/>
                        <idno/>
                    </msIdentifier>
                    <physDesc>
                        <objectDesc>
                            <supportDesc>
                                <support>

<objectType>Autel votif ou base de statue</objectType>
                                    <material ref="http://www.eagle-network.eu/voc/material/lod/57">calcaire</material>                                    <p/>
                                    <dimensions unit="cm">
                                <height>74</height>
                                         <width/>
                                         <depth>27</depth>
                                            </dimensions>
                                                                        <rs type="decoration">no</rs>
                                    <rs type="statPreserv"/> </support>
                            </supportDesc>
                            <layoutDesc>
                                <layout>
                                   <rs type="execution">sculptées</rs> <dimensions>
                                        <width unit="cm"/>
                                        <height unit="cm"/>
                                    </dimensions>
                                    <rs type="metre">no</rs>
                                </layout>
                            </layoutDesc>
                        </objectDesc>
                        <handDesc>
                            <handNote>
                               
                                <height unit="cm"/>
                            </handNote>
                        </handDesc>
                    </physDesc>
                    <history>
                        <origin>
                            <origPlace>Les deux s ont été vus par C. Torma en 1886 et par A. v. Domaszewski en - - - chez A. Boné(ancienne rue Jegesalja 1496) et devant la maison de M. Tasnádi(rue Kiss 1342).
                                <placeName ref="http://www.trismegistos.org/place/030193">Potaissa</placeName>
                                <placeName type="provincItalicRegion" ref="http://www.trismegistos.org/place/004366">Dacia</placeName>
                            </origPlace>
                              <origDate  datingMethod="http://en.wikipedia.org/wiki/Julian_calendar">À partir de l’octroi du rang municipal à Potaissa au début du règne de Septime Sévère.</origDate>
                        </origin>
                        <provenance type="found">  
                            <date>Avant 1886</date>
                                <placeName>Turda / Torda</placeName> 
                            <placeName type="modernRegion">Jud. Cluj</placeName>
                            <placeName type="modernCountry">Roumanie</placeName>
                        </provenance>
                    </history>
                </msDesc>
            </sourceDesc>
        </fileDesc>
        <encodingDesc>
            <p>Marked-up according to the EpiDoc Guidelines</p>
            <classDecl>
                <taxonomy>
                    <category xml:id="representation">
                        <catDesc>Digitized other representations</catDesc>
                    </category>
                </taxonomy>
            </classDecl>
        </encodingDesc>
        <profileDesc>
                <textClass>
<keywords>
    <term ref="http://www.eagle-network.eu/voc/typeins/lod/372">Inscription votive</term>
</keywords>
    </textClass>

            <langUsage>
                <language ident="ar">Arabic</language>
                <language ident="en">English</language>
                <language ident="fr">French</language>
                <language ident="de">German</language>
                <language ident="grc">Ancient Greek</language>
                <language ident="grc-Latn">Transliterated Greek</language>
                <language ident="el">Modern Greek</language>
                <language ident="he">Hebrew</language>
                <language ident="it">Italian</language>
                <language ident="la">Latin</language>
                <language ident="sp">Spanish</language>
            </langUsage>
        <creation>EAGLE - Europeana Network of Ancient Greek and Latin Epigraphy</creation></profileDesc>
        <revisionDesc>
         <change when="2015-02-26" who="Ioan Piso">Ioan Piso</change>
        </revisionDesc>
    </teiHeader><!--
         <facsimile>

   <graphic n="PO_82" url="https://commons.wikimedia.org/wiki/File:PO_82.jpg">
       <desc> PO_82
          <ref type="license" target="http://creativecommons.org/licenses/by-sa/3.0/">Licensed under the Creative Commons Attribution-ShareAlike 3.0 Unported license. </ref>
      </desc>
   </graphic>    
   
            
        </facsimile>
        
    
-->    <text>
        <body>
                       
            <div type="bibliography">
                <listBibl>
<bibl>C. Torma, AEM 3, 1879, p. 98, no 26, p. 99, no 29 </bibl><bibl> CIL III 7678 </bibl><bibl> B. Orbán, Torda, p. 74, no 93, 96 </bibl><bibl> I. Téglás, Cahiers 7 / 89 = Téglás István jegyzetei. Régészeti feljegyzések I / 2, Kolozsvár / Cluj-Napoca 200, p. 787 </bibl><bibl> Cahiers 2 / 30 / = TIJ I / 2, p. 934, no 16.</bibl>
                </listBibl>
            </div>
            
            
            <div type="edition" xml:lang="la"><head>Text</head>
                
  
            

    <ab>
                        <lb n="1"/>
                        
                        
                            
                            <expan><abbr>I</abbr><ex>ovi</ex></expan> <expan><abbr>o</abbr><ex>ptimo</ex></expan> <expan><abbr>m</abbr><ex>aximo</ex></expan> <lb n="2"/><expan><abbr>M</abbr><ex>arcus</ex></expan> <expan><abbr>Ulp</abbr><ex>ius</ex></expan> <lb n="3"/>Magnus <lb n="4"/>IIIIvira <lb n="5"/>lis ṃ(unicipii) <expan><abbr>P</abbr><ex>otaissensis</ex></expan> <expan><abbr>v</abbr><ex>otum</ex></expan> <expan><abbr>r</abbr><ex>eddidit</ex></expan>.
                        
                        
                    </ab>

                
                
            </div>

            
           <div type="translation" xml:lang="fr">
                <p>                    À Jupiter très bon(et) très grand. Marcus Ulpius Magnus, ancien quattuorvir du municipe de Potaissa, s’est acquitté de son vœu.</p>
                    <desc><ref type="license" target="http://creativecommons.org/licenses/by-sa/3.0/">Licensed under a Creative Commons Attribution-ShareAlike 3.0 Unported licence.</ref>
                </desc>
            </div>
            

            <div type="commentary">
                <p>L. 4-, Torma : IIII VIRA / LIS P P•V•R ; v. Domaszewski : IIII VIRA / LIS P•V•m ; HD : IIIIvira / lis p(osuit) v(otum) m(erito). Il est pourtant peu probable que le rang de la ville n’ait pas été mentionné. Par conséquent, dans la l. la haste après LIS sur le dessin du premier (Téglás, Cahiers 7 / 89 = TIJ I / 2, p. 787) appartient à un M ; v. Domaszewski avait attribué à tort cette haste au P du second . Dans cette inscription la magistrature suprême du municipe est le quattuorvirat, tandis que dans AE 190, 14 et ILD 479 la magistrature suprême semble être le duumvirat.</p>
            </div>

        </body>
    </text>
</TEI>
