<?xml version="1.0" encoding="UTF-8"?>
<TEI xmlns="http://www.tei-c.org/ns/1.0" xml:space="preserve" xml:lang="fr">
    <teiHeader>
        <fileDesc>
            <titleStmt>
                <title>Inscription funéraire</title>
            </titleStmt>  
            <publicationStmt>
                <authority>UNIVERSITATEA BABES BOLYAI</authority>
                <idno type="URI">http://inscriptionsfromdacia.altervista.org/text/ip00000118.html</idno>
                
                
               <idno type="localID">ip00000118</idno>
  
                <availability>
                    <licence target="http://creativecommons.org/licenses/by-nc-sa/3.0/">
This file is licensed under the Creative Commons Attribution-NonCommercial-ShareAlike 3.0 Unported license.
</licence>
                </availability>
            </publicationStmt>
            <sourceDesc>
                <msDesc>
                    <msIdentifier>
                        <country>
                            <placeName type="modern">Roumanie</placeName>
                        </country>
                        <region>
                            <placeName type="modern">Jud. Bistrița-Năsăud</placeName>
                        </region>
                        <settlement>
                            <placeName>Ilișua</placeName>                     
                        </settlement>
                        <repository>disparue</repository>
                        <collection/>
                        <idno/>
                    </msIdentifier>
                    <physDesc>
                        <objectDesc>
                            <supportDesc>
                                <support>

<objectType ref="http://www.eagle-network.eu/voc/objtyp/lod/250">Stèle funéraire</objectType>
                                    <material ref="http://www.eagle-network.eu/voc/material/lod/30">tuf volcanique?</material>                                    <p/>
                                    <dimensions unit="cm">
                                <height>73</height>
                                         <width/>
                                         <depth>60</depth>
                                            </dimensions>
                                                                        <rs type="decoration" ref="http://www.eagle-network.eu/voc/decor/lod/2000">yes</rs>
                                    <rs type="statPreserv"/> </support>
                            </supportDesc>
                            <layoutDesc>
                                <layout>
                                   <rs type="execution">sculptées</rs> <dimensions>
                                        <width unit="cm"/>
                                        <height unit="cm"/>
                                    </dimensions>
                                    <rs type="metre">no</rs>
                                </layout>
                            </layoutDesc>
                        </objectDesc>
                        <handDesc>
                            <handNote>
                               points de séparation
                                <height unit="cm"/>
                            </handNote>
                        </handDesc>
                    </physDesc>
                    <history>
                        <origin>
                            <origPlace>Trouvée en 1863 par K. Torma dans le vicus militaire.
                                <placeName ref="http://www.trismegistos.org/place/030262">Arcobadara</placeName>
                                <placeName type="provincItalicRegion" ref="http://www.trismegistos.org/place/004366">Dacia</placeName>
                            </origPlace>
                              <origDate  datingMethod="http://en.wikipedia.org/wiki/Julian_calendar">À partir de l’arrivée, vers début du règne d’Hadrien, de l'ala I Tungrorum Frontoniana en Dacie.</origDate>
                        </origin>
                        <provenance type="found">  
                            <date>1863</date>
                                <placeName>Ilișua</placeName> 
                            <placeName type="modernRegion">Jud. Bistrița-Năsăud</placeName>
                            <placeName type="modernCountry">Roumanie</placeName>
                        </provenance>
                    </history>
                </msDesc>
            </sourceDesc>
        </fileDesc>
        <encodingDesc>
            <p>Marked-up according to the EpiDoc Guidelines</p>
            <classDecl>
                <taxonomy>
                    <category xml:id="representation">
                        <catDesc>Digitized other representations</catDesc>
                    </category>
                </taxonomy>
            </classDecl>
        </encodingDesc>
        <profileDesc>
                <textClass>
<keywords>
    <term ref="http://www.eagle-network.eu/voc/typeins/lod/92">Inscription funéraire</term>
</keywords>
    </textClass>

            <langUsage>
                <language ident="ar">Arabic</language>
                <language ident="en">English</language>
                <language ident="fr">French</language>
                <language ident="de">German</language>
                <language ident="grc">Ancient Greek</language>
                <language ident="grc-Latn">Transliterated Greek</language>
                <language ident="el">Modern Greek</language>
                <language ident="he">Hebrew</language>
                <language ident="it">Italian</language>
                <language ident="la">Latin</language>
                <language ident="sp">Spanish</language>
            </langUsage>
        <creation>EAGLE - Europeana Network of Ancient Greek and Latin Epigraphy</creation></profileDesc>
        <revisionDesc>
         <change when="2015-02-26" who="Ioan Piso">Ioan Piso</change>
        </revisionDesc>
    </teiHeader><!--
         <facsimile>

   <graphic n="AR_119" url="https://commons.wikimedia.org/wiki/File:AR_119.jpg">
       <desc> AR_119
          <ref type="license" target="http://creativecommons.org/licenses/by-sa/3.0/">Licensed under the Creative Commons Attribution-ShareAlike 3.0 Unported license. </ref>
      </desc>
   </graphic>    
   
            
        </facsimile>
        -->
    
    <text>
        <body>
                       
            <div type="bibliography">
                <listBibl>
<bibl>K. Torma, ErdMúz 3-4, 1866, p. 48, no 2 </bibl><bibl> CIL III 800 </bibl><bibl> S. Nemeti, Classica et Christiana / 2, 20, p. 413, no 29 </bibl><bibl> C. Gaiu, R. Zăgreanu, Inscripții și piese sculpturale din castrul roman de la Ilișua, Cluj-Napoca 2011, p. 8-86, no I.3.b.11, p. 126, pl. VIII.</bibl>
                </listBibl>
            </div>
            
            
            <div type="edition" xml:lang="la"><head>Text</head>
                
  
            

    <ab>
                        <lb n="1"/>
                        
                        
                            
                            <expan><abbr>D</abbr><ex>is</ex></expan> <expan><abbr>M</abbr><ex>anibus</ex></expan> <expan><abbr>s</abbr><ex>acrum</ex></expan> <lb n="2"/><expan><abbr>Ael</abbr><ex>ius</ex></expan> Quadrat <lb n="3"/>us <expan><abbr>eq</abbr><ex>ues</ex></expan> a<supplied reason="omitted">l</supplied>ae Fro <lb n="4"/>nton<supplied reason="omitted">i</supplied>an<expan><ex>a</ex><abbr>e</abbr></expan> <supplied reason="lost"> e</supplied>t <lb n="5"/><expan><abbr>Val</abbr><ex>erius</ex></expan> <supplied reason="lost"> <gap reason="lost" quantity="1" unit="character"/> <gap reason="lost" quantity="1" unit="character"/> <gap reason="lost" quantity="1" unit="character"/></supplied>an <supplied reason="lost"> <gap reason="lost" quantity="1" unit="character"/> <gap reason="lost" quantity="1" unit="character"/> <gap reason="lost" quantity="1" unit="character"/></supplied> <lb n="6"/><supplied reason="lost"> <gap reason="lost" quantity="1" unit="character"/> <gap reason="lost" quantity="1" unit="character"/> <gap reason="lost" quantity="1" unit="character"/> <gap reason="lost" quantity="1" unit="character"/> <gap reason="lost" quantity="1" unit="character"/> <gap reason="lost" quantity="1" unit="character"/></supplied>.
                        
                        
                    </ab>

                
                
            </div>

            
           <div type="translation" xml:lang="fr">
                <p>                    Consacré aux dieux Mânes. Aelius Quadratus, cavalier de l’ala Frontoniana, et Valerius ….</p>
                    <desc><ref type="license" target="http://creativecommons.org/licenses/by-sa/3.0/">Licensed under a Creative Commons Attribution-ShareAlike 3.0 Unported licence.</ref>
                </desc>
            </div>
            

            <div type="commentary">
                <p>L. 3-4 : à remarquer la forme Frontoniane et la mauvaise division en syllabes ; l. 4-, Kerényi, Gaiu, Zăgreanu, Nemeti : T(itus) / Val(erius) [ - - -] ; pourtant Aelius Quadratus manque lui aussi de praenomen.</p>
            </div>

        </body>
    </text>
</TEI>
