<?xml version="1.0" encoding="UTF-8"?>
<TEI xmlns="http://www.tei-c.org/ns/1.0" xml:space="preserve" xml:lang="fr">
    <teiHeader>
        <fileDesc>
            <titleStmt>
                <title>Inscription votive</title>
            </titleStmt>  
            <publicationStmt>
                <authority>UNIVERSITATEA BABES BOLYAI</authority>
                <idno type="URI">http://inscriptionsfromdacia.altervista.org/text/ip00000032.html</idno>
                
                
               <idno type="localID">ip00000032</idno>
  
                <availability>
                    <licence target="http://creativecommons.org/licenses/by-nc-sa/3.0/">
This file is licensed under the Creative Commons Attribution-NonCommercial-ShareAlike 3.0 Unported license.
</licence>
                </availability>
            </publicationStmt>
            <sourceDesc>
                <msDesc>
                    <msIdentifier>
                        <country>
                            <placeName type="modern">Roumanie</placeName>
                        </country>
                        <region>
                            <placeName type="modern">Jud. Cluj</placeName>
                        </region>
                        <settlement>
                            <placeName>Turda / Torda</placeName>                     
                        </settlement>
                        <repository>Muzeul de Istorie Turda, inv. 223.</repository>
                        <collection/>
                        <idno/>
                    </msIdentifier>
                    <physDesc>
                        <objectDesc>
                            <supportDesc>
                                <support>

<objectType>Autel votif ou base de statue</objectType>
                                    <material ref="http://www.eagle-network.eu/voc/material/lod/75">grès</material>                                    <p/>
                                    <dimensions unit="cm">
                                <height>112</height>
                                         <width/>
                                         <depth>67</depth>
                                            </dimensions>
                                                                        <rs type="decoration" ref="http://www.eagle-network.eu/voc/decor/lod/2000">yes</rs>
                                    <rs type="statPreserv"/> </support>
                            </supportDesc>
                            <layoutDesc>
                                <layout>
                                   <rs type="execution">sculptées</rs> <dimensions>
                                        <width unit="cm"/>
                                        <height unit="cm"/>
                                    </dimensions>
                                    <rs type="metre">no</rs>
                                </layout>
                            </layoutDesc>
                        </objectDesc>
                        <handDesc>
                            <handNote>
                               
                                <height unit="cm"/>
                            </handNote>
                        </handDesc>
                    </physDesc>
                    <history>
                        <origin>
                            <origPlace>Trouvé en 198 dans les ruines d’un sanctuaire, rue Cheii, devant la maison no 16 A, lors des fouilles pour installer un conduit.
                                <placeName ref="http://www.trismegistos.org/place/030193">Potaissa</placeName>
                                <placeName type="provincItalicRegion" ref="http://www.trismegistos.org/place/004366">Dacia</placeName>
                            </origPlace>
                              <origDate   datingMethod="http://en.wikipedia.org/wiki/Julian_calendar">La pièce est probablement contemporaine des inscriptions AE 1992, 1468 = 1993, 1332 et AE 1992, 1469 = 1993, 1332 et est, donc, datable des années 168-193 / 211. Le nom du centurion, contenant tous les éléments, indique tout aussi bien le IIe siècle.</origDate>
                        </origin>
                        <provenance type="found">  
                            <date>198</date>
                                <placeName>Turda / Torda</placeName> 
                            <placeName type="modernRegion">Jud. Cluj</placeName>
                            <placeName type="modernCountry">Roumanie</placeName>
                        </provenance>
                    </history>
                </msDesc>
            </sourceDesc>
        </fileDesc>
        <encodingDesc>
            <p>Marked-up according to the EpiDoc Guidelines</p>
            <classDecl>
                <taxonomy>
                    <category xml:id="representation">
                        <catDesc>Digitized other representations</catDesc>
                    </category>
                </taxonomy>
            </classDecl>
        </encodingDesc>
        <profileDesc>
                <textClass>
<keywords>
    <term ref="http://www.eagle-network.eu/voc/typeins/lod/372">Inscription votive</term>
</keywords>
    </textClass>

            <langUsage>
                <language ident="ar">Arabic</language>
                <language ident="en">English</language>
                <language ident="fr">French</language>
                <language ident="de">German</language>
                <language ident="grc">Ancient Greek</language>
                <language ident="grc-Latn">Transliterated Greek</language>
                <language ident="el">Modern Greek</language>
                <language ident="he">Hebrew</language>
                <language ident="it">Italian</language>
                <language ident="la">Latin</language>
                <language ident="sp">Spanish</language>
            </langUsage>
        <creation>EAGLE - Europeana Network of Ancient Greek and Latin Epigraphy</creation></profileDesc>
        <revisionDesc>
         <change when="2015-02-26" who="Ioan Piso">Ioan Piso</change>
        </revisionDesc>
    </teiHeader>
         <facsimile>

   <graphic n="PO_33" url="https://upload.wikimedia.org/wikipedia/commons/4/43/PO_33.jpg" sameAs="https://commons.wikimedia.org/wiki/File:PO_33.jpg">
       <desc> PO_33
          <ref type="license" target="http://creativecommons.org/licenses/by-sa/3.0/">Licensed under the Creative Commons Attribution-ShareAlike 3.0 Unported license. </ref>
      </desc>
   </graphic>    
   
            
        </facsimile>
        
    
    <text>
        <body>
                       
            <div type="bibliography">
                <listBibl>
<bibl>M. Bărbulescu, A. Cătinaș, EN 2, 1992, p. 117-120, no, fig. (photo, dessin) </bibl><bibl> iidem, dans: Politique édilitaire dans les provinces de l'Empire Romain - IIème-IVème siècles après J. -C.(Colloque roumano-suisse Deva 21-26 octobre 1991) Cluj-Napoca 1993, p. 2-3, no, p. 63, fig. (photo, dessin) </bibl><bibl> AE 1992, 1470 </bibl><bibl> 1993, 1332.</bibl>
                </listBibl>
            </div>
            
            
            <div type="edition" xml:lang="la"><head>Text</head>
                
  
            

    <ab>
                        <lb n="1"/>
                        
                        
                            
                            <expan><abbr>I</abbr><ex>ovi</ex></expan> <expan><abbr>o</abbr><ex>ptimo</ex></expan> <expan><abbr>m</abbr><ex>aximo</ex></expan> <lb n="2"/>et dis hospitiḅ(us) <lb n="3"/>huiusce loci <lb n="4"/><expan><abbr>M</abbr><ex>arcus</ex></expan> Pollius <expan><abbr>M</abbr><ex>arci</ex></expan> <expan><abbr>f</abbr><ex>ilius</ex></expan> <lb n="5"/><expan><abbr>Ouf</abbr><ex>entina</ex></expan> Hispanus <lb n="6"/>Medi <supplied reason="lost"> ola</supplied>no <lb n="7"/>(centurio) ḷ <supplied reason="lost"> <expan><abbr>eg</abbr><ex>ionis</ex></expan> V</supplied> Ṃ(acedonicae) <expan><abbr>p</abbr><ex>iae</ex></expan> <expan><abbr>c</abbr><ex>onstantis</ex></expan> <lb n="8"/>et Caed <supplied reason="lost"> i</supplied>cia Marci <lb n="9"/>a eius cum suis.
                        
                        
                    </ab>

                
                
            </div>

            <div type="apparatus">
                <p>L. 2, M. Bărbulescu, A. Cătinaș : hospiti(bus) ; pourtant, les traces du B sont assez claires.</p>
            </div>

            
           <div type="translation" xml:lang="fr">
                <p>                    À Jupiter très bon(et) très grand et aux dieux hospitaliers de ce sanctuaire. Marcus Pollius Hispanus, fils de Marcus, inscrit dans la tribu Oufentina, originaire de Mediolanum, centurion de la(Ve) légion Macedonica, la pieuse(et) la constante, et Caedicia Marcia, sa(femme)(érigèrent le monument) avec les siens.</p>
                    <desc><ref type="license" target="http://creativecommons.org/licenses/by-sa/3.0/">Licensed under a Creative Commons Attribution-ShareAlike 3.0 Unported licence.</ref>
                </desc>
            </div>
            

            <div type="commentary">
                <p>Locus signifie un sanctuaire qui ne respectait pas toutes les conditions d’un temple ; une interprétation différente chez les premiers auteurs. La legio V Macedonica reçut les épithètes p(ia) c(onstans) sous Commode ; voir E. Ritterling, RE XII / 2(192), 180. Pour le centurion M. Pollius Hispanus voir encore M. Bărbulescu, Legiunea V Macedonica, p. 68-69, no 4. Pour le rare nomen Desticia voir W. Schulze, Eigennamen, p. 293 ; H. Solin, O. Salomies, Repertorium, p. 68.</p>
            </div>

        </body>
    </text>
</TEI>
