<?xml version="1.0" encoding="UTF-8"?>
<TEI xmlns="http://www.tei-c.org/ns/1.0" xml:space="preserve" xml:lang="fr">
    <teiHeader>
        <fileDesc>
            <titleStmt>
                <title>Inscription funéraire</title>
            </titleStmt>  
            <publicationStmt>
                <authority>UNIVERSITATEA BABES BOLYAI</authority>
                <idno type="URI">http://inscriptionsfromdacia.altervista.org/text/ip00000129.html</idno>
                
                
               <idno type="localID">ip00000129</idno>
  
                <availability>
                    <licence target="http://creativecommons.org/licenses/by-nc-sa/3.0/">
This file is licensed under the Creative Commons Attribution-NonCommercial-ShareAlike 3.0 Unported license.
</licence>
                </availability>
            </publicationStmt>
            <sourceDesc>
                <msDesc>
                    <msIdentifier>
                        <country>
                            <placeName type="modern">Roumanie</placeName>
                        </country>
                        <region>
                            <placeName type="modern">Jud. Bistrița-Năsăud</placeName>
                        </region>
                        <settlement>
                            <placeName>Ilișua</placeName>                     
                        </settlement>
                        <repository>disparue</repository>
                        <collection/>
                        <idno/>
                    </msIdentifier>
                    <physDesc>
                        <objectDesc>
                            <supportDesc>
                                <support>

<objectType ref="http://www.eagle-network.eu/voc/objtyp/lod/250">Stèle funéraire</objectType>
                                    <material ref="http://www.eagle-network.eu/voc/material/lod/30">tuf volcanique?</material>                                    <p/>
                                    <dimensions unit="cm">
                                <height>111</height>
                                         <width/>
                                         <depth>87</depth>
                                            </dimensions>
                                                                        <rs type="decoration">no</rs>
                                    <rs type="statPreserv"/> </support>
                            </supportDesc>
                            <layoutDesc>
                                <layout>
                                   <rs type="execution">sculptées</rs> <dimensions>
                                        <width unit="cm"/>
                                        <height unit="cm"/>
                                    </dimensions>
                                    <rs type="metre">no</rs>
                                </layout>
                            </layoutDesc>
                        </objectDesc>
                        <handDesc>
                            <handNote>
                               points de séparation
                                <height unit="cm"/>
                            </handNote>
                        </handDesc>
                    </physDesc>
                    <history>
                        <origin>
                            <origPlace>Trouvée en 1863 par K. Torma à l'extérieur du coin sud-ouest du camp.
                                <placeName ref="http://www.trismegistos.org/place/030262">Arcobadara</placeName>
                                <placeName type="provincItalicRegion" ref="http://www.trismegistos.org/place/004366">Dacia</placeName>
                            </origPlace>
                              <origDate datingMethod="http://en.wikipedia.org/wiki/Julian_calendar">Probablement du IIIème siècle, en raison du nomen Aurelius pas accompagné par praenomen.</origDate>
                        </origin>
                        <provenance type="found">  
                            <date>1863</date>
                                <placeName>Ilișua</placeName> 
                            <placeName type="modernRegion">Jud. Bistrița-Năsăud</placeName>
                            <placeName type="modernCountry">Roumanie</placeName>
                        </provenance>
                    </history>
                </msDesc>
            </sourceDesc>
        </fileDesc>
        <encodingDesc>
            <p>Marked-up according to the EpiDoc Guidelines</p>
            <classDecl>
                <taxonomy>
                    <category xml:id="representation">
                        <catDesc>Digitized other representations</catDesc>
                    </category>
                </taxonomy>
            </classDecl>
        </encodingDesc>
        <profileDesc>
                <textClass>
<keywords>
    <term ref="http://www.eagle-network.eu/voc/typeins/lod/92">Inscription funéraire</term>
</keywords>
    </textClass>

            <langUsage>
                <language ident="ar">Arabic</language>
                <language ident="en">English</language>
                <language ident="fr">French</language>
                <language ident="de">German</language>
                <language ident="grc">Ancient Greek</language>
                <language ident="grc-Latn">Transliterated Greek</language>
                <language ident="el">Modern Greek</language>
                <language ident="he">Hebrew</language>
                <language ident="it">Italian</language>
                <language ident="la">Latin</language>
                <language ident="sp">Spanish</language>
            </langUsage>
        <creation>EAGLE - Europeana Network of Ancient Greek and Latin Epigraphy</creation></profileDesc>
        <revisionDesc>
         <change when="2015-02-26" who="Ioan Piso">Ioan Piso</change>
        </revisionDesc>
    </teiHeader><!--
         <facsimile>

   <graphic n="AR_130" url="https://commons.wikimedia.org/wiki/File:AR_130.jpg">
       <desc> AR_130
          <ref type="license" target="http://creativecommons.org/licenses/by-sa/3.0/">Licensed under the Creative Commons Attribution-ShareAlike 3.0 Unported license. </ref>
      </desc>
   </graphic>    
   
            
        </facsimile>
        -->
    
    <text>
        <body>
                       
            <div type="bibliography">
                <listBibl>
<bibl>K. Torma, ErdMúz 3-4, 1866, p. 46, no 20 </bibl><bibl> CIL III 804 </bibl><bibl> S. Nemeti, Classica et Christiana / 2, 20, p. 414, no33 </bibl><bibl> C. Gaiu, R. Zăgreanu, Inscripții și piese sculpturale din castrul roman de la Ilișua, Cluj-Napoca 2011, p. 83, no I.3.b., p. 12, pl. VII.</bibl>
                </listBibl>
            </div>
            
            
            <div type="edition" xml:lang="la"><head>Text</head>
                
  
            

    <ab>
                        <lb n="1"/>
                        
                        
                            
                            <expan><abbr>D</abbr><ex>is</ex></expan> <expan><abbr>M</abbr><ex>anibus</ex></expan> <lb n="2"/><expan><abbr>Aurel</abbr><ex>ius</ex></expan> Themaes <expan><abbr>librar</abbr><ex>ius</ex></expan> <lb n="3"/>al<expan><ex>a</ex><abbr>e</abbr></expan> <expan><abbr>Fronto</abbr><ex>nianae</ex></expan> vixit annis <lb n="4"/>L et Aelia Iulia co<expan><ex>n</ex><abbr>iu</abbr></expan><supplied reason="omitted">x</supplied> et <lb n="5"/>Aelia Pupula vixit annis <lb n="6"/>II Aurel<expan><ex>i</ex><abbr>us</abbr></expan> Thementianus <lb n="7"/>filius parentibus bene <lb n="8"/>merentibus posuit.
                        
                        
                    </ab>

                
                
            </div>

            
           <div type="translation" xml:lang="fr">
                <p>                    Aux dieux Mânes. Aurelius Themaes, librarius de l’ala Frontoniana, a vécu 0 ans et Aelia Iulia,(sa) femme, et Aelia Pupula a vécu deux ans. Aurelius Thementianus en tant que fils érigea(ceci) aux parents qui ont bien mérité.</p>
                    <desc><ref type="license" target="http://creativecommons.org/licenses/by-sa/3.0/">Licensed under a Creative Commons Attribution-ShareAlike 3.0 Unported licence.</ref>
                </desc>
            </div>
            

            <div type="commentary">
                <p>Le défunt porte un cognomen, Themaes, d’origine palmyrénienne(H. Wuthnow, Die semitischen Menschennamen auf griechischen Inschriften und Papyri des vorderen Orients, Leipzig 1930, p. 2-3, 17 ; W. Goldmann, Die palmyrenischen Personennamen, Leipzig 193, p. 2) et son fils un cognomen, Thementianus(Themetianus chez A. Paki, Populația, p. 3, no 27), dérivé de celui-ci. Aurelius Themaes sera venu de Porolissum, où il y avait une forte communauté palmyrénienne dûe au numerus Palmyrenorum Porolissensium. Pour le librarius alae, appartenant à l’officium du préfet, voir A. v. Domaszewski, Rangordnung2, p. -6. Dans le nom de l’épouse le nomen Iulia joue le rôle de cognomen. Le cognomen Pupula de la petite fille dérive de Pupa ; voir I. Kajanto, The Latin Cognomina, Helsinki 196, p. 300. Selon Mommsen Aelia Pupula serait la sœur de Aurelius Thementianus, mais, comme elle porte un nomen différent, elle pourrait être tout aussi bien une cousine ou une nièce de la part de la mère. L. 4 : coiug(e) à la place de coniux ; cf. Mommsen : coiug(i)(imo coniux) ; HD : co(n)iu&lt;x&gt;. On a peut-être entendu una cum coniuge.</p>
            </div>

        </body>
    </text>
</TEI>
