<?xml version="1.0" encoding="UTF-8"?>
<TEI xmlns="http://www.tei-c.org/ns/1.0" xml:space="preserve" xml:lang="fr">
    <teiHeader>
        <fileDesc>
            <titleStmt>
                <title>Inscription votive</title>
            </titleStmt>  
            <publicationStmt>
                <authority>UNIVERSITATEA BABES BOLYAI</authority>
                <idno type="URI">http://inscriptionsfromdacia.altervista.org/text/ip00000023.html</idno>
                <idno type="EDH">HD048974</idno>
                
               <idno type="localID">ip00000023</idno>
  
                <availability>
                    <licence target="http://creativecommons.org/licenses/by-nc-sa/3.0/">
This file is licensed under the Creative Commons Attribution-NonCommercial-ShareAlike 3.0 Unported license.
</licence>
                </availability>
            </publicationStmt>
            <sourceDesc>
                <msDesc>
                    <msIdentifier>
                        <country>
                            <placeName type="modern">Roumanie</placeName>
                        </country>
                        <region>
                            <placeName type="modern">Jud. Cluj</placeName>
                        </region>
                        <settlement>
                            <placeName>Turda / Torda</placeName>                     
                        </settlement>
                        <repository>Muzeul de Istorie Turda</repository>
                        <collection/>
                        <idno/>
                    </msIdentifier>
                    <physDesc>
                        <objectDesc>
                            <supportDesc>
                                <support>

<objectType>Autel votif ou base de staute</objectType>
                                    <material ref="http://www.eagle-network.eu/voc/material/lod/75">grès</material>                                    <p/>
                                    <dimensions unit="cm">
                                <height>60</height>
                                         <width/>
                                         <depth>30</depth>
                                            </dimensions>
                                                                        <rs type="decoration" ref="http://www.eagle-network.eu/voc/decor/lod/2000">yes</rs>
                                    <rs type="statPreserv"/> </support>
                            </supportDesc>
                            <layoutDesc>
                                <layout>
                                   <rs type="execution">sculptées</rs> <dimensions>
                                        <width unit="cm"/>
                                        <height unit="cm"/>
                                    </dimensions>
                                    <rs type="metre">no</rs>
                                </layout>
                            </layoutDesc>
                        </objectDesc>
                        <handDesc>
                            <handNote>
                               points de séparation
                                <height unit="cm"/>
                            </handNote>
                        </handDesc>
                    </physDesc>
                    <history>
                        <origin>
                            <origPlace>Se trouvait à Turda, encastré dans un mur de la paroisse réformée de Turda, str. Ioan Rațiu 44(ancienne Pap utca), où il a été vu en 1847 par J. F. Neigebaur et en 187 par Th. Mommsen.
                                <placeName ref="http://www.trismegistos.org/place/030193">Potaissa</placeName>
                                <placeName type="provincItalicRegion" ref="http://www.trismegistos.org/place/004366">Dacia</placeName>
                            </origPlace>
                              <origDate datingMethod="http://en.wikipedia.org/wiki/Julian_calendar">Probablement du IIIe siècle, en raison du nomen Aurelius pas accompagné par praenomen.</origDate>
                        </origin>
                        <provenance type="found">  
                            <date>Avant 1847</date>
                                <placeName>Turda / Torda</placeName> 
                            <placeName type="modernRegion">Jud. Cluj</placeName>
                            <placeName type="modernCountry">Roumanie</placeName>
                        </provenance>
                    </history>
                </msDesc>
            </sourceDesc>
        </fileDesc>
        <encodingDesc>
            <p>Marked-up according to the EpiDoc Guidelines</p>
            <classDecl>
                <taxonomy>
                    <category xml:id="representation">
                        <catDesc>Digitized other representations</catDesc>
                    </category>
                </taxonomy>
            </classDecl>
        </encodingDesc>
        <profileDesc>
                <textClass>
<keywords>
    <term ref="http://www.eagle-network.eu/voc/typeins/lod/372">Inscription votive</term>
</keywords>
    </textClass>

            <langUsage>
                <language ident="ar">Arabic</language>
                <language ident="en">English</language>
                <language ident="fr">French</language>
                <language ident="de">German</language>
                <language ident="grc">Ancient Greek</language>
                <language ident="grc-Latn">Transliterated Greek</language>
                <language ident="el">Modern Greek</language>
                <language ident="he">Hebrew</language>
                <language ident="it">Italian</language>
                <language ident="la">Latin</language>
                <language ident="sp">Spanish</language>
            </langUsage>
        <creation>EAGLE - Europeana Network of Ancient Greek and Latin Epigraphy</creation></profileDesc>
        <revisionDesc>
         <change when="2015-02-26" who="Ioan Piso">Ioan Piso</change>
        </revisionDesc>
    </teiHeader>
         <facsimile>

   <graphic n="PO_24" url="https://upload.wikimedia.org/wikipedia/commons/8/89/PO_24.jpg" sameAs="https://commons.wikimedia.org/wiki/File:PO_24.jpg">
       <desc> PO_24
          <ref type="license" target="http://creativecommons.org/licenses/by-sa/3.0/">Licensed under the Creative Commons Attribution-ShareAlike 3.0 Unported license. </ref>
      </desc>
   </graphic>    
   
            
        </facsimile>
        
    
    <text>
        <body>
                       
            <div type="bibliography">
                <listBibl>
<bibl>CIL III 880 </bibl><bibl> vue par R. Münsterberg, J. Oehler, JÖAI, 1902, p. </bibl><bibl> A. Kerényi, Personennamen, p. 36, no 393.</bibl>
                </listBibl>
            </div>
            
            
            <div type="edition" xml:lang="la"><head>Text</head>
                
  
            

    <ab>
                        <lb n="1"/>
                        
                        
                            
                            <expan><abbr>Iup</abbr><ex>iter</ex></expan> <lb n="2"/><expan><abbr>Aur</abbr><ex>elius</ex></expan> <lb n="3"/>Florus <lb n="4"/><expan><abbr>vot</abbr><ex>um</ex></expan> <expan><abbr>sol</abbr><ex>vit</ex></expan>.
                        
                        
                    </ab>

                
                
            </div>

            
           <div type="translation" xml:lang="fr">
                <p>                    Datation : probablement du IIIe siècle, en raison du nomen Aurelius pas accompagné par praenomen.</p>
                    <desc><ref type="license" target="http://creativecommons.org/licenses/by-sa/3.0/">Licensed under a Creative Commons Attribution-ShareAlike 3.0 Unported licence.</ref>
                </desc>
            </div>
            

            <div type="commentary">
                <p>L. 1, Mommsen : « litterae singulares quod numen indicent, nescio ». En réalité, il s’agit de Iup(iter), qui apparaît au nominatif, tout comme Diana conservatrix dans le no - - - ;</p>
            </div>

        </body>
    </text>
</TEI>
