<?xml version="1.0" encoding="UTF-8"?>
<TEI xmlns="http://www.tei-c.org/ns/1.0" xml:space="preserve" xml:lang="fr">
    <teiHeader>
        <fileDesc>
            <titleStmt>
                <title>Inscription votive</title>
            </titleStmt>  
            <publicationStmt>
                <authority>UNIVERSITATEA BABES BOLYAI</authority>
                <idno type="URI">http://inscriptionsfromdacia.altervista.org/text/ip00000087.html</idno>
                
                
               <idno type="localID">ip00000087</idno>
  
                <availability>
                    <licence target="http://creativecommons.org/licenses/by-nc-sa/3.0/">
This file is licensed under the Creative Commons Attribution-NonCommercial-ShareAlike 3.0 Unported license.
</licence>
                </availability>
            </publicationStmt>
            <sourceDesc>
                <msDesc>
                    <msIdentifier>
                        <country>
                            <placeName type="modern">Roumanie</placeName>
                        </country>
                        <region>
                            <placeName type="modern">Jud. Bistrița-Năsăud</placeName>
                        </region>
                        <settlement>
                            <placeName>Ilișua</placeName>                     
                        </settlement>
                        <repository>disparu</repository>
                        <collection/>
                        <idno/>
                    </msIdentifier>
                    <physDesc>
                        <objectDesc>
                            <supportDesc>
                                <support>

<objectType>Autel votif ou base de statue</objectType>
                                    <material ref="http://www.eagle-network.eu/voc/material/lod/30">tuf volcanique</material>                                    <p/>
                                    <dimensions unit="cm">
                                <height>47</height>
                                         <width/>
                                         <depth>44</depth>
                                            </dimensions>
                                                                        <rs type="decoration">no</rs>
                                    <rs type="statPreserv"/> </support>
                            </supportDesc>
                            <layoutDesc>
                                <layout>
                                   <rs type="execution">sculptées</rs> <dimensions>
                                        <width unit="cm"/>
                                        <height unit="cm"/>
                                    </dimensions>
                                    <rs type="metre">no</rs>
                                </layout>
                            </layoutDesc>
                        </objectDesc>
                        <handDesc>
                            <handNote>
                               points de séparation
                                <height unit="cm"/>
                            </handNote>
                        </handDesc>
                    </physDesc>
                    <history>
                        <origin>
                            <origPlace>Ttrouvé par K. Torma en 1862 dans le camp, près de la porte d’ouest, en position secondaire..
                                <placeName ref="http://www.trismegistos.org/place/030262">Arcobadara</placeName>
                                <placeName type="provincItalicRegion" ref="http://www.trismegistos.org/place/004366">Dacia</placeName>
                            </origPlace>
                              <origDate  datingMethod="http://en.wikipedia.org/wiki/Julian_calendar">À partir du début du règne d’Hadrien, quand l’ala I Tungrorum Frontoniana est venue en Dacie.</origDate>
                        </origin>
                        <provenance type="found">  
                            <date>1862</date>
                                <placeName>Ilișua</placeName> 
                            <placeName type="modernRegion">Jud. Bistrița-Năsăud</placeName>
                            <placeName type="modernCountry">Roumanie</placeName>
                        </provenance>
                    </history>
                </msDesc>
            </sourceDesc>
        </fileDesc>
        <encodingDesc>
            <p>Marked-up according to the EpiDoc Guidelines</p>
            <classDecl>
                <taxonomy>
                    <category xml:id="representation">
                        <catDesc>Digitized other representations</catDesc>
                    </category>
                </taxonomy>
            </classDecl>
        </encodingDesc>
        <profileDesc>
                <textClass>
<keywords>
    <term ref="http://www.eagle-network.eu/voc/typeins/lod/372">Inscription votive</term>
</keywords>
    </textClass>

            <langUsage>
                <language ident="ar">Arabic</language>
                <language ident="en">English</language>
                <language ident="fr">French</language>
                <language ident="de">German</language>
                <language ident="grc">Ancient Greek</language>
                <language ident="grc-Latn">Transliterated Greek</language>
                <language ident="el">Modern Greek</language>
                <language ident="he">Hebrew</language>
                <language ident="it">Italian</language>
                <language ident="la">Latin</language>
                <language ident="sp">Spanish</language>
            </langUsage>
        <creation>EAGLE - Europeana Network of Ancient Greek and Latin Epigraphy</creation></profileDesc>
        <revisionDesc>
         <change when="2015-02-26" who="Ioan Piso">Ioan Piso</change>
        </revisionDesc>
    </teiHeader><!--
         <facsimile>

   <graphic n="AR_88" url="https://commons.wikimedia.org/wiki/File:AR_88.jpg">
       <desc> AR_88
          <ref type="license" target="http://creativecommons.org/licenses/by-sa/3.0/">Licensed under the Creative Commons Attribution-ShareAlike 3.0 Unported license. </ref>
      </desc>
   </graphic>    
   
            
        </facsimile>
        
    -->
    <text>
        <body>
                       
            <div type="bibliography">
                <listBibl>
<bibl>K. Torma, ErdMúz 3-4, 1866, p. 39, no 8 </bibl><bibl> CIL III 786 </bibl><bibl> S. Nemeti, Ilișua, p. 407, no 1 </bibl><bibl> C. Gaiu, R. Zăgreanu, Ilişua, p. 7, no I.2.12, p. 123, pl. V.</bibl>
                </listBibl>
            </div>
            
            
            <div type="edition" xml:lang="la"><head>Text</head>
                
  
            

    <ab>
                        <lb n="1"/>
                        
                        
                            
                            Aesculapio et Hy <lb n="2"/><expan><abbr>g</abbr><ex>iae</ex></expan> <expan><abbr>C</abbr><ex>aius</ex></expan> <expan><abbr>Iul</abbr><ex>ius</ex></expan> Atianus <lb n="3"/><supplied reason="lost"> p</supplied><expan><abbr>raef</abbr><ex>ectus</ex></expan> <expan><abbr>eq</abbr><ex>uitum</ex></expan> ob resti <lb n="4"/><supplied reason="lost" cert="low"> tutionem balinei </supplied> <lb n="5"/><supplied reason="lost"> <gap reason="lost" quantity="1" unit="character"/> <gap reason="lost" quantity="1" unit="character"/> <gap reason="lost" quantity="1" unit="character"/> <gap reason="lost" quantity="1" unit="character"/> <gap reason="lost" quantity="1" unit="character"/> <gap reason="lost" quantity="1" unit="character"/></supplied>.
                        
                        
                    </ab>

                
                
            </div>

            <div type="apparatus">
                <p>L. 3-4, Mommsen : ob resti [ tutionem balinei] ou bien ob resti [ tutam sibi valetudinem].</p>
            </div>

            
           <div type="translation" xml:lang="fr">
                <p>                    À Esculape et Hygie. Caius Iulius Atianus, préfet de cavaliers,(érigea le monument) à la suite de la restauration(des bains ?) ….</p>
                    <desc><ref type="license" target="http://creativecommons.org/licenses/by-sa/3.0/">Licensed under a Creative Commons Attribution-ShareAlike 3.0 Unported licence.</ref>
                </desc>
            </div>
            

            <div type="commentary">
                <p>Le cognomen Atianus(Attianus ?) est dérivé du nomen Atius(Attius ?).</p>
            </div>

        </body>
    </text>
</TEI>
