<?xml version="1.0" encoding="UTF-8"?>
<TEI xmlns="http://www.tei-c.org/ns/1.0" xml:space="preserve" xml:lang="fr">
    <teiHeader>
        <fileDesc>
            <titleStmt>
                <title>Inscription funéraire</title>
            </titleStmt>  
            <publicationStmt>
                <authority>UNIVERSITATEA BABES BOLYAI</authority>
                <idno type="URI">http://inscriptionsfromdacia.altervista.org/text/ip00000146.html</idno>
                
                
               <idno type="localID">ip00000146</idno>
  
                <availability>
                    <licence target="http://creativecommons.org/licenses/by-nc-sa/3.0/">
This file is licensed under the Creative Commons Attribution-NonCommercial-ShareAlike 3.0 Unported license.
</licence>
                </availability>
            </publicationStmt>
            <sourceDesc>
                <msDesc>
                    <msIdentifier>
                        <country>
                            <placeName type="modern">Roumanie</placeName>
                        </country>
                        <region>
                            <placeName type="modern">Jud. Bistrița-Năsăud</placeName>
                        </region>
                        <settlement>
                            <placeName>Ilișua</placeName>                     
                        </settlement>
                        <repository>disparue</repository>
                        <collection/>
                        <idno/>
                    </msIdentifier>
                    <physDesc>
                        <objectDesc>
                            <supportDesc>
                                <support>

<objectType>Stèle ou plaque funéraire,</objectType>
                                    <material ref="http://www.eagle-network.eu/voc/material/lod/30">tuf volcanique?</material>                                    <p/>
                                    <dimensions unit="cm">
                                <height>22</height>
                                         <width/>
                                         <depth>22</depth>
                                            </dimensions>
                                                                        <rs type="decoration">no</rs>
                                    <rs type="statPreserv"/> </support>
                            </supportDesc>
                            <layoutDesc>
                                <layout>
                                   <rs type="execution">sculptées</rs> <dimensions>
                                        <width unit="cm"/>
                                        <height unit="cm"/>
                                    </dimensions>
                                    <rs type="metre">no</rs>
                                </layout>
                            </layoutDesc>
                        </objectDesc>
                        <handDesc>
                            <handNote>
                               points de séparation
                                <height unit="cm"/>
                            </handNote>
                        </handDesc>
                    </physDesc>
                    <history>
                        <origin>
                            <origPlace>Trouvé en 1863 par K. Torma dans le mur est du camp.
                                <placeName ref="http://www.trismegistos.org/place/030262">Arcobadara</placeName>
                                <placeName type="provincItalicRegion" ref="http://www.trismegistos.org/place/004366">Dacia</placeName>
                            </origPlace>
                              <origDate  datingMethod="http://en.wikipedia.org/wiki/Julian_calendar">À partir du début du règne d’Hadrien, quand l’ala I Tungrorum Frontoniana est venue en Dacie.</origDate>
                        </origin>
                        <provenance type="found">  
                            <date>1863</date>
                                <placeName>Ilișua</placeName> 
                            <placeName type="modernRegion">Jud. Bistrița-Năsăud</placeName>
                            <placeName type="modernCountry">Roumanie</placeName>
                        </provenance>
                    </history>
                </msDesc>
            </sourceDesc>
        </fileDesc>
        <encodingDesc>
            <p>Marked-up according to the EpiDoc Guidelines</p>
            <classDecl>
                <taxonomy>
                    <category xml:id="representation">
                        <catDesc>Digitized other representations</catDesc>
                    </category>
                </taxonomy>
            </classDecl>
        </encodingDesc>
        <profileDesc>
                <textClass>
<keywords>
    <term ref="http://www.eagle-network.eu/voc/typeins/lod/92">Inscription funéraire</term>
</keywords>
    </textClass>

            <langUsage>
                <language ident="ar">Arabic</language>
                <language ident="en">English</language>
                <language ident="fr">French</language>
                <language ident="de">German</language>
                <language ident="grc">Ancient Greek</language>
                <language ident="grc-Latn">Transliterated Greek</language>
                <language ident="el">Modern Greek</language>
                <language ident="he">Hebrew</language>
                <language ident="it">Italian</language>
                <language ident="la">Latin</language>
                <language ident="sp">Spanish</language>
            </langUsage>
        <creation>EAGLE - Europeana Network of Ancient Greek and Latin Epigraphy</creation></profileDesc>
        <revisionDesc>
         <change when="2015-02-26" who="Ioan Piso">Ioan Piso</change>
        </revisionDesc>
    </teiHeader><!--
         <facsimile>

   <graphic n="AR_147" url="https://commons.wikimedia.org/wiki/File:AR_147.jpg">
       <desc> AR_147
          <ref type="license" target="http://creativecommons.org/licenses/by-sa/3.0/">Licensed under the Creative Commons Attribution-ShareAlike 3.0 Unported license. </ref>
      </desc>
   </graphic>    
   
            
        </facsimile>
        -->
    
    <text>
        <body>
                       
            <div type="bibliography">
                <listBibl>
<bibl>K. Torma, ErdMúz 3-4, 1866, p. 4, no 19 </bibl><bibl> CIL III 813 </bibl><bibl> S. Nemeti, Classica et Christiana / 2, 20,, p. 417, no 42 </bibl><bibl> C. Gaiu, R. Zăgreanu, Inscripții și piese sculpturale din castrul roman de la Ilișua, Cluj-Napoca 2011, p. 91-92, no I.4.1, p. 127, pl. IX.</bibl>
                </listBibl>
            </div>
            
            
            <div type="edition" xml:lang="la"><head>Text</head>
                
  
            

    <ab>
                        <lb n="1"/>
                        
                        
                            
                            <supplied reason="lost"> <gap reason="lost" quantity="1" unit="character"/> <gap reason="lost" quantity="1" unit="character"/> <gap reason="lost" quantity="1" unit="character"/> <gap reason="lost" quantity="1" unit="character"/> <gap reason="lost" quantity="1" unit="character"/> <gap reason="lost" quantity="1" unit="character"/></supplied> <lb n="2"/><supplied reason="lost"> <gap reason="lost" quantity="1" unit="character"/> <gap reason="lost" quantity="1" unit="character"/> <gap reason="lost" quantity="1" unit="character"/> <expan><abbr>vix</abbr><ex>it</ex></expan> <expan><abbr>ann</abbr><ex>is</ex></expan></supplied> XX <lb n="3"/><supplied reason="lost"> <gap reason="lost" quantity="1" unit="character"/> <gap reason="lost" quantity="1" unit="character"/> <gap reason="lost" quantity="1" unit="character"/> <expan><abbr>vix</abbr><ex>it</ex></expan> <expan><abbr>ann</abbr><ex>is</ex></expan></supplied> XXII <lb n="4"/><supplied reason="lost"> <gap reason="lost" quantity="1" unit="character"/> <gap reason="lost" quantity="1" unit="character"/> <gap reason="lost" quantity="1" unit="character"/></supplied> <expan><abbr>sig</abbr><ex>nifer</ex></expan> <lb n="5"/><supplied reason="lost"> <gap reason="lost" quantity="1" unit="character"/> <gap reason="lost" quantity="1" unit="character"/> <gap reason="lost" quantity="1" unit="character"/> <gap reason="lost" quantity="1" unit="character"/> <gap reason="lost" quantity="1" unit="character"/> <gap reason="lost" quantity="1" unit="character"/></supplied>.
                        
                        
                    </ab>

                
                
            </div>

            
           <div type="translation" xml:lang="fr">
                <p>                    À partir du début du règne d’Hadrien, quand l’ala I Tungrorum Frontniana est venue en Dacie.</p>
                    <desc><ref type="license" target="http://creativecommons.org/licenses/by-sa/3.0/">Licensed under a Creative Commons Attribution-ShareAlike 3.0 Unported licence.</ref>
                </desc>
            </div>
            

            <div type="commentary">
                <p>Le monument funéraire aura été érigé par un signifer de l’ala Frontoniana à ses enfants. Pour la charge de signifer alae(turmae) voir A. v. Domaszewski, Rangordnung2, p. -6.</p>
            </div>

        </body>
    </text>
</TEI>
