<?xml version="1.0" encoding="UTF-8"?>
<TEI xmlns="http://www.tei-c.org/ns/1.0" xml:space="preserve" xml:lang="fr">
    <teiHeader>
        <fileDesc>
            <titleStmt>
                <title>Inscription funéraire</title>
            </titleStmt>  
            <publicationStmt>
                <authority>UNIVERSITATEA BABES BOLYAI</authority>
                <idno type="URI">http://inscriptionsfromdacia.altervista.org/text/ip00000124.html</idno>
                
                
               <idno type="localID">ip00000124</idno>
  
                <availability>
                    <licence target="http://creativecommons.org/licenses/by-nc-sa/3.0/">
This file is licensed under the Creative Commons Attribution-NonCommercial-ShareAlike 3.0 Unported license.
</licence>
                </availability>
            </publicationStmt>
            <sourceDesc>
                <msDesc>
                    <msIdentifier>
                        <country>
                            <placeName type="modern">Roumanie</placeName>
                        </country>
                        <region>
                            <placeName type="modern">Jud. Bistrița-Năsăud</placeName>
                        </region>
                        <settlement>
                            <placeName>Ilișua</placeName>                     
                        </settlement>
                        <repository>Muzeul Județean Bistrița-Năsăud, Bistrița, inv. 23427</repository>
                        <collection/>
                        <idno/>
                    </msIdentifier>
                    <physDesc>
                        <objectDesc>
                            <supportDesc>
                                <support>

<objectType>Stèle ou plaque funéraire,</objectType>
                                    <material ref="http://www.eagle-network.eu/voc/material/lod/30">tuf volcanique</material>                                    <p/>
                                    <dimensions unit="cm">
                                <height>28</height>
                                         <width>11</width>
                                         <depth>23</depth>
                                            </dimensions>
                                                                        <rs type="decoration">no</rs>
                                    <rs type="statPreserv"/> </support>
                            </supportDesc>
                            <layoutDesc>
                                <layout>
                                   <rs type="execution">sculptées</rs> <dimensions>
                                        <width unit="cm"/>
                                        <height unit="cm"/>
                                    </dimensions>
                                    <rs type="metre">no</rs>
                                </layout>
                            </layoutDesc>
                        </objectDesc>
                        <handDesc>
                            <handNote>
                               points de séparation
                                <height unit="cm"/>
                            </handNote>
                        </handDesc>
                    </physDesc>
                    <history>
                        <origin>
                            <origPlace>Selon Gaiu et Zăgreanu la pièce aurait été trouvée en 1986 dans les principia du camp. Quant au lieu de découverte, il s’agit peut-êtrre d’une erreur, car la présence d’une inscription funéraire dans les principia ne peut pas être expliquée.
                                <placeName ref="http://www.trismegistos.org/place/030262">Arcobadara</placeName>
                                <placeName type="provincItalicRegion" ref="http://www.trismegistos.org/place/004366">Dacia</placeName>
                            </origPlace>
                              <origDate  datingMethod="http://en.wikipedia.org/wiki/Julian_calendar">Les archers Palmyréniens ont été organisés en numeri vers la fin du règne d’Antonin le Pieux ; en raison du nomen Aurelius, l’inscription peut être datée à partir du règne de Marc Aurèle.</origDate>
                        </origin>
                        <provenance type="found">  
                            <date>1986</date>
                                <placeName>Ilișua</placeName> 
                            <placeName type="modernRegion">Jud. Bistrița-Năsăud</placeName>
                            <placeName type="modernCountry">Roumanie</placeName>
                        </provenance>
                    </history>
                </msDesc>
            </sourceDesc>
        </fileDesc>
        <encodingDesc>
            <p>Marked-up according to the EpiDoc Guidelines</p>
            <classDecl>
                <taxonomy>
                    <category xml:id="representation">
                        <catDesc>Digitized other representations</catDesc>
                    </category>
                </taxonomy>
            </classDecl>
        </encodingDesc>
        <profileDesc>
                <textClass>
<keywords>
    <term ref="http://www.eagle-network.eu/voc/typeins/lod/92">Inscription funéraire</term>
</keywords>
    </textClass>

            <langUsage>
                <language ident="ar">Arabic</language>
                <language ident="en">English</language>
                <language ident="fr">French</language>
                <language ident="de">German</language>
                <language ident="grc">Ancient Greek</language>
                <language ident="grc-Latn">Transliterated Greek</language>
                <language ident="el">Modern Greek</language>
                <language ident="he">Hebrew</language>
                <language ident="it">Italian</language>
                <language ident="la">Latin</language>
                <language ident="sp">Spanish</language>
            </langUsage>
        <creation>EAGLE - Europeana Network of Ancient Greek and Latin Epigraphy</creation></profileDesc>
        <revisionDesc>
         <change when="2015-02-26" who="Ioan Piso">Ioan Piso</change>
        </revisionDesc>
    </teiHeader><!--
         <facsimile>

   <graphic n="AR_12" url="https://commons.wikimedia.org/wiki/File:AR_12.jpg">
       <desc> AR_12
          <ref type="license" target="http://creativecommons.org/licenses/by-sa/3.0/">Licensed under the Creative Commons Attribution-ShareAlike 3.0 Unported license. </ref>
      </desc>
   </graphic>    
   
            
        </facsimile>-->
        
    
    <text>
        <body>
                       
            <div type="bibliography">
                <listBibl>
<bibl>V. Wollmann, R. Ardevan, dans : Fontes historiae. Studia in honorem Demetrii Protase(éd. C. Gaiu, C. Găzdac), Bistrița – Cluj-Napoca 2006, p. 672-673, no 6, p. 677, fig. 11-12(photo et dessin) </bibl><bibl> AE 2006, 1129 </bibl><bibl> R. Ardevan, V. Wollmann, RevBistr 21 / 1, 2007, p. 244, no 4, fig. 9 </bibl><bibl> S. Nemeti, Classica et Christiana / 2, 20, p. 421, no 64 </bibl><bibl> C. Gaiu, R. Zăgreanu, Inscripții și piese sculpturale din castrul roman de la Ilișua, Cluj-Napoca 2011, p. 73, no I.2.6, p. 122, pl. IV.</bibl>
                </listBibl>
            </div>
            
            
            <div type="edition" xml:lang="la"><head>Text</head>
                
  
            

    <ab>
                        <lb n="1"/>
                        
                        
                            
                            <supplied reason="lost"> <gap reason="lost" quantity="1" unit="character"/> <gap reason="lost" quantity="1" unit="character"/> <gap reason="lost" quantity="1" unit="character"/> <gap reason="lost" quantity="1" unit="character"/> <gap reason="lost" quantity="1" unit="character"/> <gap reason="lost" quantity="1" unit="character"/></supplied> <lb n="2"/><supplied reason="lost"> <gap reason="lost" quantity="1" unit="character"/> <gap reason="lost" quantity="1" unit="character"/> <gap reason="lost" quantity="1" unit="character"/> A</supplied><expan><abbr>ur</abbr><ex>elius</ex></expan> G<certainty match="preceding-sibling::node()" locus="value"/><supplied reason="lost"> <gap reason="lost" quantity="1" unit="character"/> <gap reason="lost" quantity="1" unit="character"/> <gap reason="lost" quantity="1" unit="character"/></supplied> <lb n="3"/><supplied reason="lost"> <gap reason="lost" quantity="1" unit="character"/> <gap reason="lost" quantity="1" unit="character"/> <gap reason="lost" quantity="1" unit="character"/></supplied>rio m <supplied reason="lost"> <expan><abbr>il</abbr><ex>es</ex></expan></supplied> <lb n="4"/><supplied reason="lost"> <expan><abbr>n</abbr><ex>umeri</ex></expan> <expan><abbr>Palm</abbr><ex>yrenorum</ex></expan></supplied> Poro <supplied reason="lost"> <expan><abbr>l</abbr><ex>issensium</ex></expan></supplied> <lb n="5"/><supplied reason="lost"> ..</supplied> <expan><abbr>p</abbr><ex>osuit</ex></expan>.
                        
                        
                    </ab>

                
                
            </div>

            
           <div type="translation" xml:lang="fr">
                <p>                    … Aurelius …rio, militaire du(numerus Palmyrenorum) Porolissensium érigea(ceci) à ….</p>
                    <desc><ref type="license" target="http://creativecommons.org/licenses/by-sa/3.0/">Licensed under a Creative Commons Attribution-ShareAlike 3.0 Unported licence.</ref>
                </desc>
            </div>
            

            <div type="commentary">
                <p>Wollmann, Ardevan : [ - - -] Ro [ cius / Satu]rio m(iles) [ num(eri) / Palm(yrenorum)] Poro [ liss(ensium)] / [ p(ientissimae)] p(osuit)]. Les deux auteurs virent au début de la l. 1 une hedera, ce qui ne se confirme pas ; on y voit un A. Dans la même ligne, après le R, pourrait être un petit signe de séparation, suivi par un signe qui ressemble à un G. Pour le cognomen du personnage, on peut consulter une longue liste de cognomina finissant en –rio chez H. Solin, O. Salomies, Repertorium, p. 439. Le numerus Palmyrenorum Porolissensium a sa garnison à Porolissum.</p>
            </div>

        </body>
    </text>
</TEI>
