<?xml version="1.0" encoding="UTF-8"?>
<TEI xmlns="http://www.tei-c.org/ns/1.0" xml:space="preserve" xml:lang="fr">
    <teiHeader>
        <fileDesc>
            <titleStmt>
                <title>Inscription votive</title>
            </titleStmt>  
            <publicationStmt>
                <authority>UNIVERSITATEA BABES BOLYAI</authority>
                <idno type="URI">http://inscriptionsfromdacia.altervista.org/text/ip00000044.html</idno>
                
                
               <idno type="localID">ip00000044</idno>
  
                <availability>
                    <licence target="http://creativecommons.org/licenses/by-nc-sa/3.0/">
This file is licensed under the Creative Commons Attribution-NonCommercial-ShareAlike 3.0 Unported license.
</licence>
                </availability>
            </publicationStmt>
            <sourceDesc>
                <msDesc>
                    <msIdentifier>
                        <country>
                            <placeName type="modern">Roumanie</placeName>
                        </country>
                        <region>
                            <placeName type="modern">Jud. Cluj</placeName>
                        </region>
                        <settlement>
                            <placeName>Turda / Torda</placeName>                     
                        </settlement>
                        <repository>Muzeul Național de Antichități, București, inv. L 202.</repository>
                        <collection/>
                        <idno/>
                    </msIdentifier>
                    <physDesc>
                        <objectDesc>
                            <supportDesc>
                                <support>

<objectType>Autel votif ou base de statue</objectType>
                                    <material ref="http://www.eagle-network.eu/voc/material/lod/75">grès</material>                                    <p/>
                                    <dimensions unit="cm">
                                <height/>
                                         <width>24</width>
                                         <depth>26</depth>
                                            </dimensions>
                                                                        <rs type="decoration" ref="http://www.eagle-network.eu/voc/decor/lod/2000">yes</rs>
                                    <rs type="statPreserv"/> </support>
                            </supportDesc>
                            <layoutDesc>
                                <layout>
                                   <rs type="execution">sculptées</rs> <dimensions>
                                        <width unit="cm"/>
                                        <height unit="cm"/>
                                    </dimensions>
                                    <rs type="metre">no</rs>
                                </layout>
                            </layoutDesc>
                        </objectDesc>
                        <handDesc>
                            <handNote>
                               points de séparation
                                <height unit="cm"/>
                            </handNote>
                        </handDesc>
                    </physDesc>
                    <history>
                        <origin>
                            <origPlace>Trouvé en 189 dans Valea Sândului(Szindivölgy), au sud du camp légionnaire.
                                <placeName ref="http://www.trismegistos.org/place/030193">Potaissa</placeName>
                                <placeName type="provincItalicRegion" ref="http://www.trismegistos.org/place/004366">Dacia</placeName>
                            </origPlace>
                              <origDate notBefore-custom="0238" notAfter-custom="0244" datingMethod="http://en.wikipedia.org/wiki/Julian_calendar">Du règne de Gordien III, en raison de l'épithète portée par la légion.</origDate>
                        </origin>
                        <provenance type="found">  
                            <date>189</date>
                                <placeName>Turda / Torda</placeName> 
                            <placeName type="modernRegion">Jud. Cluj</placeName>
                            <placeName type="modernCountry">Roumanie</placeName>
                        </provenance>
                    </history>
                </msDesc>
            </sourceDesc>
        </fileDesc>
        <encodingDesc>
            <p>Marked-up according to the EpiDoc Guidelines</p>
            <classDecl>
                <taxonomy>
                    <category xml:id="representation">
                        <catDesc>Digitized other representations</catDesc>
                    </category>
                </taxonomy>
            </classDecl>
        </encodingDesc>
        <profileDesc>
                <textClass>
<keywords>
    <term ref="http://www.eagle-network.eu/voc/typeins/lod/372">Inscription votive</term>
</keywords>
    </textClass>

            <langUsage>
                <language ident="ar">Arabic</language>
                <language ident="en">English</language>
                <language ident="fr">French</language>
                <language ident="de">German</language>
                <language ident="grc">Ancient Greek</language>
                <language ident="grc-Latn">Transliterated Greek</language>
                <language ident="el">Modern Greek</language>
                <language ident="he">Hebrew</language>
                <language ident="it">Italian</language>
                <language ident="la">Latin</language>
                <language ident="sp">Spanish</language>
            </langUsage>
        <creation>EAGLE - Europeana Network of Ancient Greek and Latin Epigraphy</creation></profileDesc>
        <revisionDesc>
         <change when="2015-02-26" who="Ioan Piso">Ioan Piso</change>
        </revisionDesc>
    </teiHeader>
         <facsimile>

   <graphic n="PO_4" url="https://upload.wikimedia.org/wikipedia/commons/0/02/PO_4.jpg" sameAs="https://commons.wikimedia.org/wiki/File:PO_4.jpg">
       <desc> PO_4
          <ref type="license" target="http://creativecommons.org/licenses/by-sa/3.0/">Licensed under the Creative Commons Attribution-ShareAlike 3.0 Unported license. </ref>
      </desc>
   </graphic>    
   
            
        </facsimile>
        
    
    <text>
        <body>
                       
            <div type="bibliography">
                <listBibl>
<bibl>C. Torma, ArchKözl 3, 1863, p. 14, no </bibl><bibl> CIL III 879 </bibl><bibl> B. Orbán, Torda, p. 67, no 48 </bibl><bibl> Fr. Cumont, Textes et monuments II, p. 138, no 299 </bibl><bibl> E. Bujor, Apulum 6, 1967, p. 184-18, no 1, p. 188, fig. 1 / 1 </bibl><bibl> AE 1967, 396 </bibl><bibl> J. M. Vermaseren, CIMRM II, p. 276, no 1931 </bibl><bibl> S. Sanie, Cultele orientale în Dacia romană I, București 1981, p. 268, no 68 </bibl><bibl> idem, ANRW II / 18 / 2(1989), p. 127-128, no 68 </bibl><bibl> ILD 06.</bibl>
                </listBibl>
            </div>
            
            
            <div type="edition" xml:lang="la"><head>Text</head>
                
  
            

    <ab>
                        <lb n="1"/>
                        
                        
                            
                            Invic<expan><ex>t</ex><abbr>o</abbr></expan> <lb n="2"/><expan><abbr>Aur</abbr><ex>elius</ex></expan> Mon <lb n="3"/>tanus <expan><abbr>mil</abbr><ex>es</ex></expan> <lb n="4"/><expan><abbr>leg</abbr><ex>ionis</ex></expan> V <expan><abbr>M</abbr><ex>acedonicae</ex></expan> <supplied reason="lost"> G</supplied><expan><abbr>or</abbr><ex>dianae</ex></expan> <lb n="5"/><expan><abbr>l</abbr><ex>ibens</ex></expan> <expan><abbr>p</abbr><ex>osuit</ex></expan>.
                        
                        
                    </ab>

                
                
            </div>

            <div type="apparatus">
                <p>L. 1 : Mommsen, Kerényi, Vermaseren, HD : Invic [ t]o ; Petolescu(ILD) : Invicto ; pourtant, le T n’a jamais été écrit ; l., I. Téglás, Mommsen, Vermaseren : MACE ; Bujor : M(acedonicae) i(nvictae) c(onstantis) p(iae) ; HD : [ p(iae)](?) c(onstantis) f(elicis)(?). En réalité, le M est suivié par une lettre à peine esquissée et par OR, donc Gor(dianae).</p>
            </div>

            
           <div type="translation" xml:lang="fr">
                <p>                    Au(dieu) invaincu. Aurelius Montanus, militaire de la Ve légion Macedonica Gordiana, érigea(ceci) de bon gré.</p>
                    <desc><ref type="license" target="http://creativecommons.org/licenses/by-sa/3.0/">Licensed under a Creative Commons Attribution-ShareAlike 3.0 Unported licence.</ref>
                </desc>
            </div>
            

            <div type="commentary">
                <p>Il s’agit plutôt d’un Baal syrien que de Mithra(Sanie).</p>
            </div>

        </body>
    </text>
</TEI>
