<?xml version="1.0" encoding="UTF-8"?>
<TEI xmlns="http://www.tei-c.org/ns/1.0" xml:space="preserve" xml:lang="fr">
    <teiHeader>
        <fileDesc>
            <titleStmt>
                <title>Inscription votive</title>
            </titleStmt>  
            <publicationStmt>
                <authority>UNIVERSITATEA BABES BOLYAI</authority>
                <idno type="URI">http://inscriptionsfromdacia.altervista.org/text/ip00000049.html</idno>
                
                
               <idno type="localID">ip00000049</idno>
  
                <availability>
                    <licence target="http://creativecommons.org/licenses/by-nc-sa/3.0/">
This file is licensed under the Creative Commons Attribution-NonCommercial-ShareAlike 3.0 Unported license.
</licence>
                </availability>
            </publicationStmt>
            <sourceDesc>
                <msDesc>
                    <msIdentifier>
                        <country>
                            <placeName type="modern">Roumanie</placeName>
                        </country>
                        <region>
                            <placeName type="modern">Jud. Cluj</placeName>
                        </region>
                        <settlement>
                            <placeName>Turda / Torda</placeName>                     
                        </settlement>
                        <repository>Muzeul Național de Istorie a Transilvaniei, Cluj</repository>
                        <collection/>
                        <idno/>
                    </msIdentifier>
                    <physDesc>
                        <objectDesc>
                            <supportDesc>
                                <support>

<objectType>Autel votif ou base de statue</objectType>
                                    <material ref="http://www.eagle-network.eu/voc/material/lod/75">grès</material>                                    <p/>
                                    <dimensions unit="cm">
                                <height>44</height>
                                         <width>20</width>
                                         <depth>24</depth>
                                            </dimensions>
                                                                        <rs type="decoration">no</rs>
                                    <rs type="statPreserv"/> </support>
                            </supportDesc>
                            <layoutDesc>
                                <layout>
                                   <rs type="execution">sculptées</rs> <dimensions>
                                        <width unit="cm"/>
                                        <height unit="cm"/>
                                    </dimensions>
                                    <rs type="metre">no</rs>
                                </layout>
                            </layoutDesc>
                        </objectDesc>
                        <handDesc>
                            <handNote>
                               
                                <height unit="cm">2.2</height>
                            </handNote>
                        </handDesc>
                    </physDesc>
                    <history>
                        <origin>
                            <origPlace>Trouvé dans la Valea Sândului(Szindi-patak), au sud du camp légionnaire.
                                <placeName ref="http://www.trismegistos.org/place/030193">Potaissa</placeName>
                                <placeName type="provincItalicRegion" ref="http://www.trismegistos.org/place/004366">Dacia</placeName>
                            </origPlace>
                              <origDate  datingMethod="http://en.wikipedia.org/wiki/Julian_calendar">Du règne de Gordien III, en raison de l'épithète portée par la légion.</origDate>
                        </origin>
                        <provenance type="found">  
                            <date>Avant 1901</date>
                                <placeName>Turda / Torda</placeName> 
                            <placeName type="modernRegion">Jud. Cluj</placeName>
                            <placeName type="modernCountry">Roumanie</placeName>
                        </provenance>
                    </history>
                </msDesc>
            </sourceDesc>
        </fileDesc>
        <encodingDesc>
            <p>Marked-up according to the EpiDoc Guidelines</p>
            <classDecl>
                <taxonomy>
                    <category xml:id="representation">
                        <catDesc>Digitized other representations</catDesc>
                    </category>
                </taxonomy>
            </classDecl>
        </encodingDesc>
        <profileDesc>
                <textClass>
<keywords>
    <term ref="http://www.eagle-network.eu/voc/typeins/lod/372">Inscription votive</term>
</keywords>
    </textClass>

            <langUsage>
                <language ident="ar">Arabic</language>
                <language ident="en">English</language>
                <language ident="fr">French</language>
                <language ident="de">German</language>
                <language ident="grc">Ancient Greek</language>
                <language ident="grc-Latn">Transliterated Greek</language>
                <language ident="el">Modern Greek</language>
                <language ident="he">Hebrew</language>
                <language ident="it">Italian</language>
                <language ident="la">Latin</language>
                <language ident="sp">Spanish</language>
            </langUsage>
        <creation>EAGLE - Europeana Network of Ancient Greek and Latin Epigraphy</creation></profileDesc>
        <revisionDesc>
         <change when="2015-02-26" who="Ioan Piso">Ioan Piso</change>
        </revisionDesc>
    </teiHeader>
<!--         <facsimile>

   <graphic n="PO_0" url="https://commons.wikimedia.org/wiki/File:PO_0.jpg">
       <desc> PO_0
          <ref type="license" target="http://creativecommons.org/licenses/by-sa/3.0/">Licensed under the Creative Commons Attribution-ShareAlike 3.0 Unported license. </ref>
      </desc>
   </graphic>    
   
            
        </facsimile>-->
        
    
    <text>
        <body>
                       
            <div type="bibliography">
                <listBibl>
<bibl>R. Münsterberg, J. Oehler, JÖAI, 1902, Bbl. 0, no 6(dessin) </bibl><bibl> G. Téglás, BKL 40(4), 1907, p. 7, no 16 </bibl><bibl> ILD 488.</bibl>
                </listBibl>
            </div>
            
            
            <div type="edition" xml:lang="la"><head>Text</head>
                
  
            

    <ab>
                        <lb n="1"/>
                        
                        
                            
                            Siḷvaṇ <lb n="2"/>o <expan><abbr>dom</abbr><ex>estico</ex></expan> <lb n="3"/><expan><abbr>Aur</abbr><ex>elius</ex></expan> Ma <lb n="4"/>ximus <lb n="5"/><expan><abbr>mil</abbr><ex>es</ex></expan> <expan><abbr>leg</abbr><ex>ionis</ex></expan> <lb n="6"/>V <expan><abbr>Mac</abbr><ex>edonicae</ex></expan> <expan><abbr>p</abbr><ex>iae</ex></expan> <lb n="7"/>Gordia <lb n="8"/>n<expan><ex>a</ex><abbr>e</abbr></expan> <expan><abbr>v</abbr><ex>oto</ex></expan> <expan><abbr>l</abbr><ex>ibens</ex></expan> <expan><abbr>p</abbr><ex>osuit</ex></expan>.
                        
                        
                    </ab>

                
                
            </div>

            <div type="apparatus">
                <p>On remarque la forme Gordiane, à la place de Gordianae.</p>
            </div>

            
           <div type="translation" xml:lang="fr">
                <p>                    À Silvain domesticus(gardien de la maison). Aurelius Maximus, militaire de la Ve légion Macedonica la pieuse, Gordiana, érigea(ceci) de bon gré à la suite d’un vœu.</p>
                    <desc><ref type="license" target="http://creativecommons.org/licenses/by-sa/3.0/">Licensed under a Creative Commons Attribution-ShareAlike 3.0 Unported licence.</ref>
                </desc>
            </div>
            

            <div type="commentary">
                <p>L. 1, Petolescu, HD : [ Sil]va [ n] / o dom(estico) ; l. 8, Münsterberg, Oehler, Petolescu(ILD) : v(otum) l(aetus) l(ibens).</p>
            </div>

        </body>
    </text>
</TEI>
