<?xml version="1.0" encoding="UTF-8"?>
<TEI xmlns="http://www.tei-c.org/ns/1.0" xml:space="preserve" xml:lang="fr">
    <teiHeader>
        <fileDesc>
            <titleStmt>
                <title>Inscription funéraire d'une famille d'Ulpii</title>
            </titleStmt>  
            <publicationStmt>
                <authority>UNIVERSITATEA BABES BOLYAI</authority>
                <idno type="URI">http://inscriptionsfromdacia.altervista.org/text/ip00000252.html</idno>
                
                
               <idno type="localID">ip00000252</idno>
  
                <availability>
                    <licence target="http://creativecommons.org/licenses/by-nc-sa/3.0/">
This file is licensed under the Creative Commons Attribution-NonCommercial-ShareAlike 3.0 Unported license.
</licence>
                </availability>
            </publicationStmt>
            <sourceDesc>
                <msDesc>
                    <msIdentifier>
                        <country>
                            <placeName type="modern">Roumanie</placeName>
                        </country>
                        <region>
                            <placeName type="modern">Jud. Cluj</placeName>
                        </region>
                        <settlement>
                            <placeName>Turda / Torda</placeName>                     
                        </settlement>
                        <repository>disparue</repository>
                        <collection/>
                        <idno/>
                    </msIdentifier>
                    <physDesc>
                        <objectDesc>
                            <supportDesc>
                                <support>

<objectType>Stèle ou base de monument funéraire,</objectType>
                                    <material ref="http://www.eagle-network.eu/voc/material/lod/57">calcaire?</material>                                    <p/>
                                    <dimensions unit="cm">
                                <height/>
                                         <width/>
                                         <depth/>
                                            </dimensions>
                                                                        <rs type="decoration">no</rs>
                                    <rs type="statPreserv"/> </support>
                            </supportDesc>
                            <layoutDesc>
                                <layout>
                                   <rs type="execution">sculptées</rs> <dimensions>
                                        <width unit="cm"/>
                                        <height unit="cm"/>
                                    </dimensions>
                                    <rs type="metre">no</rs>
                                </layout>
                            </layoutDesc>
                        </objectDesc>
                        <handDesc>
                            <handNote>
                               points de séparation
                                <height unit="cm"/>
                            </handNote>
                        </handDesc>
                    </physDesc>
                    <history>
                        <origin>
                            <origPlace>Vue par A. Kurz en 1844 sous le pont Ostrowitz et communiqué à J. F. Neigebaur.
                                <placeName ref="http://www.trismegistos.org/place/030193">Potaissa</placeName>
                                <placeName type="provincItalicRegion" ref="http://www.trismegistos.org/place/004366">Dacia</placeName>
                            </origPlace>
                              <origDate   datingMethod="http://en.wikipedia.org/wiki/Julian_calendar">Il n'y a pas des critères de datation.</origDate>
                        </origin>
                        <provenance type="found">  
                            <date>Avant 1844</date>
                                <placeName>Turda / Torda</placeName> 
                            <placeName type="modernRegion">Jud. Cluj</placeName>
                            <placeName type="modernCountry">Roumanie</placeName>
                        </provenance>
                    </history>
                </msDesc>
            </sourceDesc>
        </fileDesc>
        <encodingDesc>
            <p>Marked-up according to the EpiDoc Guidelines</p>
            <classDecl>
                <taxonomy>
                    <category xml:id="representation">
                        <catDesc>Digitized other representations</catDesc>
                    </category>
                </taxonomy>
            </classDecl>
        </encodingDesc>
        <profileDesc>
                <textClass>
<keywords>
    <term ref="http://www.eagle-network.eu/voc/typeins/lod/92">Inscription funéraire</term>
</keywords>
    </textClass>

            <langUsage>
                <language ident="ar">Arabic</language>
                <language ident="en">English</language>
                <language ident="fr">French</language>
                <language ident="de">German</language>
                <language ident="grc">Ancient Greek</language>
                <language ident="grc-Latn">Transliterated Greek</language>
                <language ident="el">Modern Greek</language>
                <language ident="he">Hebrew</language>
                <language ident="it">Italian</language>
                <language ident="la">Latin</language>
                <language ident="sp">Spanish</language>
            </langUsage>
        <creation>EAGLE - Europeana Network of Ancient Greek and Latin Epigraphy</creation></profileDesc>
        <revisionDesc>
         <change when="2015-02-26" who="Ioan Piso">Ioan Piso</change>
        </revisionDesc>
    </teiHeader>
         <facsimile>

   <graphic n="PO_23" url="https://upload.wikimedia.org/wikipedia/commons/f/fb/PO_23.jpg" sameAs="https://commons.wikimedia.org/wiki/File:PO_23.jpg">
       <desc> PO_23
          <ref type="license" target="http://creativecommons.org/licenses/by-sa/3.0/">Licensed under the Creative Commons Attribution-ShareAlike 3.0 Unported license. </ref>
      </desc>
   </graphic>    
   
            
        </facsimile>
        
    
    <text>
        <body>
                       
            <div type="bibliography">
                <listBibl>
<bibl>CIL III 924.</bibl>
                </listBibl>
            </div>
            
            
            <div type="edition" xml:lang="la"><head>Text</head>
                
  
            

    <ab>
                        <lb n="1"/>
                        
                        
                            
                            <expan><abbr>D</abbr><ex>is</ex></expan> <expan><abbr>M</abbr><ex>anibus</ex></expan> <lb n="2"/><expan><abbr>Ulp</abbr><ex>ius, -ia</ex></expan> <supplied reason="omitted">P</supplied><expan><abbr>roc</abbr><ex>ulus, -a</ex></expan> <expan><abbr>v</abbr><ex>ixit</ex></expan> <expan><abbr>a</abbr><ex>nnis</ex></expan> LX <lb n="3"/>[ .. Ul<supplied reason="omitted">p</supplied>(ius, -ia) PLLI <expan><abbr>v</abbr><ex>ixit</ex></expan> <expan><abbr>a</abbr><ex>nnis</ex></expan> L <supplied reason="lost"> .</supplied> <lb n="4"/>M <supplied reason="lost"> .</supplied>OC IVS <expan><abbr>v</abbr><ex cert="low">ixit </ex></expan> <supplied reason="omitted">a</supplied>(nnis <certainty match="preceding-sibling::node()" locus="value"/> XV <lb n="5"/><supplied reason="lost"> …..</supplied> <expan><abbr>v</abbr><ex>ixit</ex></expan> <expan><abbr>a</abbr><ex>nnis</ex></expan> XXXVII <lb n="6"/><supplied reason="lost"> …..</supplied> L NA <expan><abbr>v</abbr><ex>ixit</ex></expan> <expan><abbr>a</abbr><ex>nnis</ex></expan> XV <lb n="7"/><supplied reason="lost"> <gap reason="lost" quantity="1" unit="character"/> <gap reason="lost" quantity="1" unit="character"/> <gap reason="lost" quantity="1" unit="character"/></supplied> <lb n="8"/>HP <supplied reason="lost"> …</supplied> IT <supplied reason="lost"> … <expan><abbr>v</abbr><ex>ixit</ex></expan> <expan><abbr>a</abbr><ex>nnis</ex></expan></supplied> XXX <lb n="9"/><supplied reason="lost"> ……</supplied>FVIPM <expan><abbr>v</abbr><ex>ixit</ex></expan> <expan><abbr>a</abbr><ex>nnis</ex></expan> X <lb n="10"/><supplied reason="lost"> ……</supplied>nu <supplied reason="lost"> s</supplied> <expan><abbr>v</abbr><ex>ixit</ex></expan> <expan><abbr>a</abbr><ex>nnis</ex></expan> VII <lb n="11"/><supplied reason="lost"> <gap reason="lost" quantity="1" unit="character"/> <gap reason="lost" quantity="1" unit="character"/> <gap reason="lost" quantity="1" unit="character"/> <expan><abbr>v</abbr><ex>ixit</ex></expan></supplied> <expan><abbr>a</abbr><ex>nnis</ex></expan> II <lb n="12"/><supplied reason="lost"> <gap reason="lost" quantity="1" unit="character"/> <gap reason="lost" quantity="1" unit="character"/> <gap reason="lost" quantity="1" unit="character"/> <gap reason="lost" quantity="1" unit="character"/> <gap reason="lost" quantity="1" unit="character"/> <gap reason="lost" quantity="1" unit="character"/></supplied>.
                        
                        
                    </ab>

                
                
            </div>

            
           <div type="translation" xml:lang="fr">
                <p>                    Aux dieux Mânes. Ulpius Proculus(Ulpia Procula ?) a vécu 60 ans, Ulpius(Ulpia) … a vécu 0(?) ans, … a vécu 1 ans(?), … a vécu 37 ans, … a vécu 1 ans, … a vécu 30 ans, … a vécu ans, …nus a vécu 7 ans, …(a vécu) 2 ans, ….</p>
                    <desc><ref type="license" target="http://creativecommons.org/licenses/by-sa/3.0/">Licensed under a Creative Commons Attribution-ShareAlike 3.0 Unported licence.</ref>
                </desc>
            </div>
            

        </body>
    </text>
</TEI>
