<?xml version="1.0" encoding="UTF-8"?>
<TEI xmlns="http://www.tei-c.org/ns/1.0" xml:space="preserve" xml:lang="fr">
    <teiHeader>
        <fileDesc>
            <titleStmt>
                <title>Inscription honorifique</title>
            </titleStmt>  
            <publicationStmt>
                <authority>UNIVERSITATEA BABES BOLYAI</authority>
                <idno type="URI">http://inscriptionsfromdacia.altervista.org/text/ip00000107.html</idno>
                
                
               <idno type="localID">ip00000107</idno>
  
                <availability>
                    <licence target="http://creativecommons.org/licenses/by-nc-sa/3.0/">
This file is licensed under the Creative Commons Attribution-NonCommercial-ShareAlike 3.0 Unported license.
</licence>
                </availability>
            </publicationStmt>
            <sourceDesc>
                <msDesc>
                    <msIdentifier>
                        <country>
                            <placeName type="modern">Roumanie</placeName>
                        </country>
                        <region>
                            <placeName type="modern">Jud. Bistrița-Năsăud</placeName>
                        </region>
                        <settlement>
                            <placeName>Ilișua</placeName>                     
                        </settlement>
                        <repository>Muzuel Județean Bistrița-Năsăud, inv. 23020</repository>
                        <collection/>
                        <idno/>
                    </msIdentifier>
                    <physDesc>
                        <objectDesc>
                            <supportDesc>
                                <support>

<objectType ref="http://www.eagle-network.eu/voc/objtyp/lod/57">Base de statue</objectType>
                                    <material ref="http://www.eagle-network.eu/voc/material/lod/30">tuf volcanique</material>                                    <p/>
                                    <dimensions unit="cm">
                                <height/>
                                         <width>83</width>
                                         <depth>68</depth>
                                            </dimensions>
                                                                        <rs type="decoration">no</rs>
                                    <rs type="statPreserv"/> </support>
                            </supportDesc>
                            <layoutDesc>
                                <layout>
                                   <rs type="execution"/> <dimensions>
                                        <width unit="cm"/>
                                        <height unit="cm"/>
                                    </dimensions>
                                    <rs type="metre">no</rs>
                                </layout>
                            </layoutDesc>
                        </objectDesc>
                        <handDesc>
                            <handNote>
                               points de séparation
                                <height unit="cm"/>
                            </handNote>
                        </handDesc>
                    </physDesc>
                    <history>
                        <origin>
                            <origPlace>Trouv=ee en 1983 dans la cour des principia.
                                <placeName ref="http://www.trismegistos.org/place/030262">Arcobadara</placeName>
                                <placeName type="provincItalicRegion" ref="http://www.trismegistos.org/place/004366">Dacia</placeName>
                            </origPlace>
                              <origDate datingMethod="http://en.wikipedia.org/wiki/Julian_calendar">De 131, en raison du chiffre de la puissance tribunicienne ; l’épithète Antoniniana remonte à Caracalla et date probablement de 213.</origDate>
                        </origin>
                        <provenance type="found">  
                            <date>1983</date>
                                <placeName>Ilișua</placeName> 
                            <placeName type="modernRegion">Jud. Bistrița-Năsăud</placeName>
                            <placeName type="modernCountry">Roumanie</placeName>
                        </provenance>
                    </history>
                </msDesc>
            </sourceDesc>
        </fileDesc>
        <encodingDesc>
            <p>Marked-up according to the EpiDoc Guidelines</p>
            <classDecl>
                <taxonomy>
                    <category xml:id="representation">
                        <catDesc>Digitized other representations</catDesc>
                    </category>
                </taxonomy>
            </classDecl>
        </encodingDesc>
        <profileDesc>
                <textClass>
<keywords>
    <term ref="http://www.eagle-network.eu/voc/typeins/lod/69">Inscription honorifique</term>
</keywords>
    </textClass>

            <langUsage>
                <language ident="ar">Arabic</language>
                <language ident="en">English</language>
                <language ident="fr">French</language>
                <language ident="de">German</language>
                <language ident="grc">Ancient Greek</language>
                <language ident="grc-Latn">Transliterated Greek</language>
                <language ident="el">Modern Greek</language>
                <language ident="he">Hebrew</language>
                <language ident="it">Italian</language>
                <language ident="la">Latin</language>
                <language ident="sp">Spanish</language>
            </langUsage>
        <creation>EAGLE - Europeana Network of Ancient Greek and Latin Epigraphy</creation></profileDesc>
        <revisionDesc>
         <change when="2015-02-26" who="Ioan Piso">Ioan Piso</change>
        </revisionDesc>
    </teiHeader><!--
         <facsimile>

   <graphic n="AR_8" url="https://commons.wikimedia.org/wiki/File:AR_8.jpg">
       <desc> AR_8
          <ref type="license" target="http://creativecommons.org/licenses/by-sa/3.0/">Licensed under the Creative Commons Attribution-ShareAlike 3.0 Unported license. </ref>
      </desc>
   </graphic>    
   
            
        </facsimile>
        -->
    
    <text>
        <body>
                       
            <div type="bibliography">
                <listBibl>
<bibl>D. Protase, SCIVA 36 / 3, 198, p. 249-23 </bibl><bibl> idem, dans : Römische Geschichte, Altertumskunde und Epigraphik. Festschrift für Artur Betz zur Vollendung seines 80. Lebensjahres, Wien 198, p. 49-04(dessin), pl. 8(photo) </bibl><bibl> C. C. Petolescu, CEpR V 30 </bibl><bibl> ILD 796 </bibl><bibl> S. Nemeti, Classica et Christiana / 2, 20, p. 424, no 8 </bibl><bibl> C. Gaiu, R. Zăgreanu, Inscripții și piese sculpturale din castrul roman de la Ilișua, Cluj-Napoca 2011, p. 67, no I.1.1, p. 121, pl. III.</bibl>
                </listBibl>
            </div>
            
            
            <div type="edition" xml:lang="la"><head>Text</head>
                
  
            

    <ab>
                        <lb n="1"/>
                        
                        
                            
                            <supplied reason="lost"> <expan><abbr>Imp</abbr><ex>eratori</ex></expan> Cae</supplied><expan><abbr>s</abbr><ex>ari</ex></expan> divi Traian <supplied reason="lost"> i</supplied> <lb n="2"/><supplied reason="lost"> Parthi</supplied>ci filio divi Nẹṛ <supplied reason="lost"> vae</supplied> <lb n="3"/>nepoti <lb n="4"/>Traiano Hadriano A <supplied reason="lost"> <expan><abbr>ug</abbr><ex>usto</ex></expan></supplied> <lb n="5"/><expan><abbr>pont</abbr><ex>ifici</ex></expan> maximo <expan><abbr>trib</abbr><ex>unicia</ex></expan> <expan><abbr>pot</abbr><ex>estate</ex></expan> XV <lb n="6"/>co<expan><ex>n</ex><abbr>s</abbr><ex>uli</ex></expan> III <expan><abbr>p</abbr><ex>atri</ex></expan> <expan><abbr>p</abbr><ex>atriae</ex></expan> <lb n="7"/>ala I Tungrorum <expan><abbr>Fronton</abbr><ex>iana</ex></expan> <lb n="8"/>Antoniniana.
                        
                        
                    </ab>

                
                
            </div>

            
           <div type="translation" xml:lang="fr">
                <p>                    (À l’empereur) César Trajan Hadrien Auguste, fils du divin Trajan Parthique, petit-fils du Divin Nerva, grand pontife, investi avec la puissance tribunicienne pour la XVème fois, consul trois fois, père de la patrie, l’ala I Tungrorum Frontoniana Antoniniana(érigea ceci).</p>
                    <desc><ref type="license" target="http://creativecommons.org/licenses/by-sa/3.0/">Licensed under a Creative Commons Attribution-ShareAlike 3.0 Unported licence.</ref>
                </desc>
            </div>
            

            <div type="commentary">
                <p>Le texte de Protase contient quelques petites erreurs de lecture qui se sont perpétuées chez tous les autres auteurs : [ Imp(eratori) Caesar]i divi Traian(i) / [ Parthic]i filio divi N [ ervae] / nepoti / Traiano Hadriano [ Aug(usto)] / pont(ifici) maximo trib(unicia) pot(estate) X [ V ?] / co(n)s(uli) III p(atri) p(atriae) / ala I Tungrorum Frontoni(ana) / Antoniniana. Le résultat le plus important de la réexamination de la pièce est que le chiffre XV de la puissance tribunicienne est certain. L’épithète Antoniniana a été ajouté sous Caracalla(Protase), plus précisément en 213, à l’occasion de la visite de l’empereur, quand fut érigé aussi CIL III 79. Pour l’emplacement de la statue dans la cour des principia voir F. Marcu, The Internal Planning of Roman Forts of Dacia, Cluj-Napoca 2009, p. 80-81.</p>
            </div>

        </body>
    </text>
</TEI>
