<?xml version="1.0" encoding="UTF-8"?>
<TEI xmlns="http://www.tei-c.org/ns/1.0" xml:space="preserve" xml:lang="fr">
    <teiHeader>
        <fileDesc>
            <titleStmt>
                <title>Inscription funéraire</title>
            </titleStmt>  
            <publicationStmt>
                <authority>UNIVERSITATEA BABES BOLYAI</authority>
                <idno type="URI">http://inscriptionsfromdacia.altervista.org/text/ip00000138.html</idno>
                
                
               <idno type="localID">ip00000138</idno>
  
                <availability>
                    <licence target="http://creativecommons.org/licenses/by-nc-sa/3.0/">
This file is licensed under the Creative Commons Attribution-NonCommercial-ShareAlike 3.0 Unported license.
</licence>
                </availability>
            </publicationStmt>
            <sourceDesc>
                <msDesc>
                    <msIdentifier>
                        <country>
                            <placeName type="modern">Roumanie</placeName>
                        </country>
                        <region>
                            <placeName type="modern">Jud. Bistrița-Năsăud</placeName>
                        </region>
                        <settlement>
                            <placeName>Ilișua</placeName>                     
                        </settlement>
                        <repository>Muzeul de Istorie Dej</repository>
                        <collection/>
                        <idno/>
                    </msIdentifier>
                    <physDesc>
                        <objectDesc>
                            <supportDesc>
                                <support>

<objectType>Stèle funeraire,</objectType>
                                    <material ref="http://www.eagle-network.eu/voc/material/lod/30">tuf volcanique</material>                                    <p/>
                                    <dimensions unit="cm">
                                <height>120</height>
                                         <width>20</width>
                                         <depth>80</depth>
                                            </dimensions>
                                                                        <rs type="decoration" ref="http://www.eagle-network.eu/voc/decor/lod/2000">yes</rs>
                                    <rs type="statPreserv"/> </support>
                            </supportDesc>
                            <layoutDesc>
                                <layout>
                                   <rs type="execution">sculptées</rs> <dimensions>
                                        <width unit="cm"/>
                                        <height unit="cm"/>
                                    </dimensions>
                                    <rs type="metre">no</rs>
                                </layout>
                            </layoutDesc>
                        </objectDesc>
                        <handDesc>
                            <handNote>
                               points de séparation
                                <height unit="cm"/>
                            </handNote>
                        </handDesc>
                    </physDesc>
                    <history>
                        <origin>
                            <origPlace>Trouvée en 1830 près de la porte est du camp.
                                <placeName ref="http://www.trismegistos.org/place/030262">Arcobadara</placeName>
                                <placeName type="provincItalicRegion" ref="http://www.trismegistos.org/place/004366">Dacia</placeName>
                            </origPlace>
                              <origDate  datingMethod="http://en.wikipedia.org/wiki/Julian_calendar">En principe, à partir de l’arrivée, vers le début du règne d’Hadrien, de l'ala I Tungrorum Frontoniana en Dacie.</origDate>
                        </origin>
                        <provenance type="found">  
                            <date>1830</date>
                                <placeName>Ilișua</placeName> 
                            <placeName type="modernRegion">Jud. Bistrița-Năsăud</placeName>
                            <placeName type="modernCountry">Roumanie</placeName>
                        </provenance>
                    </history>
                </msDesc>
            </sourceDesc>
        </fileDesc>
        <encodingDesc>
            <p>Marked-up according to the EpiDoc Guidelines</p>
            <classDecl>
                <taxonomy>
                    <category xml:id="representation">
                        <catDesc>Digitized other representations</catDesc>
                    </category>
                </taxonomy>
            </classDecl>
        </encodingDesc>
        <profileDesc>
                <textClass>
<keywords>
    <term ref="http://www.eagle-network.eu/voc/typeins/lod/92">Inscription funéraire</term>
</keywords>
    </textClass>

            <langUsage>
                <language ident="ar">Arabic</language>
                <language ident="en">English</language>
                <language ident="fr">French</language>
                <language ident="de">German</language>
                <language ident="grc">Ancient Greek</language>
                <language ident="grc-Latn">Transliterated Greek</language>
                <language ident="el">Modern Greek</language>
                <language ident="he">Hebrew</language>
                <language ident="it">Italian</language>
                <language ident="la">Latin</language>
                <language ident="sp">Spanish</language>
            </langUsage>
        <creation>EAGLE - Europeana Network of Ancient Greek and Latin Epigraphy</creation></profileDesc>
        <revisionDesc>
         <change when="2015-02-26" who="Ioan Piso">Ioan Piso</change>
        </revisionDesc>
    </teiHeader>
<!--         <facsimile>

   <graphic n="AR_139" url="https://commons.wikimedia.org/wiki/File:AR_139.jpg">
       <desc> AR_139
          <ref type="license" target="http://creativecommons.org/licenses/by-sa/3.0/">Licensed under the Creative Commons Attribution-ShareAlike 3.0 Unported license. </ref>
      </desc>
   </graphic>    
   
            
        </facsimile>
-->        
    
    <text>
        <body>
                       
            <div type="bibliography">
                <listBibl>
<bibl>K. Torma, ErdMúz 3-4, 1866, p. 48-49, no 27 </bibl><bibl> CIL III 799 </bibl><bibl> I. I. Russu, AMN 4, 1967, p. 91 </bibl><bibl> L. Țeposu-Marinescu, Funerary Monuments in Dacia Superior and Dacia Porolissensis(BAR Int. Series 128), Oxford 1982, p. 129, no 1, pl. XI, S 1 </bibl><bibl> S. Nemeti, Classica et Christiana / 2, 20, p. 413, no 28 </bibl><bibl> C. Gaiu, R. Zăgreanu, Inscripții și piese sculpturale din castrul roman de la Ilișua, Cluj-Napoca 2011, p. 81-82, no I.3.b.1, p. 12, pl. VII.</bibl>
                </listBibl>
            </div>
            
            
            <div type="edition" xml:lang="la"><head>Text</head>
                
  
            

    <ab>
                        <lb n="1"/>
                        
                        
                            
                            <supplied reason="lost"> <expan><abbr>D</abbr><ex>is</ex></expan></supplied> <expan><abbr>M</abbr><ex>anibus</ex></expan> <lb n="2"/><supplied reason="lost"> <gap reason="lost" quantity="1" unit="character"/> <gap reason="lost" quantity="1" unit="character"/> <gap reason="lost" quantity="1" unit="character"/></supplied>s Mucaporis <lb n="3"/><supplied reason="lost"> eques alae</supplied> <expan><abbr>Front</abbr><ex>onianae</ex></expan> <lb n="4"/><supplied reason="lost"> <expan><abbr>vix</abbr><ex>it</ex></expan> <expan><abbr>ann</abbr><ex>is</ex></expan> ..</supplied>III <expan><abbr>Ael</abbr><ex>ius</ex></expan> Mu <lb n="5"/><supplied reason="lost"> <gap reason="lost" quantity="1" unit="character"/> <gap reason="lost" quantity="1" unit="character"/> <gap reason="lost" quantity="1" unit="character"/> <expan><abbr>eq</abbr><ex>ues</ex></expan> a</supplied>lae <expan><abbr>eiusd</abbr><ex>em</ex></expan> <lb n="6"/><supplied reason="lost"> <gap reason="lost" quantity="1" unit="character"/> <gap reason="lost" quantity="1" unit="character"/> <gap reason="lost" quantity="1" unit="character"/> <gap reason="lost" quantity="1" unit="character"/> <gap reason="lost" quantity="1" unit="character"/> <gap reason="lost" quantity="1" unit="character"/></supplied>.
                        
                        
                    </ab>

                
                
            </div>

            <div type="apparatus">
                <p>L. 1-2, Mommsen : [ D(iis) M(anibus) ….s(ii) Mucaporis ; Țeposu-Marinescu, Gaiu, Zăgreanu : [ D(is) M(anibu)]s / Mucaporis ; Nemeti : [ D(is)] M(anibus / [ - - -]s Mucaporis.</p>
            </div>

            
           <div type="translation" xml:lang="fr">
                <p>                    …s,(fils de ?) Mucapor,(cavalier de l’ala) Frontoniana, a vécu … ans. Aelius Mu…,(cavalier) de la même aile, ….</p>
                    <desc><ref type="license" target="http://creativecommons.org/licenses/by-sa/3.0/">Licensed under a Creative Commons Attribution-ShareAlike 3.0 Unported licence.</ref>
                </desc>
            </div>
            

            <div type="commentary">
                <p>Le nom du défunt au génitif n’est pas typique du nord de Dacie. Il s’agit soit d’un nom de facture pérégrine, où le nom du père pouvait être Mucapor et alors on s’attend à un nom personnel thrace ou romain, ou bien d’un nom de facture romaine, dans lequel Mucaporis jouait le rôle de cognomen et était précédé par un nomen. Pour les noms thraces Mucapor, Mucaporis et les diverses variantes voir Detschew, Russu et D. Dana, dans : Orbis antiquus, p. 440-441. C’est de ce dilemme que dépend aussi la datation. Pour Aelius Mu [ - - -], il portait le conomen d’origine thrace Muca ou un de ses composés ; voir Detschew, Sprachreste, p. 312-320.</p>
            </div>

        </body>
    </text>
</TEI>
