<?xml version="1.0" encoding="UTF-8"?>
<TEI xmlns="http://www.tei-c.org/ns/1.0" xml:space="preserve" xml:lang="fr">
    <teiHeader>
        <fileDesc>
            <titleStmt>
                <title>Estampille tégulaire de la garde du procurateur</title>
            </titleStmt>  
            <publicationStmt>
                <authority>UNIVERSITATEA BABES BOLYAI</authority>
                <idno type="URI">http://inscriptionsfromdacia.altervista.org/text/ip00000170.html</idno>
                
                
               <idno type="localID">ip00000170</idno>
  
                <availability>
                    <licence target="http://creativecommons.org/licenses/by-nc-sa/3.0/">
This file is licensed under the Creative Commons Attribution-NonCommercial-ShareAlike 3.0 Unported license.
</licence>
                </availability>
            </publicationStmt>
            <sourceDesc>
                <msDesc>
                    <msIdentifier>
                        <country>
                            <placeName type="modern">Roumanie</placeName>
                        </country>
                        <region>
                            <placeName type="modern">Jud. Hunedoara</placeName>
                        </region>
                        <settlement>
                            <placeName>Sarmizegetusa</placeName>                     
                        </settlement>
                        <repository>Musées de Sarmizegetusa, Deva et Cluj</repository>
                        <collection/>
                        <idno/>
                    </msIdentifier>
                    <physDesc>
                        <objectDesc>
                            <supportDesc>
                                <support>

<objectType ref="http://www.eagle-network.eu/voc/objtyp/lod/1952">Briques et tuiles</objectType>
                                    <material ref="http://www.eagle-network.eu/voc/material/lod/130">céramique</material>                                    <p/>
                                    <dimensions unit="cm">
                                <height>4.6</height>
                                         <width/>
                                         <depth>7.7</depth>
                                            </dimensions>
                                                                        <rs type="decoration">no</rs>
                                    <rs type="statPreserv"/> </support>
                            </supportDesc>
                            <layoutDesc>
                                <layout>
                                   <rs type="execution">en relief</rs> <dimensions>
                                        <width unit="cm"/>
                                        <height unit="cm"/>
                                    </dimensions>
                                    <rs type="metre">no</rs>
                                </layout>
                            </layoutDesc>
                        </objectDesc>
                        <handDesc>
                            <handNote>
                               Points de séparation
                                <height unit="cm">1.61.8</height>
                            </handNote>
                        </handDesc>
                    </physDesc>
                    <history>
                        <origin>
                            <origPlace>18 briques et tuiles ont été trouvés au siège du procurateur financier
                                <placeName ref="http://www.trismegistos.org/place/030060">Sarmizegetusa</placeName>
                                <placeName type="provincItalicRegion" ref="http://www.trismegistos.org/place/004366">Dacia</placeName>
                            </origPlace>
                              <origDate  datingMethod="http://en.wikipedia.org/wiki/Julian_calendar">À partir de la construction, après 168, de la seconde phase en pierre du siège du procurateur financier(praetorium procuratoris).</origDate>
                        </origin>
                        <provenance type="found">  
                            <date>1981-1988</date>
                                <placeName>Sarmizegetusa</placeName> 
                            <placeName type="modernRegion">Jud. Hunedoara</placeName>
                            <placeName type="modernCountry">Roumanie</placeName>
                        </provenance>
                    </history>
                </msDesc>
            </sourceDesc>
        </fileDesc>
        <encodingDesc>
            <p>Marked-up according to the EpiDoc Guidelines</p>
            <classDecl>
                <taxonomy>
                    <category xml:id="representation">
                        <catDesc>Digitized other representations</catDesc>
                    </category>
                </taxonomy>
            </classDecl>
        </encodingDesc>
        <profileDesc>
                <textClass>
<keywords>
    <term ref="http://www.eagle-network.eu/voc/typeins/lod/118">Estampille tégulaire</term>
</keywords>
    </textClass>

            <langUsage>
                <language ident="ar">Arabic</language>
                <language ident="en">English</language>
                <language ident="fr">French</language>
                <language ident="de">German</language>
                <language ident="grc">Ancient Greek</language>
                <language ident="grc-Latn">Transliterated Greek</language>
                <language ident="el">Modern Greek</language>
                <language ident="he">Hebrew</language>
                <language ident="it">Italian</language>
                <language ident="la">Latin</language>
                <language ident="sp">Spanish</language>
            </langUsage>
        <creation>EAGLE - Europeana Network of Ancient Greek and Latin Epigraphy</creation></profileDesc>
        <revisionDesc>
         <change when="2015-02-26" who="Ioan Piso">Ioan Piso</change>
        </revisionDesc>
    </teiHeader>
<!--         <facsimile>

   <graphic n="UTS_171" url="https://commons.wikimedia.org/wiki/File:UTS_171.jpg">
       <desc> UTS_171
          <ref type="license" target="http://creativecommons.org/licenses/by-sa/3.0/">Licensed under the Creative Commons Attribution-ShareAlike 3.0 Unported license. </ref>
      </desc>
   </graphic>    
   
            
        </facsimile>
        
-->    
    <text>
        <body>
                       
            <div type="bibliography">
                <listBibl>
<bibl>CIL III 1633, 1 = 807, </bibl><bibl> A. Stein, Die Reichsbeamten von Dazien, Budapest 1944, p. 83</bibl><bibl> IDR III / 2, 67</bibl><bibl> I. Piso, Ephemeris Epigraphica 6, 1996, p. 19-160, no 8 = idem, Nordgrenze, p. 302, no 8</bibl><bibl> AE 1996, 1282.</bibl>
                </listBibl>
            </div>
            
            
            <div type="edition" xml:lang="la"><head>Text</head>
                
  
            

    <ab>
                        <lb n="1"/>
                        
                        
                            
                            <expan><abbr>C</abbr><ex>ai</ex></expan> <expan><abbr>V</abbr><ex>- - -</ex></expan> <expan><abbr>C</abbr><ex>- - -</ex></expan> <lb n="2"/><expan><abbr>pr</abbr><ex>ocuratoris</ex></expan> <expan><abbr>Au</abbr><ex>gusti</ex></expan>.
                        
                        
                    </ab>

                
                
            </div>

            <div type="apparatus">
                <p>Dans la l. 2 on pourrait lire aussi(ex) pr(aediis) Au(gusti).</p>
            </div>

            
           <div type="translation" xml:lang="fr">
                <p>                    Appartenant à Caius V(- - -) C(- - -), procurateur de l'empereur.</p>
                    <desc><ref type="license" target="http://creativecommons.org/licenses/by-sa/3.0/">Licensed under a Creative Commons Attribution-ShareAlike 3.0 Unported licence.</ref>
                </desc>
            </div>
            

            <div type="commentary">
                <p>Les lettres C V C semblent être les initiales du nom d'un procurateur financier, identifié à tort dans l'ancienne littérature avec C. Valerius Catullinus. Les briques et les tuiles proviennent du domaine du fisc et ont été utilisés à la construction de la seconde phase en pierre du siège du procurateur.</p>
            </div>

        </body>
    </text>
</TEI>
