<?xml version="1.0" encoding="UTF-8"?>
<TEI xmlns="http://www.tei-c.org/ns/1.0" xml:space="preserve" xml:lang="fr">
    <teiHeader>
        <fileDesc>
            <titleStmt>
                <title>Estampille sur tuile d'une briquetterie privée</title>
            </titleStmt>  
            <publicationStmt>
                <authority>UNIVERSITATEA BABES BOLYAI</authority>
                <idno type="URI">http://inscriptionsfromdacia.altervista.org/text/ip00000182.html</idno>
                
                
               <idno type="localID">ip00000182</idno>
  
                <availability>
                    <licence target="http://creativecommons.org/licenses/by-nc-sa/3.0/">
This file is licensed under the Creative Commons Attribution-NonCommercial-ShareAlike 3.0 Unported license.
</licence>
                </availability>
            </publicationStmt>
            <sourceDesc>
                <msDesc>
                    <msIdentifier>
                        <country>
                            <placeName type="modern">Roumanie</placeName>
                        </country>
                        <region>
                            <placeName type="modern">Jud. Hunedoara</placeName>
                        </region>
                        <settlement>
                            <placeName>Sarmizegetusa</placeName>                     
                        </settlement>
                        <repository>Musées de Sarmizegetusa et de Sibiu</repository>
                        <collection/>
                        <idno/>
                    </msIdentifier>
                    <physDesc>
                        <objectDesc>
                            <supportDesc>
                                <support>

<objectType ref="http://www.eagle-network.eu/voc/objtyp/lod/1665">Tuiles</objectType>
                                    <material ref="http://www.eagle-network.eu/voc/material/lod/130">céramique</material>                                    <p/>
                                    <dimensions unit="cm">
                                <height>4.3</height>
                                         <width/>
                                         <depth>9.6</depth>
                                            </dimensions>
                                                                        <rs type="decoration">no</rs>
                                    <rs type="statPreserv"/> </support>
                            </supportDesc>
                            <layoutDesc>
                                <layout>
                                   <rs type="execution">imprimées, rétrogrades</rs> <dimensions>
                                        <width unit="cm"/>
                                        <height unit="cm"/>
                                    </dimensions>
                                    <rs type="metre">no</rs>
                                </layout>
                            </layoutDesc>
                        </objectDesc>
                        <handDesc>
                            <handNote>
                               Points de séparation
                                <height unit="cm"/>
                            </handNote>
                        </handDesc>
                    </physDesc>
                    <history>
                        <origin>
                            <origPlace>Des exemplaires ont été trouvés dans une villa près de Pârâul Zeicanilor, dans le praetorium procuratoris, au nord du mur de la colonie et, les plusieurs, lors des fouilles dans la ville de Hobita, près de Sarmizegetusa.
                                <placeName ref="http://www.trismegistos.org/place/030060">Sarmizegetusa</placeName>
                                <placeName type="provincItalicRegion" ref="http://www.trismegistos.org/place/004366">Dacia</placeName>
                            </origPlace>
                              <origDate notBefore-custom="0008" notAfter-custom="0271" datingMethod="http://en.wikipedia.org/wiki/Julian_calendar">Il n'y a pas des critères de datation.</origDate>
                        </origin>
                        <provenance type="found">  
                            <date>Au XVIIIe siècle, avant la seconde guerre mondiale et en 197-1976</date>
                                <placeName>Sarmizegetusa</placeName> 
                            <placeName type="modernRegion">Jud. Hunedoara</placeName>
                            <placeName type="modernCountry">Roumanie</placeName>
                        </provenance>
                    </history>
                </msDesc>
            </sourceDesc>
        </fileDesc>
        <encodingDesc>
            <p>Marked-up according to the EpiDoc Guidelines</p>
            <classDecl>
                <taxonomy>
                    <category xml:id="representation">
                        <catDesc>Digitized other representations</catDesc>
                    </category>
                </taxonomy>
            </classDecl>
        </encodingDesc>
        <profileDesc>
                <textClass>
<keywords>
    <term ref="http://www.eagle-network.eu/voc/typeins/lod/118">Estampille tégulaire</term>
</keywords>
    </textClass>

            <langUsage>
                <language ident="ar">Arabic</language>
                <language ident="en">English</language>
                <language ident="fr">French</language>
                <language ident="de">German</language>
                <language ident="grc">Ancient Greek</language>
                <language ident="grc-Latn">Transliterated Greek</language>
                <language ident="el">Modern Greek</language>
                <language ident="he">Hebrew</language>
                <language ident="it">Italian</language>
                <language ident="la">Latin</language>
                <language ident="sp">Spanish</language>
            </langUsage>
        <creation>EAGLE - Europeana Network of Ancient Greek and Latin Epigraphy</creation></profileDesc>
        <revisionDesc>
         <change when="2015-02-26" who="Ioan Piso">Ioan Piso</change>
        </revisionDesc>
    </teiHeader><!--
         <facsimile>

   <graphic n="UTS_183" url="https://commons.wikimedia.org/wiki/File:UTS_183.jpg">
       <desc> UTS_183
          <ref type="license" target="http://creativecommons.org/licenses/by-sa/3.0/">Licensed under the Creative Commons Attribution-ShareAlike 3.0 Unported license. </ref>
      </desc>
   </graphic>    
   
            
        </facsimile>
        -->
    
    <text>
        <body>
                       
            <div type="bibliography">
                <listBibl>
<bibl>CIL III 1633, 18 = 907, 7</bibl><bibl> IDR III / 2, 2</bibl><bibl> I. Piso, Ephemeris Napocensis 6, 1996, p. 172, no 29 = idem, Nordgrenze, p. 32-326, no 29</bibl><bibl> AE 1996, 1302.</bibl>
                </listBibl>
            </div>
            
            
            <div type="edition" xml:lang="la"><head>Text</head>
                
  
            

    <ab>
                        <lb n="1"/>
                        
                        
                            
                            <expan><abbr>L</abbr><ex>ucii</ex></expan> <expan><abbr>D</abbr><ex cert="low">omitii</ex></expan> <expan><abbr>P</abbr><ex>- - -</ex></expan>.
                        
                        
                    </ab>

                
                
            </div>

            
           <div type="translation" xml:lang="fr">
                <p>                    Appartenant à Lucius Domitius(?) P [ - - -]</p>
                    <desc><ref type="license" target="http://creativecommons.org/licenses/by-sa/3.0/">Licensed under a Creative Commons Attribution-ShareAlike 3.0 Unported licence.</ref>
                </desc>
            </div>
            

            <div type="commentary">
                <p>Le personnage est propriétaire d'un domaine et d'une briquetterie. Les Domitii sont connus à Sarmizegetusa.</p>
            </div>

        </body>
    </text>
</TEI>
