<?xml version="1.0" encoding="UTF-8"?>
<TEI xmlns="http://www.tei-c.org/ns/1.0" xml:space="preserve" xml:lang="fr">
    <teiHeader>
        <fileDesc>
            <titleStmt>
                <title>Inscription votive</title>
            </titleStmt>  
            <publicationStmt>
                <authority>UNIVERSITATEA BABES BOLYAI</authority>
                <idno type="URI">http://inscriptionsfromdacia.altervista.org/text/ip00000083.html</idno>
                
                
               <idno type="localID">ip00000083</idno>
  
                <availability>
                    <licence target="http://creativecommons.org/licenses/by-nc-sa/3.0/">
This file is licensed under the Creative Commons Attribution-NonCommercial-ShareAlike 3.0 Unported license.
</licence>
                </availability>
            </publicationStmt>
            <sourceDesc>
                <msDesc>
                    <msIdentifier>
                        <country>
                            <placeName type="modern">Roumanie</placeName>
                        </country>
                        <region>
                            <placeName type="modern">Jud. Cluj</placeName>
                        </region>
                        <settlement>
                            <placeName>Turda / Torda</placeName>                     
                        </settlement>
                        <repository>Musée Brukenthal de Sibiu, inv. A 3412 = 718</repository>
                        <collection/>
                        <idno/>
                    </msIdentifier>
                    <physDesc>
                        <objectDesc>
                            <supportDesc>
                                <support>

<objectType>Autel votif ou base de statue</objectType>
                                    <material ref="http://www.eagle-network.eu/voc/material/lod/57">calcaire</material>                                    <p/>
                                    <dimensions unit="cm">
                                <height>88</height>
                                         <width>30</width>
                                         <depth>31</depth>
                                            </dimensions>
                                                                        <rs type="decoration">no</rs>
                                    <rs type="statPreserv"/> </support>
                            </supportDesc>
                            <layoutDesc>
                                <layout>
                                   <rs type="execution">sculptées</rs> <dimensions>
                                        <width unit="cm"/>
                                        <height unit="cm"/>
                                    </dimensions>
                                    <rs type="metre">no</rs>
                                </layout>
                            </layoutDesc>
                        </objectDesc>
                        <handDesc>
                            <handNote>
                               points de séparation
                                <height unit="cm"/>
                            </handNote>
                        </handDesc>
                    </physDesc>
                    <history>
                        <origin>
                            <origPlace>Réutilisé probablement comme bloc de construction et retrouvé en 1778 à la suite d’un incendie ; il parvint dans la bibliothèque du gymnase de Sibiu(Hermannstadt), où il a été vu en 187 par Mommsen ; d’ici il parvint au Musée Brukenthal.
                                <placeName ref="http://www.trismegistos.org/place/030193">Potaissa</placeName>
                                <placeName type="provincItalicRegion" ref="http://www.trismegistos.org/place/004366">Dacia</placeName>
                            </origPlace>
                              <origDate  datingMethod="http://en.wikipedia.org/wiki/Julian_calendar">À partir de Commode, en raison des épithètes portées par la légion</origDate>
                        </origin>
                        <provenance type="found">  
                            <date>1778</date>
                                <placeName>Turda / Torda</placeName> 
                            <placeName type="modernRegion">Jud. Cluj</placeName>
                            <placeName type="modernCountry">Roumanie</placeName>
                        </provenance>
                    </history>
                </msDesc>
            </sourceDesc>
        </fileDesc>
        <encodingDesc>
            <p>Marked-up according to the EpiDoc Guidelines</p>
            <classDecl>
                <taxonomy>
                    <category xml:id="representation">
                        <catDesc>Digitized other representations</catDesc>
                    </category>
                </taxonomy>
            </classDecl>
        </encodingDesc>
        <profileDesc>
                <textClass>
<keywords>
    <term ref="http://www.eagle-network.eu/voc/typeins/lod/372">Inscription votive</term>
</keywords>
    </textClass>

            <langUsage>
                <language ident="ar">Arabic</language>
                <language ident="en">English</language>
                <language ident="fr">French</language>
                <language ident="de">German</language>
                <language ident="grc">Ancient Greek</language>
                <language ident="grc-Latn">Transliterated Greek</language>
                <language ident="el">Modern Greek</language>
                <language ident="he">Hebrew</language>
                <language ident="it">Italian</language>
                <language ident="la">Latin</language>
                <language ident="sp">Spanish</language>
            </langUsage>
        <creation>EAGLE - Europeana Network of Ancient Greek and Latin Epigraphy</creation></profileDesc>
        <revisionDesc>
         <change when="2015-02-26" who="Ioan Piso">Ioan Piso</change>
        </revisionDesc>
    </teiHeader>
         <facsimile>

   <graphic n="PO_84" url="https://upload.wikimedia.org/wikipedia/commons/c/cb/PO_84.jpg" sameAs="https://commons.wikimedia.org/wiki/File:PO_84.jpg">
       <desc> PO_84
          <ref type="license" target="http://creativecommons.org/licenses/by-sa/3.0/">Licensed under the Creative Commons Attribution-ShareAlike 3.0 Unported license. </ref>
      </desc>
   </graphic>    
   
            
        </facsimile>
        
    
    <text>
        <body>
                       
            <div type="bibliography">
                <listBibl>
<bibl>CIL III 878 </bibl><bibl> M. Bărbulescu, AMN 14, 1977, p. 177, no 36 </bibl><bibl> E. Schallmayer et alii, Osterburken I, p. 423-424, no 4.</bibl>
                </listBibl>
            </div>
            
            
            <div type="edition" xml:lang="la"><head>Text</head>
                
  
            

    <ab>
                        <lb n="1"/>
                        
                        
                            
                            Herculi <lb n="2"/>invicto <lb n="3"/><expan><abbr>Q</abbr><ex>uintus</ex></expan> Ennius <lb n="4"/><expan><abbr>Ianuar</abbr><ex>ius</ex></expan> <lb n="5"/>b<expan><ex>ene</ex><abbr>f</abbr><ex>iciarius</ex></expan> co<expan><ex>n</ex><abbr>s</abbr><ex>ularis</ex></expan> <lb n="6"/><expan><abbr>leg</abbr><ex>ionis</ex></expan> V <expan><abbr>M</abbr><ex>acedonicae</ex></expan> <lb n="7"/><expan><abbr>p</abbr><ex>iae</ex></expan> <expan><abbr>c</abbr><ex>onstantis</ex></expan>.
                        
                        
                    </ab>

                
                
            </div>

            
           <div type="translation" xml:lang="fr">
                <p>                    À l’invaincu Hercule. Quintus Ennius Ianuarius, beneficiarius du consulaire,(provenant) de la Ve légion Macedonica, la pieuse(et) constante.</p>
                    <desc><ref type="license" target="http://creativecommons.org/licenses/by-sa/3.0/">Licensed under a Creative Commons Attribution-ShareAlike 3.0 Unported licence.</ref>
                </desc>
            </div>
            

            <div type="commentary">
                <p>Pour le nomen Ennius voir W. Schulze, Eigennamen, p. 3, 423 ; H. Solin, O. Salomies, Repertorium, p. 73. Le dédicant exerçait la charge de beneficiarius dans l’état major du consulaire d’Apulum, étant détaché de la légion de Potaissa ; pour les beneficiarii consularis voir A. v. Domaszewski, Rangordnung2, p. 32-3.</p>
            </div>

        </body>
    </text>
</TEI>
