<?xml version="1.0" encoding="UTF-8"?>
<TEI xmlns="http://www.tei-c.org/ns/1.0" xml:space="preserve" xml:lang="fr">
    <teiHeader>
        <fileDesc>
            <titleStmt>
                <title>autel votif</title>
            </titleStmt>  
            <publicationStmt>
                <authority>UNIVERSITATEA BABES BOLYAI</authority>
                <idno type="URI">http://inscriptionsfromdacia.altervista.org/text/ip00000001.html</idno>
                
                
               <idno type="localID">ip00000001</idno>
  
                <availability>
                    <licence target="http://creativecommons.org/licenses/by-nc-sa/3.0/">
This file is licensed under the Creative Commons Attribution-NonCommercial-ShareAlike 3.0 Unported license.
</licence>
                </availability>
            </publicationStmt>
            <sourceDesc>
                <msDesc>
                    <msIdentifier>
                        <country>
                            <placeName type="modern">Roumanie</placeName>
                        </country>
                        <region>
                            <placeName type="modern">Jud. Cluj</placeName>
                        </region>
                        <settlement>
                            <placeName>Turda / Torda</placeName>                     
                        </settlement>
                        <repository>Muzeul de Istorie Turda, inv. 1281</repository>
                        <collection/>
                        <idno/>
                    </msIdentifier>
                    <physDesc>
                        <objectDesc>
                            <supportDesc>
                                <support>

<objectType ref="http://www.eagle-network.eu/voc/objtyp/lod/33">autel votif</objectType>
                                    <material ref="http://www.eagle-network.eu/voc/material/lod/75">grès</material>                                    <p/>
                                    <dimensions unit="cm">
                                <height>66</height>
                                         <width>32</width>
                                         <depth>32</depth>
                                            </dimensions>
                                                                        <rs type="decoration" ref="http://www.eagle-network.eu/voc/decor/lod/2000">yes</rs>
                                    <rs type="statPreserv"/> </support>
                            </supportDesc>
                            <layoutDesc>
                                <layout>
                                   <rs type="execution">sculptées</rs> <dimensions>
                                        <width unit="cm"/>
                                        <height unit="cm"/>
                                    </dimensions>
                                    <rs type="metre">no</rs>
                                </layout>
                            </layoutDesc>
                        </objectDesc>
                        <handDesc>
                            <handNote>
                               points de séparation
                                <height unit="cm"/>
                            </handNote>
                        </handDesc>
                    </physDesc>
                    <history>
                        <origin>
                            <origPlace>Valea(vallée) Sândului, à env. 600 m sud-ouest du camp légionnaire
                                <placeName ref="http://www.trismegistos.org/place/030193">Potaissa</placeName>
                                <placeName type="provincItalicRegion" ref="http://www.trismegistos.org/place/004366">Dacia</placeName>
                            </origPlace>
                              <origDate notBefore-custom="0196" notAfter-custom="0200" datingMethod="http://en.wikipedia.org/wiki/Julian_calendar">En raison des épithètes p(ia) c(onstans) portées par la légion, à partir de Commode; en raison de l'épithète Parthicus portée par la divinité, plutôt des années 196-200, quand ont eu lieu deux guerres orientales.</origDate>
                        </origin>
                        <provenance type="found">  
                            <date>1963</date>
                                <placeName>Turda / Torda</placeName> 
                            <placeName type="modernRegion">Jud. Cluj</placeName>
                            <placeName type="modernCountry">Roumanie</placeName>
                        </provenance>
                    </history>
                </msDesc>
            </sourceDesc>
        </fileDesc>
        <encodingDesc>
            <p>Marked-up according to the EpiDoc Guidelines</p>
            <classDecl>
                <taxonomy>
                    <category xml:id="representation">
                        <catDesc>Digitized other representations</catDesc>
                    </category>
                </taxonomy>
            </classDecl>
        </encodingDesc>
        <profileDesc>
                <textClass>
<keywords>
    <term/>
</keywords>
    </textClass>

            <langUsage>
                <language ident="ar">Arabic</language>
                <language ident="en">English</language>
                <language ident="fr">French</language>
                <language ident="de">German</language>
                <language ident="grc">Ancient Greek</language>
                <language ident="grc-Latn">Transliterated Greek</language>
                <language ident="el">Modern Greek</language>
                <language ident="he">Hebrew</language>
                <language ident="it">Italian</language>
                <language ident="la">Latin</language>
                <language ident="sp">Spanish</language>
            </langUsage>
        <creation>EAGLE - Europeana Network of Ancient Greek and Latin Epigraphy</creation></profileDesc>
        <revisionDesc>
         <change when="2015-02-26" who="Ioan Piso">Ioan Piso</change>
        </revisionDesc>
    </teiHeader>
         <facsimile>

   <graphic n="PO_2'" url="https://upload.wikimedia.org/wikipedia/commons/d/d1/PO_2%27.jpg" sameAs="https://commons.wikimedia.org/wiki/File:PO_2'.jpg">
       <desc> PO_2'
          <ref type="license" target="http://creativecommons.org/licenses/by-sa/3.0/">Licensed under the Creative Commons Attribution-ShareAlike 3.0 Unported license. </ref>
      </desc>
   </graphic>    
   
            
        </facsimile>
        
    
    <text>
        <body>
                       
            <div type="bibliography">
                <listBibl>
<bibl>M. Macrea, Acta of the fifth International Congress of Greek and Latin Epigraphy(Cambridge 1967), Oxford 1971, p. 349-36, fig. 2(dessin), pl. 36(photo)</bibl><bibl> AE 1972, 44</bibl><bibl> I. Piso, Potaissa 2, 1980 p. 128, n. 22</bibl><bibl> ILD 482</bibl><bibl> EDH009688.</bibl>
                </listBibl>
            </div>
            
            
            <div type="edition" xml:lang="la"><head>Text</head>
                
  
            

    <ab>
                        <lb n="1"/>
                        
                        
                            
                            Deo Forti <lb n="2"/>Phoebo <lb n="3"/>Apollini <lb n="4"/>Parthico <lb n="5"/><expan><abbr>C</abbr><ex>aius</ex></expan> Cassius <lb n="6"/><expan><abbr>Vitalis</abbr><ex>centurio</ex></expan> <lb n="7"/><expan><abbr>l</abbr><ex>egionis</ex></expan> V <expan><abbr>M</abbr><ex>acedonicae</ex></expan> <expan><abbr>p</abbr><ex>iae</ex></expan> <expan><abbr>c</abbr><ex>onstantis</ex></expan> <lb n="8"/><expan><abbr>l</abbr><ex>ibens</ex></expan> <expan><abbr>pos</abbr><ex>uit</ex></expan>.
                        
                        
                    </ab>

                
                
            </div>

            
           <div type="translation" xml:lang="fr">
                <p>                    Au fort dieu Phoebus Apollon Parthique. Caius Cassius Vitalis, centurion de la Ve légion Macedonica, la pieuse(et) constante, érigea(ceci) de bon gré.</p>
                    <desc><ref type="license" target="http://creativecommons.org/licenses/by-sa/3.0/">Licensed under a Creative Commons Attribution-ShareAlike 3.0 Unported licence.</ref>
                </desc>
            </div>
            

            <div type="commentary">
                <p>Phoebus Apollo reproduit un ancien appellatif pour Apollon, Φοῖβος Ἀπόλλων, qui définit cette divinité comme dieu de la lumière. Deus Fortis pourrait indiquer und contamination avec Aziz d’Edessa(voir pour celui-ci Fr. Cumont, RE II / 2(1896), 2644 ; H. H. W. Drijvers, dans : Die orientalischen Religionen im Römerreich(EPRO 93, éd. M. J. Vermaseren), p. 247 ; S. Sanie, ANRW II / 18 / 2, p. 1207-1209), d’autant plus que Aziz signifie « fort » ; pour l’identification des deux divinités voir S. Nemeti, p. 181-182. Il reste à expliquer l’épithète Parthicus, qui pourrait être liée aux expéditions orientales de Septime Sévère et auxquelles le centurion aura participé.</p>
            </div>

        </body>
    </text>
</TEI>
