<?xml version="1.0" encoding="UTF-8"?>
<TEI xmlns="http://www.tei-c.org/ns/1.0" xml:space="preserve" xml:lang="fr">
    <teiHeader>
        <fileDesc>
            <titleStmt>
                <title>Dedication</title>
            </titleStmt>  
            <publicationStmt>
                <authority>UNIVERSITATEA BABES BOLYAI</authority>
                <idno type="URI">http://inscriptionsfromdacia.altervista.org/text/ip00000151.html</idno>
                
                
               <idno type="localID">ip00000151</idno>
  
                <availability>
                    <licence target="http://creativecommons.org/licenses/by-nc-sa/3.0/">
This file is licensed under the Creative Commons Attribution-NonCommercial-ShareAlike 3.0 Unported license.
</licence>
                </availability>
            </publicationStmt>
            <sourceDesc>
                <msDesc>
                    <msIdentifier>
                        <country>
                            <placeName type="modern">Bulgaria</placeName>
                        </country>
                        <region>
                            <placeName type="modern">Veliko Tarnovo</placeName>
                        </region>
                        <settlement>
                            <placeName>Svishtov</placeName>                     
                        </settlement>
                        <repository>Vasile Parvan Institute of Archaeology, Bucharest</repository>
                        <collection/>
                        <idno/>
                    </msIdentifier>
                    <physDesc>
                        <objectDesc>
                            <supportDesc>
                                <support>

<objectType ref="http://www.eagle-network.eu/voc/objtyp/lod/29">Altar</objectType>
                                    <material ref="http://www.eagle-network.eu/voc/material/lod/66">Limestone</material>                                    <p/>
                                    <dimensions unit="cm">
                                <height/>
                                         <width/>
                                         <depth/>
                                            </dimensions>
                                                                        <rs type="decoration">no</rs>
                                    <rs type="statPreserv"/> </support>
                            </supportDesc>
                            <layoutDesc>
                                <layout>
                                   <rs type="execution"/> <dimensions>
                                        <width unit="cm"/>
                                        <height unit="cm"/>
                                    </dimensions>
                                    <rs type="metre">no</rs>
                                </layout>
                            </layoutDesc>
                        </objectDesc>
                        <handDesc>
                            <handNote>
                               
                                <height unit="cm">4.42.7</height>
                            </handNote>
                        </handDesc>
                    </physDesc>
                    <history>
                        <origin>
                            <origPlace>Roman Fortress
                                <placeName ref="http://www.trismegistos.org/place/024622">Novae</placeName>
                                <placeName type="provincItalicRegion" ref="http://www.trismegistos.org/place/029480">Moesia inferior</placeName>
                            </origPlace>
                              <origDate   datingMethod="http://en.wikipedia.org/wiki/Julian_calendar">182 AD</origDate>
                        </origin>
                        <provenance type="found">  
                            <date>unknown</date>
                                <placeName>Svishtov</placeName> 
                            <placeName type="modernRegion">Veliko Tarnovo</placeName>
                            <placeName type="modernCountry">Bulgaria</placeName>
                        </provenance>
                    </history>
                </msDesc>
            </sourceDesc>
        </fileDesc>
        <encodingDesc>
            <p>Marked-up according to the EpiDoc Guidelines</p>
            <classDecl>
                <taxonomy>
                    <category xml:id="representation">
                        <catDesc>Digitized other representations</catDesc>
                    </category>
                </taxonomy>
            </classDecl>
        </encodingDesc>
        <profileDesc>
                <textClass>
<keywords>
    <term ref="http://www.eagle-network.eu/voc/typeins/lod/79">Dedication</term>
</keywords>
    </textClass>

            <langUsage>
                <language ident="ar">Arabic</language>
                <language ident="en">English</language>
                <language ident="fr">French</language>
                <language ident="de">German</language>
                <language ident="grc">Ancient Greek</language>
                <language ident="grc-Latn">Transliterated Greek</language>
                <language ident="el">Modern Greek</language>
                <language ident="he">Hebrew</language>
                <language ident="it">Italian</language>
                <language ident="la">Latin</language>
                <language ident="sp">Spanish</language>
            </langUsage>
        <creation>EAGLE - Europeana Network of Ancient Greek and Latin Epigraphy</creation></profileDesc>
        <revisionDesc>
         <change when="2015-02-26" who="Ioan Piso">Ioan Piso</change>
        </revisionDesc>
    </teiHeader>
        
    
    <text>
        <body>
                       
            <div type="bibliography">
                <listBibl>
<bibl>CIL III 6223 = ILB 283</bibl>
                </listBibl>
            </div>
            
            
            <div type="edition" xml:lang="la"><head>Text</head>
                
  
            

    <ab>
                        <lb n="1"/>
                        
                        
                            
                            Bono eventui <lb n="2"/><expan><abbr>leg</abbr><ex>ionis</ex></expan> I <expan><abbr>Ital</abbr><ex>icae</ex></expan> <lb n="3"/>M. Maesius <lb n="4"/>Geminus <lb n="5"/>Bononia <expan><abbr>p</abbr><ex>rimus</ex></expan> <expan><abbr>p</abbr><ex>ilus</ex></expan> <lb n="6"/><expan><abbr>d</abbr><ex>onum</ex></expan> <expan><abbr>d</abbr><ex>edit</ex></expan> <expan><abbr>Mam</abbr><ex>ertino</ex></expan> et Rufo <supplied reason="lost"> <expan><abbr>co</abbr><ex>n</ex><abbr>s</abbr><ex>ulibus</ex></expan></supplied>
                        
                        
                    </ab>

                
                
            </div>

            

        </body>
    </text>
</TEI>
