<?xml version="1.0" encoding="UTF-8"?>
<TEI xmlns="http://www.tei-c.org/ns/1.0" xml:space="preserve" xml:lang="fr">
    <teiHeader>
        <fileDesc>
            <titleStmt>
                <title>Inscription votive</title>
            </titleStmt>  
            <publicationStmt>
                <authority>UNIVERSITATEA BABES BOLYAI</authority>
                <idno type="URI">http://inscriptionsfromdacia.altervista.org/text/ip00000091.html</idno>
                
                
               <idno type="localID">ip00000091</idno>
  
                <availability>
                    <licence target="http://creativecommons.org/licenses/by-nc-sa/3.0/">
This file is licensed under the Creative Commons Attribution-NonCommercial-ShareAlike 3.0 Unported license.
</licence>
                </availability>
            </publicationStmt>
            <sourceDesc>
                <msDesc>
                    <msIdentifier>
                        <country>
                            <placeName type="modern">Roumanie</placeName>
                        </country>
                        <region>
                            <placeName type="modern">Jud. Bistrița-Năsăud</placeName>
                        </region>
                        <settlement>
                            <placeName>Ilișua</placeName>                     
                        </settlement>
                        <repository>disparu</repository>
                        <collection/>
                        <idno/>
                    </msIdentifier>
                    <physDesc>
                        <objectDesc>
                            <supportDesc>
                                <support>

<objectType>Autel votif ou base de statue</objectType>
                                    <material ref="http://www.eagle-network.eu/voc/material/lod/30">tuf volcanique</material>                                    <p/>
                                    <dimensions unit="cm">
                                <height/>
                                         <width/>
                                         <depth>21</depth>
                                            </dimensions>
                                                                        <rs type="decoration">no</rs>
                                    <rs type="statPreserv"/> </support>
                            </supportDesc>
                            <layoutDesc>
                                <layout>
                                   <rs type="execution">sculptées</rs> <dimensions>
                                        <width unit="cm"/>
                                        <height unit="cm"/>
                                    </dimensions>
                                    <rs type="metre">no</rs>
                                </layout>
                            </layoutDesc>
                        </objectDesc>
                        <handDesc>
                            <handNote>
                               points de séparation
                                <height unit="cm"/>
                            </handNote>
                        </handDesc>
                    </physDesc>
                    <history>
                        <origin>
                            <origPlace>Trouv=e par K. Torma en 1863 dans le vicus militaire.
                                <placeName ref="http://www.trismegistos.org/place/030262">Arcobadara</placeName>
                                <placeName type="provincItalicRegion" ref="http://www.trismegistos.org/place/004366">Dacia</placeName>
                            </origPlace>
                              <origDate  datingMethod="http://en.wikipedia.org/wiki/Julian_calendar">À partir du début du règne d’Hadrien, quand l’ala I Tungrorum Frontoniana est venue en Dacie.</origDate>
                        </origin>
                        <provenance type="found">  
                            <date>1863</date>
                                <placeName>Ilișua</placeName> 
                            <placeName type="modernRegion">Jud. Bistrița-Năsăud</placeName>
                            <placeName type="modernCountry">Roumanie</placeName>
                        </provenance>
                    </history>
                </msDesc>
            </sourceDesc>
        </fileDesc>
        <encodingDesc>
            <p>Marked-up according to the EpiDoc Guidelines</p>
            <classDecl>
                <taxonomy>
                    <category xml:id="representation">
                        <catDesc>Digitized other representations</catDesc>
                    </category>
                </taxonomy>
            </classDecl>
        </encodingDesc>
        <profileDesc>
                <textClass>
<keywords>
    <term ref="http://www.eagle-network.eu/voc/typeins/lod/372">Inscription votive</term>
</keywords>
    </textClass>

            <langUsage>
                <language ident="ar">Arabic</language>
                <language ident="en">English</language>
                <language ident="fr">French</language>
                <language ident="de">German</language>
                <language ident="grc">Ancient Greek</language>
                <language ident="grc-Latn">Transliterated Greek</language>
                <language ident="el">Modern Greek</language>
                <language ident="he">Hebrew</language>
                <language ident="it">Italian</language>
                <language ident="la">Latin</language>
                <language ident="sp">Spanish</language>
            </langUsage>
        <creation>EAGLE - Europeana Network of Ancient Greek and Latin Epigraphy</creation></profileDesc>
        <revisionDesc>
         <change when="2015-02-26" who="Ioan Piso">Ioan Piso</change>
        </revisionDesc>
    </teiHeader><!--
         <facsimile>

   <graphic n="AR_92" url="https://commons.wikimedia.org/wiki/File:AR_92.jpg">
       <desc> AR_92
          <ref type="license" target="http://creativecommons.org/licenses/by-sa/3.0/">Licensed under the Creative Commons Attribution-ShareAlike 3.0 Unported license. </ref>
      </desc>
   </graphic>    
   
            
        </facsimile>-->
        
    
    <text>
        <body>
                       
            <div type="bibliography">
                <listBibl>
<bibl>K. Torma, ErdMúz 3-4, 1866, p. 38, no </bibl><bibl> CIL III 788 </bibl><bibl> S. Nemeti, Sincretismul în Dacia romană, Cluj-Napoca 200, p. 341, no </bibl><bibl> idem, Classica et Christiana / 2, 20, p. 408, no 4 </bibl><bibl> C. Gaiu, R. Zăgreanu, și piese sculpturale din castrul roman de la Ilișua, Cluj-Napoca 2011, p. 77, no I.2.18, p. 123, pl. V .</bibl>
                </listBibl>
            </div>
            
            
            <div type="edition" xml:lang="la"><head>Text</head>
                
  
            

    <ab>
                        <lb n="1"/>
                        
                        
                            
                            Epo <supplied reason="lost"> nae</supplied> <lb n="2"/>ala I <supplied reason="lost"> Tun</supplied> <lb n="3"/><expan><abbr>gr</abbr><ex>orum</ex></expan> Fro <supplied reason="lost"> <expan><abbr>nton</abbr><ex>iana</ex></expan></supplied> <lb n="4"/>cui p <supplied reason="lost"> <expan><abbr>rae</abbr><ex>e</ex>st</expan></supplied> <lb n="5"/><expan><abbr>C</abbr><ex>aius</ex></expan> <expan><abbr>Iul</abbr><ex>ius</ex></expan> Api<supplied reason="omitted">c</supplied>i <lb n="6"/>anus <expan><abbr>praef</abbr><ex>ectus</ex></expan> <lb n="7"/><expan><abbr>eq</abbr><ex>uitum</ex></expan> <lb n="8"/><supplied reason="lost"> <expan><abbr>v</abbr><ex>otum</ex></expan> <expan><abbr>s</abbr><ex>olvit</ex></expan></supplied> <expan><abbr>l</abbr><ex>ibens</ex></expan> <expan><abbr>m</abbr><ex>erito</ex></expan>.
                        
                        
                    </ab>

                
                
            </div>

            
           <div type="translation" xml:lang="fr">
                <p>                    À Épone. L’ala I Tungrorum Frontoniana, à la tête de laquelle se trouve Caius Iulius Apicianus, préfet de cavaliers,(s’est acquittée de(son) vœu) de bon gré(et) à bon droit.</p>
                    <desc><ref type="license" target="http://creativecommons.org/licenses/by-sa/3.0/">Licensed under a Creative Commons Attribution-ShareAlike 3.0 Unported licence.</ref>
                </desc>
            </div>
            

            <div type="commentary">
                <p>Une dédicace faite par une unité de cavalerie recrutée en Germanie à la déesse des chevaux(voir Keune, RE VI / 1(1907), 228 sqq.) est normale. L. -6, Torma, Nemeti, Gaiu, Zăgreanu : Apigianus ; cf. Mommsen : « APICIANVS malim » ; HD : Api&lt;c&gt;ianus. Le cognomen Apicianus est dérivé du nomen Apicius ; voir W. Schulze, Eigennamen, p. 292, 347, tandis qu’un nom Apigianus n’existe pas. Pour l’officier voir H. Devijver, PME I, J 22.</p>
            </div>

        </body>
    </text>
</TEI>
