<?xml version="1.0" encoding="UTF-8"?>
<TEI xmlns="http://www.tei-c.org/ns/1.0" xml:space="preserve" xml:lang="fr">
    <teiHeader>
        <fileDesc>
            <titleStmt>
                <title>Inscription honorifique pour l'empereur Caracalla</title>
            </titleStmt>  
            <publicationStmt>
                <authority>UNIVERSITATEA BABES BOLYAI</authority>
                <idno type="URI">http://inscriptionsfromdacia.altervista.org/text/ip00000204.html</idno>
                
                
               <idno type="localID">ip00000204</idno>
  
                <availability>
                    <licence target="http://creativecommons.org/licenses/by-nc-sa/3.0/">
This file is licensed under the Creative Commons Attribution-NonCommercial-ShareAlike 3.0 Unported license.
</licence>
                </availability>
            </publicationStmt>
            <sourceDesc>
                <msDesc>
                    <msIdentifier>
                        <country>
                            <placeName type="modern">Roumanie</placeName>
                        </country>
                        <region>
                            <placeName type="modern">Jud. Cluj</placeName>
                        </region>
                        <settlement>
                            <placeName>Turda / Torda</placeName>                     
                        </settlement>
                        <repository>Musée de Turda, inv. 1700</repository>
                        <collection/>
                        <idno/>
                    </msIdentifier>
                    <physDesc>
                        <objectDesc>
                            <supportDesc>
                                <support>

<objectType ref="http://www.eagle-network.eu/voc/objtyp/lod/259">Plaque honorifique encastrée dans une base</objectType>
                                    <material ref="http://www.eagle-network.eu/voc/material/lod/48">marbre</material>                                    <p/>
                                    <dimensions unit="cm">
                                <height>19</height>
                                         <width>17</width>
                                         <depth>32</depth>
                                            </dimensions>
                                                                        <rs type="decoration">no</rs>
                                    <rs type="statPreserv"/> </support>
                            </supportDesc>
                            <layoutDesc>
                                <layout>
                                   <rs type="execution">sculptées</rs> <dimensions>
                                        <width unit="cm"/>
                                        <height unit="cm"/>
                                    </dimensions>
                                    <rs type="metre">no</rs>
                                </layout>
                            </layoutDesc>
                        </objectDesc>
                        <handDesc>
                            <handNote>
                               Points de séparation
                                <height unit="cm">3.2</height>
                            </handNote>
                        </handDesc>
                    </physDesc>
                    <history>
                        <origin>
                            <origPlace>Trouvée en 1987 dans la basilique des principia du camp légionnaire.
                                <placeName ref="http://www.trismegistos.org/place/002036"/>
                                <placeName type="provincItalicRegion" ref="http://www.trismegistos.org/place/004366">Dacia</placeName>
                            </origPlace>
                              <origDate notBefore-custom="0213" notAfter-custom="0213" datingMethod="http://en.wikipedia.org/wiki/Julian_calendar">La titulature semble contenir les éléments de l’année 213, comme un bon nombre d’autres inscriptions de Dacie. C'est la date de la visite de Caracalla en Dacie.</origDate>
                        </origin>
                        <provenance type="found">  
                            <date>1987</date>
                                <placeName>Turda / Torda</placeName> 
                            <placeName type="modernRegion">Jud. Cluj</placeName>
                            <placeName type="modernCountry">Roumanie</placeName>
                        </provenance>
                    </history>
                </msDesc>
            </sourceDesc>
        </fileDesc>
        <encodingDesc>
            <p>Marked-up according to the EpiDoc Guidelines</p>
            <classDecl>
                <taxonomy>
                    <category xml:id="representation">
                        <catDesc>Digitized other representations</catDesc>
                    </category>
                </taxonomy>
            </classDecl>
        </encodingDesc>
        <profileDesc>
                <textClass>
<keywords>
    <term ref="http://www.eagle-network.eu/voc/typeins/lod/69">Inscription honorifique</term>
</keywords>
    </textClass>

            <langUsage>
                <language ident="ar">Arabic</language>
                <language ident="en">English</language>
                <language ident="fr">French</language>
                <language ident="de">German</language>
                <language ident="grc">Ancient Greek</language>
                <language ident="grc-Latn">Transliterated Greek</language>
                <language ident="el">Modern Greek</language>
                <language ident="he">Hebrew</language>
                <language ident="it">Italian</language>
                <language ident="la">Latin</language>
                <language ident="sp">Spanish</language>
            </langUsage>
        <creation>EAGLE - Europeana Network of Ancient Greek and Latin Epigraphy</creation></profileDesc>
        <revisionDesc>
         <change when="2015-02-26" who="Ioan Piso">Ioan Piso</change>
        </revisionDesc>
    </teiHeader>
         <facsimile>

   <graphic n="PO_205" url="https://upload.wikimedia.org/wikipedia/commons/4/46/PO_205.jpg" sameAs="https://commons.wikimedia.org/wiki/File:PO_205.jpg">
       <desc> PO_205
          <ref type="license" target="http://creativecommons.org/licenses/by-sa/3.0/">Licensed under the Creative Commons Attribution-ShareAlike 3.0 Unported license. </ref>
      </desc>
   </graphic>    
   
            
        </facsimile>
        
    
    <text>
        <body>
                       
            <div type="bibliography">
                <listBibl>
<bibl>M. Bărbulescu, Inscriptions, p. 12-19, no 12, fig. 62-66 </bibl><bibl> I. Piso, sous presse.</bibl>
                </listBibl>
            </div>
            
            
            <div type="edition" xml:lang="la"><head>Text</head>
                
  
            

    <ab>
                        <lb n="1"/>
                        
                        
                            
                            <supplied reason="lost"> <expan><abbr>Imp</abbr><ex>eratori</ex></expan> Caesari <expan><abbr>M</abbr><ex>arco</ex></expan> A</supplied>ụ<expan><abbr>rel</abbr><ex>io</ex></expan> Anto <supplied reason="lost"> nin</supplied>o Pio <lb n="2"/><supplied reason="lost"> <expan><abbr>Fel</abbr><ex>ici</ex></expan> <expan><abbr>Aug</abbr><ex>usto</ex></expan> <expan><abbr>p</abbr><ex>ontifici</ex></expan> <expan><abbr>m</abbr><ex>aximo</ex></expan> <expan><abbr>tr</abbr><ex>ibunicia</ex></expan> <expan><abbr>p</abbr><ex>otestate</ex></expan> <expan><abbr>XVI</abbr><ex cert="low"/></expan> <expan><abbr>imp</abbr><ex>eratori</ex></expan> II <expan><abbr>co</abbr><ex>n</ex></expan></supplied>ṣ(uli) IIII pr <supplied reason="lost"> <expan><abbr>oc</abbr><ex>o</ex><abbr>n</abbr><ex>suli</ex></expan></supplied> prin <lb n="3"/>[ cipi - - - <lb n="4"/>- - - - - -] <supplied reason="lost"> <gap reason="lost" quantity="1" unit="character"/> <gap reason="lost" quantity="1" unit="character"/> <gap reason="lost" quantity="1" unit="character"/></supplied><expan><abbr>n</abbr><ex>io</ex></expan> Ga [ - - - <lb n="5"/>- - - <expan><abbr>leg</abbr><ex>ionis</ex></expan> V] Ṃ<expan><abbr>ac</abbr><ex>edonicae</ex></expan> <expan><abbr>p</abbr><ex>iae</ex></expan> Antoninian [ ae <lb n="6"/>devoti nu]minị <supplied reason="lost"> m(aiestati</supplied><expan><abbr>q</abbr><ex>ue</ex></expan> eius <lb n="7"/><supplied reason="lost" cert="low"> - - - - - -</supplied>.
                        
                        
                    </ab>

                
                
            </div>

            
           <div type="translation" xml:lang="fr">
                <p>                    (À l’empereur César Marcus) Aurelius Antoninus, pieux,(heureux, Auguste, grand pontife, investi de la puissance tribunicienne pour la XVIe fois, acclamé empereur à deux reprises), consul quatre fois, proconsul, au prince ..., ...nius Ga..., ... de la Ve légion Macedonica la pieuse, Antoniniana,(devoués) à sa puissance divine(et) à sa(majesté) ....(?)</p>
                    <desc><ref type="license" target="http://creativecommons.org/licenses/by-sa/3.0/">Licensed under a Creative Commons Attribution-ShareAlike 3.0 Unported licence.</ref>
                </desc>
            </div>
            

            <div type="commentary">
                <p>On a probablement affaire à une base de statue pédestre de Caracalla, érigée dans la basilique par la légion ou, plutôt, par un collège de sous-officiers. L. 4 : les lettres N∙GA appartiennent probablement au nom d’un officier, voire le légat de légion(Gaianus ou Gallus, Gallicanus). L. : le nom de la légion peut se trouver au nominatif(Bărbulescu), mais aussi au génitif, précédé par une catégorie de sous-officiers, dont les noms pourraient se trouver sur la partie inférieure de la plaque.</p>
            </div>

        </body>
    </text>
</TEI>
