<?xml version="1.0" encoding="UTF-8"?>
<TEI xmlns="http://www.tei-c.org/ns/1.0" xml:space="preserve" xml:lang="fr">
    <teiHeader>
        <fileDesc>
            <titleStmt>
                <title>Inscription votive</title>
            </titleStmt>  
            <publicationStmt>
                <authority>UNIVERSITATEA BABES BOLYAI</authority>
                <idno type="URI">http://inscriptionsfromdacia.altervista.org/text/ip00000103.html</idno>
                
                
               <idno type="localID">ip00000103</idno>
  
                <availability>
                    <licence target="http://creativecommons.org/licenses/by-nc-sa/3.0/">
This file is licensed under the Creative Commons Attribution-NonCommercial-ShareAlike 3.0 Unported license.
</licence>
                </availability>
            </publicationStmt>
            <sourceDesc>
                <msDesc>
                    <msIdentifier>
                        <country>
                            <placeName type="modern">Roumanie</placeName>
                        </country>
                        <region>
                            <placeName type="modern">Jud. Bistrița-Năsăud</placeName>
                        </region>
                        <settlement>
                            <placeName>Ilișua</placeName>                     
                        </settlement>
                        <repository>Muzeul Județean Bistrița-Năsăud, inv. 23393</repository>
                        <collection/>
                        <idno/>
                    </msIdentifier>
                    <physDesc>
                        <objectDesc>
                            <supportDesc>
                                <support>

<objectType>Autel votif ou base de statue</objectType>
                                    <material ref="http://www.eagle-network.eu/voc/material/lod/30">tuf volcanique</material>                                    <p/>
                                    <dimensions unit="cm">
                                <height>23</height>
                                         <width>38</width>
                                         <depth>30</depth>
                                            </dimensions>
                                                                        <rs type="decoration">no</rs>
                                    <rs type="statPreserv"/> </support>
                            </supportDesc>
                            <layoutDesc>
                                <layout>
                                   <rs type="execution">sculptées</rs> <dimensions>
                                        <width unit="cm"/>
                                        <height unit="cm"/>
                                    </dimensions>
                                    <rs type="metre">no</rs>
                                </layout>
                            </layoutDesc>
                        </objectDesc>
                        <handDesc>
                            <handNote>
                               signes de séparation
                                <height unit="cm"/>
                            </handNote>
                        </handDesc>
                    </physDesc>
                    <history>
                        <origin>
                            <origPlace>Trouvé à environ 20 m du camp.
                                <placeName ref="http://www.trismegistos.org/place/030262">Arcobadara</placeName>
                                <placeName type="provincItalicRegion" ref="http://www.trismegistos.org/place/004366">Dacia</placeName>
                            </origPlace>
                              <origDate  datingMethod="http://en.wikipedia.org/wiki/Julian_calendar">À partir du début du règne d’Hadrien, quand l’ala I Tungrorum Frontoniana est venue en Dacie.</origDate>
                        </origin>
                        <provenance type="found">  
                            <date>Avant 2006</date>
                                <placeName>Ilișua</placeName> 
                            <placeName type="modernRegion">Jud. Bistrița-Năsăud</placeName>
                            <placeName type="modernCountry">Roumanie</placeName>
                        </provenance>
                    </history>
                </msDesc>
            </sourceDesc>
        </fileDesc>
        <encodingDesc>
            <p>Marked-up according to the EpiDoc Guidelines</p>
            <classDecl>
                <taxonomy>
                    <category xml:id="representation">
                        <catDesc>Digitized other representations</catDesc>
                    </category>
                </taxonomy>
            </classDecl>
        </encodingDesc>
        <profileDesc>
                <textClass>
<keywords>
    <term ref="http://www.eagle-network.eu/voc/typeins/lod/372">Inscription votive</term>
</keywords>
    </textClass>

            <langUsage>
                <language ident="ar">Arabic</language>
                <language ident="en">English</language>
                <language ident="fr">French</language>
                <language ident="de">German</language>
                <language ident="grc">Ancient Greek</language>
                <language ident="grc-Latn">Transliterated Greek</language>
                <language ident="el">Modern Greek</language>
                <language ident="he">Hebrew</language>
                <language ident="it">Italian</language>
                <language ident="la">Latin</language>
                <language ident="sp">Spanish</language>
            </langUsage>
        <creation>EAGLE - Europeana Network of Ancient Greek and Latin Epigraphy</creation></profileDesc>
        <revisionDesc>
         <change when="2015-02-26" who="Ioan Piso">Ioan Piso</change>
        </revisionDesc>
    </teiHeader><!--
         <facsimile>

   <graphic n="AR_4" url="https://commons.wikimedia.org/wiki/File:AR_4.jpg">
       <desc> AR_4
          <ref type="license" target="http://creativecommons.org/licenses/by-sa/3.0/">Licensed under the Creative Commons Attribution-ShareAlike 3.0 Unported license. </ref>
      </desc>
   </graphic>    
   
            
        </facsimile>
        
    -->
    <text>
        <body>
                       
            <div type="bibliography">
                <listBibl>
<bibl>V. Wollmann, R. Ardevan, dans : Fontes historiae. Studia in honorem Demetrii Protase(éd. C. Gaiu, C. Găzdac), Bistrița – Cluj-Napoca 2006, p. 671-672, no, p. 677, fig. 9-(photo et dessin) </bibl><bibl> AE 2006, 1128 </bibl><bibl> R. Ardevan, V. Wollmann, RevBistr 21 / 1, 2007, p. 244, no 3, fig. 7-8(photo et dessin) </bibl><bibl> S. Nemeti, Classica et Christiana / 2, 20, p. 409, no 6 </bibl><bibl> C. Gaiu, R. Zăgreanu, Inscripții și piese sculpturale din castrul roman de la Ilișua, Cluj-Napoca 2011, p. 73, no I.2.6, p. 122, pl. IV.</bibl>
                </listBibl>
            </div>
            
            
            <div type="edition" xml:lang="la"><head>Text</head>
                
  
            

    <ab>
                        <lb n="1"/>
                        
                        
                            
                            <supplied reason="lost"> <gap reason="lost" quantity="1" unit="character"/> <gap reason="lost" quantity="1" unit="character"/> <gap reason="lost" quantity="1" unit="character"/> <gap reason="lost" quantity="1" unit="character"/> <gap reason="lost" quantity="1" unit="character"/> <gap reason="lost" quantity="1" unit="character"/></supplied> <lb n="2"/><supplied reason="lost"> .</supplied>ạẹ <supplied reason="lost"> ….</supplied> <lb n="3"/><expan><abbr>T</abbr><ex>itus</ex></expan> <expan><abbr>Ael</abbr><ex>ius</ex></expan> Celer <lb n="4"/><expan><abbr>praef</abbr><ex>ectus</ex></expan> <expan><abbr>eq</abbr><ex>uitum</ex></expan> <lb n="5"/><expan><abbr>v</abbr><ex>otum</ex></expan> <expan><abbr>s</abbr><ex>olvit</ex></expan> <expan><abbr>l</abbr><ex>ibens</ex></expan> <expan><abbr>m</abbr><ex>erito</ex></expan>.
                        
                        
                    </ab>

                
                
            </div>

            
           <div type="translation" xml:lang="fr">
                <p>                    (À …). Titus Aelius Celer, préfet de cavaliers, s’est acquitté de(son) vœu de bon gré(et) à juste titre.</p>
                    <desc><ref type="license" target="http://creativecommons.org/licenses/by-sa/3.0/">Licensed under a Creative Commons Attribution-ShareAlike 3.0 Unported licence.</ref>
                </desc>
            </div>
            

            <div type="commentary">
                <p>Dans la l. 1 nos prédécesseurs n’ont rien distingué. Le même préfet T. Aelius Celer apparaît dans CIL III 789 ; voir encore H. Devijver, PME I, A 28.</p>
            </div>

        </body>
    </text>
</TEI>
