<?xml version="1.0" encoding="UTF-8"?>
<TEI xmlns="http://www.tei-c.org/ns/1.0" xml:space="preserve" xml:lang="fr">
    <teiHeader>
        <fileDesc>
            <titleStmt>
                <title>Inscription votive</title>
            </titleStmt>  
            <publicationStmt>
                <authority>UNIVERSITATEA BABES BOLYAI</authority>
                <idno type="URI">http://inscriptionsfromdacia.altervista.org/text/ip00000085.html</idno>
                
                
               <idno type="localID">ip00000085</idno>
  
                <availability>
                    <licence target="http://creativecommons.org/licenses/by-nc-sa/3.0/">
This file is licensed under the Creative Commons Attribution-NonCommercial-ShareAlike 3.0 Unported license.
</licence>
                </availability>
            </publicationStmt>
            <sourceDesc>
                <msDesc>
                    <msIdentifier>
                        <country>
                            <placeName type="modern">Roumanie</placeName>
                        </country>
                        <region>
                            <placeName type="modern">Jud. Cluj</placeName>
                        </region>
                        <settlement>
                            <placeName>Turda / Torda</placeName>                     
                        </settlement>
                        <repository>Musée Aiud</repository>
                        <collection/>
                        <idno/>
                    </msIdentifier>
                    <physDesc>
                        <objectDesc>
                            <supportDesc>
                                <support>

<objectType ref="http://www.eagle-network.eu/voc/objtyp/lod/30">Statue avec sa base</objectType>
                                    <material ref="http://www.eagle-network.eu/voc/material/lod/48">marbre</material>                                    <p/>
                                    <dimensions unit="cm">
                                <height>17</height>
                                         <width/>
                                         <depth>31</depth>
                                            </dimensions>
                                                                        <rs type="decoration">no</rs>
                                    <rs type="statPreserv"/> </support>
                            </supportDesc>
                            <layoutDesc>
                                <layout>
                                   <rs type="execution">sculptées</rs> <dimensions>
                                        <width unit="cm"/>
                                        <height unit="cm"/>
                                    </dimensions>
                                    <rs type="metre">no</rs>
                                </layout>
                            </layoutDesc>
                        </objectDesc>
                        <handDesc>
                            <handNote>
                               points de séparation
                                <height unit="cm">0.6</height>
                            </handNote>
                        </handDesc>
                    </physDesc>
                    <history>
                        <origin>
                            <origPlace>Ttrouvé en 1886 sur le plateau Cetate, donc dans la zone du camp légionnaire ou tout près de celui-ci.
                                <placeName ref="http://www.trismegistos.org/place/030193">Potaissa</placeName>
                                <placeName type="provincItalicRegion" ref="http://www.trismegistos.org/place/004366">Dacia</placeName>
                            </origPlace>
                              <origDate datingMethod="http://en.wikipedia.org/wiki/Julian_calendar">Probablement du IIIe siècle, en raison du nomen Aurelius pas accompagné par praenomen.</origDate>
                        </origin>
                        <provenance type="found">  
                            <date>1886</date>
                                <placeName>Turda / Torda</placeName> 
                            <placeName type="modernRegion">Jud. Cluj</placeName>
                            <placeName type="modernCountry">Roumanie</placeName>
                        </provenance>
                    </history>
                </msDesc>
            </sourceDesc>
        </fileDesc>
        <encodingDesc>
            <p>Marked-up according to the EpiDoc Guidelines</p>
            <classDecl>
                <taxonomy>
                    <category xml:id="representation">
                        <catDesc>Digitized other representations</catDesc>
                    </category>
                </taxonomy>
            </classDecl>
        </encodingDesc>
        <profileDesc>
                <textClass>
<keywords>
    <term ref="http://www.eagle-network.eu/voc/typeins/lod/372">Inscription votive</term>
</keywords>
    </textClass>

            <langUsage>
                <language ident="ar">Arabic</language>
                <language ident="en">English</language>
                <language ident="fr">French</language>
                <language ident="de">German</language>
                <language ident="grc">Ancient Greek</language>
                <language ident="grc-Latn">Transliterated Greek</language>
                <language ident="el">Modern Greek</language>
                <language ident="he">Hebrew</language>
                <language ident="it">Italian</language>
                <language ident="la">Latin</language>
                <language ident="sp">Spanish</language>
            </langUsage>
        <creation>EAGLE - Europeana Network of Ancient Greek and Latin Epigraphy</creation></profileDesc>
        <revisionDesc>
         <change when="2015-02-26" who="Ioan Piso">Ioan Piso</change>
        </revisionDesc>
    </teiHeader>
         <facsimile>

   <graphic n="PO_86" url="https://upload.wikimedia.org/wikipedia/commons/e/e2/PO_86.jpg" sameAs="https://commons.wikimedia.org/wiki/File:PO_86.jpg">
       <desc> PO_86
          <ref type="license" target="http://creativecommons.org/licenses/by-sa/3.0/">Licensed under the Creative Commons Attribution-ShareAlike 3.0 Unported license. </ref>
      </desc>
   </graphic>    
   
            
        </facsimile>
        
    
    <text>
        <body>
                       
            <div type="bibliography">
                <listBibl>
<bibl>G. Téglás, ErdMúz, 1888, p. 66, no 30 </bibl><bibl> CIL III 7681.</bibl>
                </listBibl>
            </div>
            
            
            <div type="edition" xml:lang="la"><head>Text</head>
                
  
            

    <ab>
                        <lb n="1"/>
                        
                        
                            
                            <expan><abbr>I</abbr><ex>ovi</ex></expan> <expan><abbr>o</abbr><ex>ptimo</ex></expan> <expan><abbr>m</abbr><ex>aximo</ex></expan> <lb n="2"/><expan><abbr>Ehrqul</abbr><ex>i</ex></expan>(sic !) invicto et <expan><abbr>Liber</abbr><ex>o</ex></expan> <expan><abbr>pa</abbr><ex>tri</ex></expan> <lb n="3"/><expan><abbr>Aur</abbr><ex>elius</ex></expan> Gai<expan><ex>u</ex><abbr>s</abbr></expan> et <expan><abbr>Aur</abbr><ex>elius</ex></expan> <expan><abbr>Ingenu</abbr><ex>u</ex></expan>ṣ <lb n="4"/><expan><abbr>sacer</abbr><ex>dotes</ex></expan> ex <expan><abbr>vot</abbr><ex>o</ex></expan> <expan><abbr>p</abbr><ex>osuerunt</ex></expan>.
                        
                        
                    </ab>

                
                
            </div>

            
           <div type="translation" xml:lang="fr">
                <p>                    À Jupiter très bon(et) très grand, à Hercule et à Liber le père. Aurelius Gaius et Aurelius Ingenuus, prêtres, érigèrent(ceci) à a suite d’un vœu.</p>
                    <desc><ref type="license" target="http://creativecommons.org/licenses/by-sa/3.0/">Licensed under a Creative Commons Attribution-ShareAlike 3.0 Unported licence.</ref>
                </desc>
            </div>
            

            <div type="commentary">
                <p>Le lapicide était plus accoutumé à l’écriture grecque qu’à celle latine, ce qui explique non seulement la forme de certaines lettres, mais aussi des fautes comme EHRQVL à la place de HERCVL(l. 2). On peut se demander à quel culte appartenaient les deux prêtres ; certainement pas à celui de Jupiter. Il peut s’agir de Hercule ou de Liber pater. Le fait que la pièce a été découverte avec le CIL III 7683- parle en faveur d’un temple de Liber pater dans le voisinage du camp.</p>
            </div>

        </body>
    </text>
</TEI>
