<?xml version="1.0" encoding="UTF-8"?>
<TEI xmlns="http://www.tei-c.org/ns/1.0" xml:space="preserve" xml:lang="fr">
    <teiHeader>
        <fileDesc>
            <titleStmt>
                <title>Inscription funéraire de la famille du tubicen Aelius Primus</title>
            </titleStmt>  
            <publicationStmt>
                <authority>UNIVERSITATEA BABES BOLYAI</authority>
                <idno type="URI">http://inscriptionsfromdacia.altervista.org/text/ip00000219.html</idno>
                
                
               <idno type="localID">ip00000219</idno>
  
                <availability>
                    <licence target="http://creativecommons.org/licenses/by-nc-sa/3.0/">
This file is licensed under the Creative Commons Attribution-NonCommercial-ShareAlike 3.0 Unported license.
</licence>
                </availability>
            </publicationStmt>
            <sourceDesc>
                <msDesc>
                    <msIdentifier>
                        <country>
                            <placeName type="modern">Roumanie</placeName>
                        </country>
                        <region>
                            <placeName type="modern">Jud. Cluj</placeName>
                        </region>
                        <settlement>
                            <placeName>Turda / Torda</placeName>                     
                        </settlement>
                        <repository>disparue</repository>
                        <collection/>
                        <idno/>
                    </msIdentifier>
                    <physDesc>
                        <objectDesc>
                            <supportDesc>
                                <support>

<objectType>Stèle ou base de monument funéraire,</objectType>
                                    <material ref="http://www.eagle-network.eu/voc/material/lod/57">calcaire?</material>                                    <p/>
                                    <dimensions unit="cm">
                                <height/>
                                         <width/>
                                         <depth/>
                                            </dimensions>
                                                                        <rs type="decoration">no</rs>
                                    <rs type="statPreserv"/> </support>
                            </supportDesc>
                            <layoutDesc>
                                <layout>
                                   <rs type="execution">sculptées</rs> <dimensions>
                                        <width unit="cm"/>
                                        <height unit="cm"/>
                                    </dimensions>
                                    <rs type="metre">no</rs>
                                </layout>
                            </layoutDesc>
                        </objectDesc>
                        <handDesc>
                            <handNote>
                               points de séparation
                                <height unit="cm"/>
                            </handNote>
                        </handDesc>
                    </physDesc>
                    <history>
                        <origin>
                            <origPlace>Le entier a été vu en 1847 par J. F. Neigebaur et le morceau supérieur en 187 par Th. Mommsen dans la maison de Felvintzi.
                                <placeName ref="http://www.trismegistos.org/place/030193">Potaissa</placeName>
                                <placeName type="provincItalicRegion" ref="http://www.trismegistos.org/place/004366">Dacia</placeName>
                            </origPlace>
                              <origDate   datingMethod="http://en.wikipedia.org/wiki/Julian_calendar">À partir de l’arrivée, vers 168, de la legio V Macedonica en Dacie.</origDate>
                        </origin>
                        <provenance type="found">  
                            <date>Avant 1847</date>
                                <placeName>Turda / Torda</placeName> 
                            <placeName type="modernRegion">Jud. Cluj</placeName>
                            <placeName type="modernCountry">Roumanie</placeName>
                        </provenance>
                    </history>
                </msDesc>
            </sourceDesc>
        </fileDesc>
        <encodingDesc>
            <p>Marked-up according to the EpiDoc Guidelines</p>
            <classDecl>
                <taxonomy>
                    <category xml:id="representation">
                        <catDesc>Digitized other representations</catDesc>
                    </category>
                </taxonomy>
            </classDecl>
        </encodingDesc>
        <profileDesc>
                <textClass>
<keywords>
    <term ref="http://www.eagle-network.eu/voc/typeins/lod/92">Inscription funéraire</term>
</keywords>
    </textClass>

            <langUsage>
                <language ident="ar">Arabic</language>
                <language ident="en">English</language>
                <language ident="fr">French</language>
                <language ident="de">German</language>
                <language ident="grc">Ancient Greek</language>
                <language ident="grc-Latn">Transliterated Greek</language>
                <language ident="el">Modern Greek</language>
                <language ident="he">Hebrew</language>
                <language ident="it">Italian</language>
                <language ident="la">Latin</language>
                <language ident="sp">Spanish</language>
            </langUsage>
        <creation>EAGLE - Europeana Network of Ancient Greek and Latin Epigraphy</creation></profileDesc>
        <revisionDesc>
         <change when="2015-02-26" who="Ioan Piso">Ioan Piso</change>
        </revisionDesc>
    </teiHeader><!--
         <facsimile>

   <graphic n="PO_220" url="https://commons.wikimedia.org/wiki/File:PO_220.jpg">
       <desc> PO_220
          <ref type="license" target="http://creativecommons.org/licenses/by-sa/3.0/">Licensed under the Creative Commons Attribution-ShareAlike 3.0 Unported license. </ref>
      </desc>
   </graphic>    
   
            
        </facsimile>
        -->
    
    <text>
        <body>
                       
            <div type="bibliography">
                <listBibl>
<bibl>CIL III 906.</bibl>
                </listBibl>
            </div>
            
            
            <div type="edition" xml:lang="la"><head>Text</head>
                
  
            

    <ab>
                        <lb n="1"/>
                        
                        
                            
                            <supplied reason="lost"> <gap reason="lost" quantity="1" unit="character"/> <gap reason="lost" quantity="1" unit="character"/> <gap reason="lost" quantity="1" unit="character"/> <gap reason="lost" quantity="1" unit="character"/> <gap reason="lost" quantity="1" unit="character"/> <gap reason="lost" quantity="1" unit="character"/></supplied> <lb n="2"/><supplied reason="lost"> <expan><abbr>vix</abbr><ex>it</ex></expan></supplied> <expan><abbr>n<am>n</am></abbr><ex>is</ex></expan> VIII <lb n="3"/><supplied reason="lost"> .</supplied> <expan><abbr>Ael</abbr><ex>ius</ex></expan> Vitalis <lb n="4"/><expan><abbr>vix</abbr><ex>it</ex></expan> <expan><abbr>n<am>n</am></abbr><ex>nis</ex></expan> VIII <lb n="5"/><supplied reason="lost"> A</supplied><expan><abbr>el</abbr><ex>ius</ex></expan> Primus <lb n="6"/><supplied reason="lost"> t</supplied><expan><abbr>ub</abbr><ex>icen</ex></expan> <expan><abbr>leg</abbr><ex>ionis</ex></expan> <expan><abbr>s</abbr><ex>upra</ex></expan> <expan><abbr>s</abbr><ex>criptae</ex></expan> <lb n="7"/>et <expan><abbr>Vir</abbr><ex>ia</ex></expan> Quar <supplied reason="lost"> ta</supplied> <lb n="8"/>fili<expan><ex>i</ex><abbr>s</abbr></expan> <expan><abbr>b</abbr><ex>ene</ex></expan> <expan><abbr>m</abbr><ex>erentibus</ex></expan> <expan><abbr>p</abbr><ex>osuit</ex></expan>.
                        
                        
                    </ab>

                
                
            </div>

            
           <div type="translation" xml:lang="fr">
                <p>                    …, a vécu 8 ans, Aelius Vitalis a vécu 8 ans. Aelius Primus, tubicen(trompette) de la légion ci-dessus mentionnée, et Viria Quarta érigèrent(ceci) aux fils qui ont bien mérité.</p>
                    <desc><ref type="license" target="http://creativecommons.org/licenses/by-sa/3.0/">Licensed under a Creative Commons Attribution-ShareAlike 3.0 Unported licence.</ref>
                </desc>
            </div>
            

            <div type="commentary">
                <p>La lecture selon Mommsen. Le fils aîné, dont le nom est perdu, a été militaire de la legio V Macedonica. Les deux autres fils auront été jumeaux. Pour la charge de tubicen legionis voir A. v. Domaszewski, Rangordnung2, p. 44, 49 ; C.-G. Alexandrescu, Blasmusiker und Standartenträger im römischen Heer, Cluj-Napoca 20, p. 33 sqq.</p>
            </div>

        </body>
    </text>
</TEI>
