<?xml version="1.0" encoding="UTF-8"?>
<TEI xmlns="http://www.tei-c.org/ns/1.0" xml:space="preserve" xml:lang="fr">
    <teiHeader>
        <fileDesc>
            <titleStmt>
                <title>Estampille tégulaire de la garde du procurateur</title>
            </titleStmt>  
            <publicationStmt>
                <authority>UNIVERSITATEA BABES BOLYAI</authority>
                <idno type="URI">http://inscriptionsfromdacia.altervista.org/text/ip00000169.html</idno>
                
                
               <idno type="localID">ip00000169</idno>
  
                <availability>
                    <licence target="http://creativecommons.org/licenses/by-nc-sa/3.0/">
This file is licensed under the Creative Commons Attribution-NonCommercial-ShareAlike 3.0 Unported license.
</licence>
                </availability>
            </publicationStmt>
            <sourceDesc>
                <msDesc>
                    <msIdentifier>
                        <country>
                            <placeName type="modern">Roumanie</placeName>
                        </country>
                        <region>
                            <placeName type="modern">Jud. Hunedoara</placeName>
                        </region>
                        <settlement>
                            <placeName>Sarmizegetusa</placeName>                     
                        </settlement>
                        <repository>Musées de Sarmizegetusa, Deva et Cluj</repository>
                        <collection/>
                        <idno/>
                    </msIdentifier>
                    <physDesc>
                        <objectDesc>
                            <supportDesc>
                                <support>

<objectType ref="http://www.eagle-network.eu/voc/objtyp/lod/1665">tuile</objectType>
                                    <material ref="http://www.eagle-network.eu/voc/material/lod/130">céramique</material>                                    <p/>
                                    <dimensions unit="cm">
                                <height>3.4</height>
                                         <width/>
                                         <depth>6.2</depth>
                                            </dimensions>
                                                                        <rs type="decoration">no</rs>
                                    <rs type="statPreserv"/> </support>
                            </supportDesc>
                            <layoutDesc>
                                <layout>
                                   <rs type="execution">imprimées</rs> <dimensions>
                                        <width unit="cm"/>
                                        <height unit="cm"/>
                                    </dimensions>
                                    <rs type="metre">no</rs>
                                </layout>
                            </layoutDesc>
                        </objectDesc>
                        <handDesc>
                            <handNote>
                               
                                <height unit="cm">3.23.4</height>
                            </handNote>
                        </handDesc>
                    </physDesc>
                    <history>
                        <origin>
                            <origPlace>12 pièces proviennent du siège du procurateur financieer de Dacie Apulensis
                                <placeName ref="http://www.trismegistos.org/place/030060">Sarmizegetusa</placeName>
                                <placeName type="provincItalicRegion" ref="http://www.trismegistos.org/place/004366">Dacia</placeName>
                            </origPlace>
                              <origDate notBefore-custom="0170"  datingMethod="http://en.wikipedia.org/wiki/Julian_calendar">À partir des guerres marcomannes, quand fut construite la seconde phase en pierre du siège du procurateur(praetorium procuratoris).</origDate>
                        </origin>
                        <provenance type="found">  
                            <date>1880-1890, 1981-1988</date>
                                <placeName>Sarmizegetusa</placeName> 
                            <placeName type="modernRegion">Jud. Hunedoara</placeName>
                            <placeName type="modernCountry">Roumanie</placeName>
                        </provenance>
                    </history>
                </msDesc>
            </sourceDesc>
        </fileDesc>
        <encodingDesc>
            <p>Marked-up according to the EpiDoc Guidelines</p>
            <classDecl>
                <taxonomy>
                    <category xml:id="representation">
                        <catDesc>Digitized other representations</catDesc>
                    </category>
                </taxonomy>
            </classDecl>
        </encodingDesc>
        <profileDesc>
                <textClass>
<keywords>
    <term ref="http://www.eagle-network.eu/voc/typeins/lod/118">Estampille tégulaire</term>
</keywords>
    </textClass>

            <langUsage>
                <language ident="ar">Arabic</language>
                <language ident="en">English</language>
                <language ident="fr">French</language>
                <language ident="de">German</language>
                <language ident="grc">Ancient Greek</language>
                <language ident="grc-Latn">Transliterated Greek</language>
                <language ident="el">Modern Greek</language>
                <language ident="he">Hebrew</language>
                <language ident="it">Italian</language>
                <language ident="la">Latin</language>
                <language ident="sp">Spanish</language>
            </langUsage>
        <creation>EAGLE - Europeana Network of Ancient Greek and Latin Epigraphy</creation></profileDesc>
        <revisionDesc>
         <change when="2015-02-26" who="Ioan Piso">Ioan Piso</change>
        </revisionDesc>
    </teiHeader><!--
         <facsimile>

   <graphic n="UTS_170" url="https://commons.wikimedia.org/wiki/File:UTS_170.jpg">
       <desc> UTS_170
          <ref type="license" target="http://creativecommons.org/licenses/by-sa/3.0/">Licensed under the Creative Commons Attribution-ShareAlike 3.0 Unported license. </ref>
      </desc>
   </graphic>    
   
            
        </facsimile>
        -->
    
    <text>
        <body>
                       
            <div type="bibliography">
                <listBibl>
<bibl>CIL III 807, 20 </bibl><bibl> G. Téglás, Klio, 1970, p. 497, no 17</bibl><bibl> IDR III / 2, 3</bibl><bibl> IDR III / 2, 3</bibl><bibl> I. Piso, Ephemeris Napocensis 6, 1996, p. 18-19, no 7 = Nordgrenze, p. 300-301, no 7</bibl><bibl> AE 1996, 1281.</bibl>
                </listBibl>
            </div>
            
            
            <div type="edition" xml:lang="la"><head>Text</head>
                
  
            

    <ab>
                        <lb n="1"/>
                        
                        
                            
                            <expan><abbr>Pe</abbr><ex>ditum</ex></expan> <expan><abbr>s</abbr><ex>ingularium</ex></expan>
                        
                        
                    </ab>

                
                
            </div>

            
           <div type="translation" xml:lang="fr">
                <p>                    Appartenant aux pedites singulares(à la garde).</p>
                    <desc><ref type="license" target="http://creativecommons.org/licenses/by-sa/3.0/">Licensed under a Creative Commons Attribution-ShareAlike 3.0 Unported licence.</ref>
                </desc>
            </div>
            

            <div type="commentary">
                <p>Les pedites singulares sont les soldats de la garde du gouverneur de la province. Dans notre cas un détachement en a été envoyé au service du procurateur de Dacie Apulensis à Sarmizegetusa. Ce sont ces soldats qui ont fabriqué des tuiles utilisées pour le siège du procurateur.</p>
            </div>

        </body>
    </text>
</TEI>
