<?xml version="1.0" encoding="UTF-8"?>
<TEI xmlns="http://www.tei-c.org/ns/1.0" xml:space="preserve" xml:lang="fr">
    <teiHeader>
        <fileDesc>
            <titleStmt>
                <title>Monument funéraire de M. Statius Priscianus</title>
            </titleStmt>  
            <publicationStmt>
                <authority>UNIVERSITATEA BABES BOLYAI</authority>
                <idno type="URI">http://inscriptionsfromdacia.altervista.org/text/ip00000165.html</idno>
                
                
               <idno type="localID">ip00000165</idno>
  
                <availability>
                    <licence target="http://creativecommons.org/licenses/by-nc-sa/3.0/">
This file is licensed under the Creative Commons Attribution-NonCommercial-ShareAlike 3.0 Unported license.
</licence>
                </availability>
            </publicationStmt>
            <sourceDesc>
                <msDesc>
                    <msIdentifier>
                        <country>
                            <placeName type="modern">Roumanie</placeName>
                        </country>
                        <region>
                            <placeName type="modern">Jud. Cluj</placeName>
                        </region>
                        <settlement>
                            <placeName>Turda / Torda</placeName>                     
                        </settlement>
                        <repository>Öst. Nationalbibliothek Wien</repository>
                        <collection/>
                        <idno/>
                    </msIdentifier>
                    <physDesc>
                        <objectDesc>
                            <supportDesc>
                                <support>

<objectType>De, base de monument funéraire</objectType>
                                    <material ref="http://www.eagle-network.eu/voc/material/lod/57">calcaire?</material>                                    <p/>
                                    <dimensions unit="cm">
                                <height/>
                                         <width/>
                                         <depth/>
                                            </dimensions>
                                                                        <rs type="decoration" ref="http://www.eagle-network.eu/voc/decor/lod/2000">yes</rs>
                                    <rs type="statPreserv"/> </support>
                            </supportDesc>
                            <layoutDesc>
                                <layout>
                                   <rs type="execution">sculptées</rs> <dimensions>
                                        <width unit="cm"/>
                                        <height unit="cm"/>
                                    </dimensions>
                                    <rs type="metre">no</rs>
                                </layout>
                            </layoutDesc>
                        </objectDesc>
                        <handDesc>
                            <handNote>
                               hederae
                                <height unit="cm"/>
                            </handNote>
                        </handDesc>
                    </physDesc>
                    <history>
                        <origin>
                            <origPlace>Vu à Luna(Aranyoslóna) chez le comte Andreas Jósika par Ariosti, qui en 1723 l’expédia à Vienne.
                                <placeName ref="http://www.trismegistos.org/place/030193">Potaissa</placeName>
                                <placeName type="provincItalicRegion" ref="http://www.trismegistos.org/place/004366">Dacia</placeName>
                            </origPlace>
                              <origDate datingMethod="http://en.wikipedia.org/wiki/Julian_calendar">À partir de 168, mais probablement encore du IIe siècle, en raison du génitif ann(orum).</origDate>
                        </origin>
                        <provenance type="found">  
                            <date/>
                                <placeName>Turda / Torda</placeName> 
                            <placeName type="modernRegion">Jud. Cluj</placeName>
                            <placeName type="modernCountry">Roumanie</placeName>
                        </provenance>
                    </history>
                </msDesc>
            </sourceDesc>
        </fileDesc>
        <encodingDesc>
            <p>Marked-up according to the EpiDoc Guidelines</p>
            <classDecl>
                <taxonomy>
                    <category xml:id="representation">
                        <catDesc>Digitized other representations</catDesc>
                    </category>
                </taxonomy>
            </classDecl>
        </encodingDesc>
        <profileDesc>
                <textClass>
<keywords>
    <term ref="http://www.eagle-network.eu/voc/typeins/lod/92">Inscription funéraire</term>
</keywords>
    </textClass>

            <langUsage>
                <language ident="ar">Arabic</language>
                <language ident="en">English</language>
                <language ident="fr">French</language>
                <language ident="de">German</language>
                <language ident="grc">Ancient Greek</language>
                <language ident="grc-Latn">Transliterated Greek</language>
                <language ident="el">Modern Greek</language>
                <language ident="he">Hebrew</language>
                <language ident="it">Italian</language>
                <language ident="la">Latin</language>
                <language ident="sp">Spanish</language>
            </langUsage>
        <creation>EAGLE - Europeana Network of Ancient Greek and Latin Epigraphy</creation></profileDesc>
        <revisionDesc>
         <change when="2015-02-26" who="Ioan Piso">Ioan Piso</change>
        </revisionDesc>
    </teiHeader>
        
    
    <text>
        <body>
                       
            <div type="bibliography">
                <listBibl>
<bibl>G. Ariosti, ms., no 42 </bibl><bibl> CIL III 9 </bibl><bibl> E. Groag, Hofbibliothek, p. 46, no 44 </bibl><bibl> B. Dobson, Die Primipilares, Köln - Bonn 1978, p. 348, no 421 </bibl><bibl> A. Buonopane, V. La Monaca, dans : Epigrafi romane, p. 29, no 42(dessin et photo).</bibl>
                </listBibl>
            </div>
            
            
            <div type="edition" xml:lang="la"><head>Text</head>
                
  
            

    <ab>
                        <lb n="1"/>
                        
                        
                            
                            <expan><abbr>D</abbr><ex>is</ex></expan> <expan><abbr>M</abbr><ex>anibus</ex></expan> <lb n="2"/><expan><abbr>M</abbr><ex>arco</ex></expan> Statio <lb n="3"/>Prisciano <lb n="4"/><expan><abbr>n<am>n</am></abbr><ex>orum</ex></expan> VIII <lb n="5"/><expan><abbr>M</abbr><ex>arcus</ex></expan> Statius <lb n="6"/>Priscianus <lb n="7"/><expan><abbr>p</abbr><ex>rimus</ex></expan> <expan><abbr>p</abbr><ex>ilus</ex></expan> pater <lb n="8"/><expan><abbr>f</abbr><ex>aciendum</ex></expan> <expan><abbr>c</abbr><ex>uravit</ex></expan>.
                        
                        
                    </ab>

                
                
            </div>

            <div type="apparatus">
                <p>L. 8, Mommsen : p(rimi)p(ilaris) ; Groag : p(rimus) p(ilus).</p>
            </div>

            
           <div type="translation" xml:lang="fr">
                <p>                    Aux dieux Mânes. À Marcus Statius Priscianus, en âge de huit ans. Marcus Statius Priscianus, primus pilus, en tant que père, a pris le soin de faire(ceci).</p>
                    <desc><ref type="license" target="http://creativecommons.org/licenses/by-sa/3.0/">Licensed under a Creative Commons Attribution-ShareAlike 3.0 Unported licence.</ref>
                </desc>
            </div>
            

            <div type="commentary">
                <p>Si l’on tient compte de l’âge de l’enfant, le père était probablement militaire actif. Il est possible que M. Statius Priscianus soit apparenté à une branche de la famille du bien connu gouverneur de Dacie Supérieure des années 16 / 17-18 ; voir pour celui-ci I. Piso, Fasti I, p. 66-73. Les kymata font penser aussi à un rapport du personnage ou du lapicide avec le Norique ou la Pannonie.</p>
            </div>

        </body>
    </text>
</TEI>
