<?xml version="1.0" encoding="UTF-8"?>
<TEI xmlns="http://www.tei-c.org/ns/1.0" xml:space="preserve" xml:lang="fr">
    <teiHeader>
        <fileDesc>
            <titleStmt>
                <title>Inscription votive en honneur des pompiers(nocturni)</title>
            </titleStmt>  
            <publicationStmt>
                <authority>UNIVERSITATEA BABES BOLYAI</authority>
                <idno type="URI">http://inscriptionsfromdacia.altervista.org/text/ip00000209.html</idno>
                
                
               <idno type="localID">ip00000209</idno>
  
                <availability>
                    <licence target="http://creativecommons.org/licenses/by-nc-sa/3.0/">
This file is licensed under the Creative Commons Attribution-NonCommercial-ShareAlike 3.0 Unported license.
</licence>
                </availability>
            </publicationStmt>
            <sourceDesc>
                <msDesc>
                    <msIdentifier>
                        <country>
                            <placeName type="modern">Roumanie</placeName>
                        </country>
                        <region>
                            <placeName type="modern">Jud. Cluj</placeName>
                        </region>
                        <settlement>
                            <placeName>Gherla</placeName>                     
                        </settlement>
                        <repository>Musée des Pompiers, Bucarest</repository>
                        <collection/>
                        <idno/>
                    </msIdentifier>
                    <physDesc>
                        <objectDesc>
                            <supportDesc>
                                <support>

<objectType ref="http://www.eagle-network.eu/voc/objtyp/lod/57">Base de statue</objectType>
                                    <material ref="http://www.eagle-network.eu/voc/material/lod/57">calcaire</material>                                    <p/>
                                    <dimensions unit="cm">
                                <height>63</height>
                                         <width>24</width>
                                         <depth>30</depth>
                                            </dimensions>
                                                                        <rs type="decoration">no</rs>
                                    <rs type="statPreserv"/> </support>
                            </supportDesc>
                            <layoutDesc>
                                <layout>
                                   <rs type="execution">sculptées</rs> <dimensions>
                                        <width unit="cm"/>
                                        <height unit="cm"/>
                                    </dimensions>
                                    <rs type="metre">no</rs>
                                </layout>
                            </layoutDesc>
                        </objectDesc>
                        <handDesc>
                            <handNote>
                               points de séparation
                                <height unit="cm"/>
                            </handNote>
                        </handDesc>
                    </physDesc>
                    <history>
                        <origin>
                            <origPlace>Trouvé en 1912 au pied de la colline Corobăi, près d'une construction circulaire.
                                <placeName ref="http://www.trismegistos.org/place/002036"/>
                                <placeName type="provincItalicRegion" ref="http://www.trismegistos.org/place/004366">Dacia</placeName>
                            </origPlace>
                              <origDate notBefore-custom="0216" notAfter-custom="0216" datingMethod="http://en.wikipedia.org/wiki/Julian_calendar">P. Catius Sabinus II et P. Cornelius Anullinus exercèrent le consulat en 216.</origDate>
                        </origin>
                        <provenance type="found">  
                            <date>1912</date>
                                <placeName>Gherla</placeName> 
                            <placeName type="modernRegion">Jud. Cluj</placeName>
                            <placeName type="modernCountry">Roumanie</placeName>
                        </provenance>
                    </history>
                </msDesc>
            </sourceDesc>
        </fileDesc>
        <encodingDesc>
            <p>Marked-up according to the EpiDoc Guidelines</p>
            <classDecl>
                <taxonomy>
                    <category xml:id="representation">
                        <catDesc>Digitized other representations</catDesc>
                    </category>
                </taxonomy>
            </classDecl>
        </encodingDesc>
        <profileDesc>
                <textClass>
<keywords>
    <term ref="http://www.eagle-network.eu/voc/typeins/lod/372">Inscription votive</term>
</keywords>
    </textClass>

            <langUsage>
                <language ident="ar">Arabic</language>
                <language ident="en">English</language>
                <language ident="fr">French</language>
                <language ident="de">German</language>
                <language ident="grc">Ancient Greek</language>
                <language ident="grc-Latn">Transliterated Greek</language>
                <language ident="el">Modern Greek</language>
                <language ident="he">Hebrew</language>
                <language ident="it">Italian</language>
                <language ident="la">Latin</language>
                <language ident="sp">Spanish</language>
            </langUsage>
        <creation>EAGLE - Europeana Network of Ancient Greek and Latin Epigraphy</creation></profileDesc>
        <revisionDesc>
         <change when="2015-02-26" who="Ioan Piso">Ioan Piso</change>
        </revisionDesc>
    </teiHeader>
    <text>
        <body>
                       
            <div type="bibliography">
                <listBibl>
<bibl>J. Ornstein, AEM 14, 1914, p. 173-174, no 2 </bibl><bibl> A. v. Domaszewski, RhM 47, 1892, p. 11-160 </bibl><bibl> AE 1892, 1 </bibl><bibl> CIL III 1239 </bibl><bibl> R. Ardevan, AMN 19, 1982, p. 287-290, fig. 1-2(photo et dessin) </bibl><bibl> D. Protase, N. Gudea, R. Ardevan, Aus der Militärgeschichte des römischen Dakien. Das römische Binnenkastell von Gherla, Timișoara 2008, p. 4, 209, no .</bibl>
                </listBibl>
            </div>
            
            
            <div type="edition" xml:lang="la"><head>Text</head>
                
  
            

    <ab>
                        <lb n="1"/>
                        
                        
                            
                            Sabino <lb n="2"/>et Anullino <expan><abbr>co</abbr><ex>n</ex></expan> <supplied reason="lost"> <expan><abbr>s</abbr><ex>ulibus</ex></expan></supplied> <lb n="3"/>dis d<expan><ex>e</ex><abbr>ab</abbr><ex>us</ex><abbr>q</abbr></expan>(ue) im<expan><ex>m</ex><abbr>or</abbr><ex>talibus</ex></expan> <lb n="4"/>pro <expan><abbr>sal</abbr><ex>ute</ex></expan> <expan><abbr>d</abbr><ex>omini</ex></expan> <expan><abbr>n</abbr><ex>ostri</ex></expan> <lb n="5"/>in honorem <lb n="6"/>nocturno <lb n="7"/>rum <expan><abbr>Aur</abbr><ex>elius</ex></expan> Fron <lb n="8"/>tonianus <lb n="9"/><expan><abbr>v</abbr><ex>otum</ex></expan> <expan><abbr>s</abbr><ex>olvit</ex></expan> <expan><abbr>l</abbr><ex>ibens</ex></expan> <expan><abbr>m</abbr><ex>erito</ex></expan>.
                        
                        
                    </ab>

                
                
            </div>

            <div type="apparatus">
                <p>L. 3 : on remarque la forme im(m)or(talibus), avec un seul M ; l. 6-8, Ornstein, Gherla : nocturno|r(um) M(arcus) Aur(elius) Fron|tonianus.</p>
            </div>

            
           <div type="translation" xml:lang="fr">
                <p>                    Sous le consulat de Sabinus et Anullinus, Aurelius Frontonianus(érigea le monument) aux dieux et aux déesses immortelles pour le salut de notre seigneur en honneur des nocturni(pompiers ?) ; il s’acquitta de son vœu de bon gré et à bon droit.</p>
                    <desc><ref type="license" target="http://creativecommons.org/licenses/by-sa/3.0/">Licensed under a Creative Commons Attribution-ShareAlike 3.0 Unported licence.</ref>
                </desc>
            </div>
            

            <div type="commentary">
                <p>Selon v. Domaszewski et AE les nocturni seraient les pompiers de l’endroit ; selon Ardevan ils seraient les pompiers de Napoca, commandés éventuellement par un préfet. On comprend de Petronius(Satyricon 1, 2) qu’ils avaient probablement aussi des attributions de police ; voir W. Kroll, RE XVII / 1(1936), 800. En réalité, il s’agit d’une inscription votive, car la base aura soutenu la statue d’une divinité, dont le nom n’est pas mentionné dans le texte.</p>
            </div>

        </body>
    </text>
</TEI>
