<?xml version="1.0" encoding="UTF-8"?>
<TEI xmlns="http://www.tei-c.org/ns/1.0" xml:space="preserve" xml:lang="fr">
    <teiHeader>
        <fileDesc>
            <titleStmt>
                <title>Inscription votive</title>
            </titleStmt>  
            <publicationStmt>
                <authority>UNIVERSITATEA BABES BOLYAI</authority>
                <idno type="URI">http://inscriptionsfromdacia.altervista.org/text/ip00000027.html</idno>
                
                
               <idno type="localID">ip00000027</idno>
  
                <availability>
                    <licence target="http://creativecommons.org/licenses/by-nc-sa/3.0/">
This file is licensed under the Creative Commons Attribution-NonCommercial-ShareAlike 3.0 Unported license.
</licence>
                </availability>
            </publicationStmt>
            <sourceDesc>
                <msDesc>
                    <msIdentifier>
                        <country>
                            <placeName type="modern">Roumanie</placeName>
                        </country>
                        <region>
                            <placeName type="modern">Jud. Cluj</placeName>
                        </region>
                        <settlement>
                            <placeName>Turda / Torda</placeName>                     
                        </settlement>
                        <repository>Muzeul de Istorie Turda</repository>
                        <collection/>
                        <idno/>
                    </msIdentifier>
                    <physDesc>
                        <objectDesc>
                            <supportDesc>
                                <support>

<objectType>Autel votif ou base de statue</objectType>
                                    <material ref="http://www.eagle-network.eu/voc/material/lod/75">grès</material>                                    <p/>
                                    <dimensions unit="cm">
                                <height>79</height>
                                         <width>22</width>
                                         <depth>36</depth>
                                            </dimensions>
                                                                        <rs type="decoration">no</rs>
                                    <rs type="statPreserv"/> </support>
                            </supportDesc>
                            <layoutDesc>
                                <layout>
                                   <rs type="execution">sculptées</rs> <dimensions>
                                        <width unit="cm"/>
                                        <height unit="cm"/>
                                    </dimensions>
                                    <rs type="metre">no</rs>
                                </layout>
                            </layoutDesc>
                        </objectDesc>
                        <handDesc>
                            <handNote>
                               points de séparation
                                <height unit="cm"/>
                            </handNote>
                        </handDesc>
                    </physDesc>
                    <history>
                        <origin>
                            <origPlace>Trouvé en 1901 dans l’ancienne fondation de la maison de Székely Dénes.
                                <placeName ref="http://www.trismegistos.org/place/030193">Potaissa</placeName>
                                <placeName type="provincItalicRegion" ref="http://www.trismegistos.org/place/004366">Dacia</placeName>
                            </origPlace>
                              <origDate  datingMethod="http://en.wikipedia.org/wiki/Julian_calendar">À partir de l'arrivée de la légion à Potaissa.</origDate>
                        </origin>
                        <provenance type="found">  
                            <date>1901</date>
                                <placeName>Turda / Torda</placeName> 
                            <placeName type="modernRegion">Jud. Cluj</placeName>
                            <placeName type="modernCountry">Roumanie</placeName>
                        </provenance>
                    </history>
                </msDesc>
            </sourceDesc>
        </fileDesc>
        <encodingDesc>
            <p>Marked-up according to the EpiDoc Guidelines</p>
            <classDecl>
                <taxonomy>
                    <category xml:id="representation">
                        <catDesc>Digitized other representations</catDesc>
                    </category>
                </taxonomy>
            </classDecl>
        </encodingDesc>
        <profileDesc>
                <textClass>
<keywords>
    <term ref="http://www.eagle-network.eu/voc/typeins/lod/372">Inscription votive</term>
</keywords>
    </textClass>

            <langUsage>
                <language ident="ar">Arabic</language>
                <language ident="en">English</language>
                <language ident="fr">French</language>
                <language ident="de">German</language>
                <language ident="grc">Ancient Greek</language>
                <language ident="grc-Latn">Transliterated Greek</language>
                <language ident="el">Modern Greek</language>
                <language ident="he">Hebrew</language>
                <language ident="it">Italian</language>
                <language ident="la">Latin</language>
                <language ident="sp">Spanish</language>
            </langUsage>
        <creation>EAGLE - Europeana Network of Ancient Greek and Latin Epigraphy</creation></profileDesc>
        <revisionDesc>
         <change when="2015-02-26" who="Ioan Piso">Ioan Piso</change>
        </revisionDesc>
    </teiHeader>
         <facsimile>

   <graphic n="PO_28" url="https://upload.wikimedia.org/wikipedia/commons/1/15/PO_28.jpg" sameAs="https://commons.wikimedia.org/wiki/File:PO_28.jpg">
       <desc> PO_28
          <ref type="license" target="http://creativecommons.org/licenses/by-sa/3.0/">Licensed under the Creative Commons Attribution-ShareAlike 3.0 Unported license. </ref>
      </desc>
   </graphic>    
   
            
        </facsimile>
        
    
    <text>
        <body>
                       
            <div type="bibliography">
                <listBibl>
<bibl>I. Téglás, AÉrt 22, 1902, p. 82 </bibl><bibl> R. Münsterberg, J. Oehler, JÖAI, 1902, Bbl., no 1(dessin) </bibl><bibl> G. Téglás, BKL 40(4), 1907, p. 7, no 19 </bibl><bibl> S. Sanie, Epigraphica Travaux 1977, p. 140-141 </bibl><bibl> idem, ANRW II / 18 / 2, 1989, p. 1248, no 13 </bibl><bibl> idem, Cultele orientale în Dacia romană I,București 1981, p. 27, no 13 </bibl><bibl> M. Hörig, E. Schwerheim, CCID, p. 0, no 14 </bibl><bibl> E. Schallmayer et alii, Osterburken I, p. 424, no </bibl><bibl> ILD 480.</bibl>
                </listBibl>
            </div>
            
            
            <div type="edition" xml:lang="la"><head>Text</head>
                
  
            

    <ab>
                        <lb n="1"/>
                        
                        
                            
                            <expan><abbr>I</abbr><ex>ovi</ex></expan> <expan><abbr>o</abbr><ex>ptimo</ex></expan> <expan><abbr>m</abbr><ex>aximo</ex></expan> <lb n="2"/><expan><abbr>Do</abbr><ex>licheno</ex></expan> <expan><abbr>Ti</abbr><ex>berius</ex></expan> <lb n="3"/><expan><abbr>T</abbr><ex cert="low">- - - </ex></expan> <expan><abbr>Pat</abbr><ex>ernus</ex></expan><certainty match="preceding-sibling::node()" locus="value"/>b<expan><ex>ene</ex><abbr>f</abbr><ex>iciarius</ex></expan> <expan><abbr>leg</abbr><ex>ati</ex></expan> <lb n="4"/><expan><abbr>v</abbr><ex>otum</ex></expan> <expan><abbr>s</abbr><ex>olvit</ex></expan> <expan><abbr>l</abbr><ex>ibens</ex></expan> <expan><abbr>m</abbr><ex>erito</ex></expan>.
                        
                        
                    </ab>

                
                
            </div>

            <div type="apparatus">
                <p>L. 3, tous les auteurs : ligature NT ; nous y avons vu plutôt AT et, avant, un P. Le nom du dédicant reste incertain ; G. Téglás : Do(mi)ti(us) / Ti(ti)anu(s) ; Schallmayer : Ti / tint(ius) ou Ti(berius) / Tint(- - -) ; M. Bărbulescu(Legiunea V Macedonica, p. 73, no 2) : Titinus ; Petolescu(ILD) : Ti / tin(ius) ; HD : Ti / tint(ius).</p>
            </div>

            
           <div type="translation" xml:lang="fr">
                <p>                    À Jupiter très bon(et) très grand, Dolichenus. Tiberius T(…) Paternus(?), beneficiarius du légat(de la légion), s’est acquitté de(son) vœu de bon gré(et) à bon droit.</p>
                    <desc><ref type="license" target="http://creativecommons.org/licenses/by-sa/3.0/">Licensed under a Creative Commons Attribution-ShareAlike 3.0 Unported licence.</ref>
                </desc>
            </div>
            

        </body>
    </text>
</TEI>
