<?xml version="1.0" encoding="UTF-8"?>
<TEI xmlns="http://www.tei-c.org/ns/1.0" xml:space="preserve" xml:lang="fr">
    <teiHeader>
        <fileDesc>
            <titleStmt>
                <title>Inscription votive</title>
            </titleStmt>  
            <publicationStmt>
                <authority>UNIVERSITATEA BABES BOLYAI</authority>
                <idno type="URI">http://inscriptionsfromdacia.altervista.org/text/ip00000031.html</idno>
                <idno type="EDH">HD048988</idno>
               <idno type="localID">ip00000031</idno>
  
                <availability>
                    <licence target="http://creativecommons.org/licenses/by-nc-sa/3.0/">
This file is licensed under the Creative Commons Attribution-NonCommercial-ShareAlike 3.0 Unported license.
</licence>
                </availability>
            </publicationStmt>
            <sourceDesc>
                <msDesc>
                    <msIdentifier>
                        <country>
                            <placeName type="modern">Roumanie</placeName>
                        </country>
                        <region>
                            <placeName type="modern">Jud. Cluj</placeName>
                        </region>
                        <settlement>
                            <placeName>Turda / Torda</placeName>                     
                        </settlement>
                        <repository>Öst. Nationalbibliothek Wien</repository>
                        <collection/>
                        <idno/>
                    </msIdentifier>
                    <physDesc>
                        <objectDesc>
                            <supportDesc>
                                <support>

<objectType>Autel votif ou base de statue</objectType>
                                    <material ref="http://www.eagle-network.eu/voc/material/lod/57">calcaire</material>                                    <p/>
                                    <dimensions unit="cm">
                                <height/>
                                         <width/>
                                         <depth/>
                                            </dimensions>
                                                                        <rs type="decoration" ref="http://www.eagle-network.eu/voc/decor/lod/2000">yes</rs>
                                    <rs type="statPreserv"/> </support>
                            </supportDesc>
                            <layoutDesc>
                                <layout>
                                   <rs type="execution">sculptées</rs> <dimensions>
                                        <width unit="cm"/>
                                        <height unit="cm"/>
                                    </dimensions>
                                    <rs type="metre">no</rs>
                                </layout>
                            </layoutDesc>
                        </objectDesc>
                        <handDesc>
                            <handNote>
                               
                                <height unit="cm"/>
                            </handNote>
                        </handDesc>
                    </physDesc>
                    <history>
                        <origin>
                            <origPlace>Vu à Luna(Aranyoslóna) chez le comte Andreas Jósika par Ariosti, qui en 1723 l’expédia à Vienne.
                                <placeName ref="http://www.trismegistos.org/place/030193">Potaissa</placeName>
                                <placeName type="provincItalicRegion" ref="http://www.trismegistos.org/place/004366">Dacia</placeName>
                            </origPlace>
                              <origDate   datingMethod="http://en.wikipedia.org/wiki/Julian_calendar">Probablement des règnes de Commode ou de Septime Sévère, en raison de l’épithète c(onstans) de la légion(voir E. Ritterling, RE XII / 2(192), 180) et de l’absence de l’épithète impériale. Des doutes peut soulever le fait que l’officier ne donne que son cognomen.</origDate>
                        </origin>
                        <provenance type="found">  
                            <date>Avant 1723</date>
                                <placeName>Turda / Torda</placeName> 
                            <placeName type="modernRegion">Jud. Cluj</placeName>
                            <placeName type="modernCountry">Roumanie</placeName>
                        </provenance>
                    </history>
                </msDesc>
            </sourceDesc>
        </fileDesc>
        <encodingDesc>
            <p>Marked-up according to the EpiDoc Guidelines</p>
            <classDecl>
                <taxonomy>
                    <category xml:id="representation">
                        <catDesc>Digitized other representations</catDesc>
                    </category>
                </taxonomy>
            </classDecl>
        </encodingDesc>
        <profileDesc>
                <textClass>
<keywords>
    <term ref="http://www.eagle-network.eu/voc/typeins/lod/372">Inscription votive</term>
</keywords>
    </textClass>

            <langUsage>
                <language ident="ar">Arabic</language>
                <language ident="en">English</language>
                <language ident="fr">French</language>
                <language ident="de">German</language>
                <language ident="grc">Ancient Greek</language>
                <language ident="grc-Latn">Transliterated Greek</language>
                <language ident="el">Modern Greek</language>
                <language ident="he">Hebrew</language>
                <language ident="it">Italian</language>
                <language ident="la">Latin</language>
                <language ident="sp">Spanish</language>
            </langUsage>
        <creation>EAGLE - Europeana Network of Ancient Greek and Latin Epigraphy</creation></profileDesc>
        <revisionDesc>
         <change when="2015-02-26" who="Ioan Piso">Ioan Piso</change>
        </revisionDesc>
    </teiHeader>
<!--         <facsimile>

   <graphic n="PO_32" url="https://commons.wikimedia.org/wiki/File:PO_32.jpg">
       <desc> PO_32
          <ref type="license" target="http://creativecommons.org/licenses/by-sa/3.0/">Licensed under the Creative Commons Attribution-ShareAlike 3.0 Unported license. </ref>
      </desc>
   </graphic>    
   
            
        </facsimile>
-->        
    
    <text>
        <body>
                       
            <div type="bibliography">
                <listBibl>
<bibl>G. Ariosti, ms., no 41 </bibl><bibl> CIL III 892 </bibl><bibl> vue par R. Münsterberg, J. Oehler, JÖAI, 1902, p. </bibl><bibl> E. Groag, Die römischen Inschriftsteine der Hofbibliothek, Wien 1913, p. 31, no 26 </bibl><bibl> A. Kerényi, Personennamen, p. 97, no 1123 </bibl><bibl> A. Buonopane, V. La Monaca, dans : Epigrafi romane, p. 294, no 41(dessin et photo) </bibl><bibl> Ubi-erat-lupa 670(photo)</bibl><bibl> I. Piso, Fasti provinciae Daciae. Die ritterlichen Amtsträger II, Bonn 2013, p. 37.</bibl>
                </listBibl>
            </div>
            
            
            <div type="edition" xml:lang="la"><head>Text</head>
                
  
            

    <ab>
                        <lb n="1"/>
                        
                        
                            
                            <expan><abbr>I</abbr><ex>ovi</ex></expan> <expan><abbr>o</abbr><ex>ptimo</ex></expan> <expan><abbr>m</abbr><ex>aximo</ex></expan> <lb n="2"/>et diis de <lb n="3"/><expan><abbr>abusq</abbr><ex>ue</ex></expan> et <lb n="4"/>genio loci <lb n="5"/>Optatus <lb n="6"/><expan><abbr>praef</abbr><ex>ectus</ex></expan> <expan><abbr>leg</abbr><ex>ionis</ex></expan> <lb n="7"/>V <expan><abbr>M</abbr><ex>acedonicae</ex></expan> <expan><abbr>c</abbr><ex>onstantis</ex></expan> <expan><abbr>v</abbr><ex>otum</ex></expan> <expan><abbr>l</abbr><ex>ibens</ex></expan> <expan><abbr>s</abbr><ex>olvit</ex></expan> <expan><abbr>m</abbr><ex>erito</ex></expan>.
                        
                        
                    </ab>

                
                
            </div>

            
           <div type="translation" xml:lang="fr">
                <p>                    À Jupiter très bon(et) très grand et aux dieux et déesses et au génie(protecteur) de(cet) endroit. Optatus, le préfet de la Ve légion Macedonica, la constante, s’est acquitté de(son) vœu de bon gré(et) à bon droit.</p>
                    <desc><ref type="license" target="http://creativecommons.org/licenses/by-sa/3.0/">Licensed under a Creative Commons Attribution-ShareAlike 3.0 Unported licence.</ref>
                </desc>
            </div>
            

            <div type="commentary">
                <p>Selon Groag, Optatus a été le praefectus castrorum legionis et par le locus on doit comprendre l’aedes principiorum ; voir aussi A. Dobson, Die Primipilares, Köln - Bonn 1978, p. 36, Piso ; cf. A. v. Domaszewski, Rangordnung2, p. 120, M. Bărbulescu, Legiunea V Macedonica, p. 6, no 2. Il est peu probable qu’il ait été préfet de légion à la suite de l’ainsi-dite réforme de Gallienus. D’ailleurs, ici la légion ne porte aucune épithète.</p>
            </div>

        </body>
    </text>
</TEI>
