<?xml version="1.0" encoding="UTF-8"?>
<TEI xmlns="http://www.tei-c.org/ns/1.0" xml:space="preserve" xml:lang="fr">
    <teiHeader>
        <fileDesc>
            <titleStmt>
                <title>Inscription votive</title>
            </titleStmt>  
            <publicationStmt>
                <authority>UNIVERSITATEA BABES BOLYAI</authority>
                <idno type="URI">http://inscriptionsfromdacia.altervista.org/text/ip00000025.html</idno>
                
                
               <idno type="localID">ip00000025</idno>
  
                <availability>
                    <licence target="http://creativecommons.org/licenses/by-nc-sa/3.0/">
This file is licensed under the Creative Commons Attribution-NonCommercial-ShareAlike 3.0 Unported license.
</licence>
                </availability>
            </publicationStmt>
            <sourceDesc>
                <msDesc>
                    <msIdentifier>
                        <country>
                            <placeName type="modern">Roumanie</placeName>
                        </country>
                        <region>
                            <placeName type="modern">Jud. Cluj</placeName>
                        </region>
                        <settlement>
                            <placeName>Turda / Torda</placeName>                     
                        </settlement>
                        <repository>Muzeul Național de Istorie a Transilvaniei, Cluj, inv. L 241 = V 183 = I 60.</repository>
                        <collection/>
                        <idno/>
                    </msIdentifier>
                    <physDesc>
                        <objectDesc>
                            <supportDesc>
                                <support>

<objectType ref="http://www.eagle-network.eu/voc/objtyp/lod/57">Base de statue</objectType>
                                    <material ref="http://www.eagle-network.eu/voc/material/lod/75">grès</material>                                    <p/>
                                    <dimensions unit="cm">
                                <height>80</height>
                                         <width/>
                                         <depth>36</depth>
                                            </dimensions>
                                                                        <rs type="decoration">no</rs>
                                    <rs type="statPreserv"/> </support>
                            </supportDesc>
                            <layoutDesc>
                                <layout>
                                   <rs type="execution">sculptées</rs> <dimensions>
                                        <width unit="cm"/>
                                        <height unit="cm"/>
                                    </dimensions>
                                    <rs type="metre">no</rs>
                                </layout>
                            </layoutDesc>
                        </objectDesc>
                        <handDesc>
                            <handNote>
                               
                                <height unit="cm"/>
                            </handNote>
                        </handDesc>
                    </physDesc>
                    <history>
                        <origin>
                            <origPlace>Trouvé en 1900 dans Valea Sândului(Szindivölgy), au sud du camp légionnaire.
                                <placeName ref="http://www.trismegistos.org/place/030193">Potaissa</placeName>
                                <placeName type="provincItalicRegion" ref="http://www.trismegistos.org/place/004366">Dacia</placeName>
                            </origPlace>
                              <origDate  datingMethod="http://en.wikipedia.org/wiki/Julian_calendar">À partir de Commode, en raison de l’épithète pia de la légion ; en raison du nomen Aurelius, pas accompagné par praenomen, plutôt du IIIe siècle.</origDate>
                        </origin>
                        <provenance type="found">  
                            <date>1900</date>
                                <placeName>Turda / Torda</placeName> 
                            <placeName type="modernRegion">Jud. Cluj</placeName>
                            <placeName type="modernCountry">Roumanie</placeName>
                        </provenance>
                    </history>
                </msDesc>
            </sourceDesc>
        </fileDesc>
        <encodingDesc>
            <p>Marked-up according to the EpiDoc Guidelines</p>
            <classDecl>
                <taxonomy>
                    <category xml:id="representation">
                        <catDesc>Digitized other representations</catDesc>
                    </category>
                </taxonomy>
            </classDecl>
        </encodingDesc>
        <profileDesc>
                <textClass>
<keywords>
    <term ref="http://www.eagle-network.eu/voc/typeins/lod/372">Inscription votive</term>
</keywords>
    </textClass>

            <langUsage>
                <language ident="ar">Arabic</language>
                <language ident="en">English</language>
                <language ident="fr">French</language>
                <language ident="de">German</language>
                <language ident="grc">Ancient Greek</language>
                <language ident="grc-Latn">Transliterated Greek</language>
                <language ident="el">Modern Greek</language>
                <language ident="he">Hebrew</language>
                <language ident="it">Italian</language>
                <language ident="la">Latin</language>
                <language ident="sp">Spanish</language>
            </langUsage>
        <creation>EAGLE - Europeana Network of Ancient Greek and Latin Epigraphy</creation></profileDesc>
        <revisionDesc>
         <change when="2015-02-26" who="Ioan Piso">Ioan Piso</change>
        </revisionDesc>
    </teiHeader>
         <facsimile>

   <graphic n="PO_26" url="https://upload.wikimedia.org/wikipedia/commons/f/fc/PO_26.jpg" sameAs="https://commons.wikimedia.org/wiki/File:PO_26.jpg">
       <desc> PO_26
          <ref type="license" target="http://creativecommons.org/licenses/by-sa/3.0/">Licensed under the Creative Commons Attribution-ShareAlike 3.0 Unported license. </ref>
      </desc>
   </graphic>    
   
            
        </facsimile>
        
    
    <text>
        <body>
                       
            <div type="bibliography">
                <listBibl>
<bibl>G. Téglás, AÉrt 22, 1902, p. 81 </bibl><bibl> R. Münsterberg, J. Oehler, JÖAI, 1902, Bbl. 97-98, no 2(dessin) </bibl><bibl> G. Téglás, BKL 40(4), 1907, p. 71-72, no 2(dessin).</bibl>
                </listBibl>
            </div>
            
            
            <div type="edition" xml:lang="la"><head>Text</head>
                
  
            

    <ab>
                        <lb n="1"/>
                        
                        
                            
                            <expan><abbr>I</abbr><ex>ovi</ex></expan> <expan><abbr>o</abbr><ex>ptimo</ex></expan> <expan><abbr>m</abbr><ex>aximo</ex></expan> <expan><abbr>Capit</abbr><ex>olino</ex></expan> <lb n="2"/>vot<expan><ex>u</ex><abbr>m</abbr></expan> li <supplied reason="lost"> b</supplied><expan><abbr>e</abbr><ex>ns</ex></expan> <lb n="3"/>a <supplied reason="lost"> n</supplied>(imo <certainty match="preceding-sibling::node()" locus="value"/> solvit Au <lb n="4"/><expan><abbr>rel</abbr><ex>ius</ex></expan> Castor <lb n="5"/><expan><abbr>mens</abbr><ex>or</ex></expan> <expan><abbr>leg</abbr><ex>ionis</ex></expan> <lb n="6"/>V <expan><abbr>Mac</abbr><ex>edonicae</ex></expan> <expan><abbr>p</abbr><ex>iae</ex></expan>.
                        
                        
                    </ab>

                
                
            </div>

            
           <div type="translation" xml:lang="fr">
                <p>                    À Jupiter très bon(et) très grand, Capitolin, s’est acquitté de(son) vœu de bon grè Aurelius Castor, arpenteur de la Ve légion Macedonica, la pieuse.</p>
                    <desc><ref type="license" target="http://creativecommons.org/licenses/by-sa/3.0/">Licensed under a Creative Commons Attribution-ShareAlike 3.0 Unported licence.</ref>
                </desc>
            </div>
            

            <div type="commentary">
                <p>Bien que les dédicaces pour Jupiter soient très fréquents en Dacie, l’épithète Capitolinus est rare. La formule des l. 2-3, VOTMLIRE / AR, pose encore des problèmes ; cf. Münsterberg, Oehler : vot&lt;u&gt;m li [ b]e(nti)? / a&lt;nimo&gt;?solvit. Pour le mensor legionis voir A. v. Domaszewski, Die Rangordnungdes römischen Heeres2, Köln - Graz 1967, p. 46.</p>
            </div>

        </body>
    </text>
</TEI>
