<?xml version="1.0" encoding="UTF-8"?>
<TEI xmlns="http://www.tei-c.org/ns/1.0" xml:space="preserve" xml:lang="fr">
    <teiHeader>
        <fileDesc>
            <titleStmt>
                <title>Inscription funéraire de Scaurianus</title>
            </titleStmt>  
            <publicationStmt>
                <authority>UNIVERSITATEA BABES BOLYAI</authority>
                <idno type="URI">http://inscriptionsfromdacia.altervista.org/text/ip00000164.html</idno>
                
                
               <idno type="localID">ip00000164</idno>
  
                <availability>
                    <licence target="http://creativecommons.org/licenses/by-nc-sa/3.0/">
This file is licensed under the Creative Commons Attribution-NonCommercial-ShareAlike 3.0 Unported license.
</licence>
                </availability>
            </publicationStmt>
            <sourceDesc>
                <msDesc>
                    <msIdentifier>
                        <country>
                            <placeName type="modern">Roumanie</placeName>
                        </country>
                        <region>
                            <placeName type="modern">Jud. Cluj</placeName>
                        </region>
                        <settlement>
                            <placeName>Turda / Torda ou Zlatna(Zalathna)</placeName>                     
                        </settlement>
                        <repository>Musée de Turda</repository>
                        <collection/>
                        <idno/>
                    </msIdentifier>
                    <physDesc>
                        <objectDesc>
                            <supportDesc>
                                <support>

<objectType ref="http://www.eagle-network.eu/voc/objtyp/lod/250">Stèle funéraire</objectType>
                                    <material ref="http://www.eagle-network.eu/voc/material/lod/57">calcaire</material>                                    <p/>
                                    <dimensions unit="cm">
                                <height>98</height>
                                         <width>16</width>
                                         <depth>84</depth>
                                            </dimensions>
                                                                        <rs type="decoration" ref="http://www.eagle-network.eu/voc/decor/lod/2000">yes</rs>
                                    <rs type="statPreserv"/> </support>
                            </supportDesc>
                            <layoutDesc>
                                <layout>
                                   <rs type="execution">sculptées</rs> <dimensions>
                                        <width unit="cm"/>
                                        <height unit="cm"/>
                                    </dimensions>
                                    <rs type="metre">no</rs>
                                </layout>
                            </layoutDesc>
                        </objectDesc>
                        <handDesc>
                            <handNote>
                               Points de séparation
                                <height unit="cm"/>
                            </handNote>
                        </handDesc>
                    </physDesc>
                    <history>
                        <origin>
                            <origPlace>Vue au début du XVIIIe siècle au château de Petreștii de Jos(Petrid / Alsópeterd) par un anonyme.
                                <placeName>Potaissa ou Ampelum</placeName>
                                <placeName type="provincItalicRegion" ref="http://www.trismegistos.org/place/004366">Dacia</placeName>
                            </origPlace>
                              <origDate datingMethod="http://en.wikipedia.org/wiki/Julian_calendar">En raison de l’écriture, probablement pas plus tard que la fin du IIe siècle. On remarque aussi que le nom du défunt se trouve au génitif, ce qui n’arrive pas à une époque plus tardive.</origDate>
                        </origin>
                        <provenance type="found">  
                            <date/>
                                <placeName>Turda / Torda ou Zlatna(Zalathna)</placeName> 
                            <placeName type="modernRegion">Jud. Cluj</placeName>
                            <placeName type="modernCountry">Roumanie</placeName>
                        </provenance>
                    </history>
                </msDesc>
            </sourceDesc>
        </fileDesc>
        <encodingDesc>
            <p>Marked-up according to the EpiDoc Guidelines</p>
            <classDecl>
                <taxonomy>
                    <category xml:id="representation">
                        <catDesc>Digitized other representations</catDesc>
                    </category>
                </taxonomy>
            </classDecl>
        </encodingDesc>
        <profileDesc>
                <textClass>
<keywords>
    <term ref="http://www.eagle-network.eu/voc/typeins/lod/92">Inscription funéraire</term>
</keywords>
    </textClass>

            <langUsage>
                <language ident="ar">Arabic</language>
                <language ident="en">English</language>
                <language ident="fr">French</language>
                <language ident="de">German</language>
                <language ident="grc">Ancient Greek</language>
                <language ident="grc-Latn">Transliterated Greek</language>
                <language ident="el">Modern Greek</language>
                <language ident="he">Hebrew</language>
                <language ident="it">Italian</language>
                <language ident="la">Latin</language>
                <language ident="sp">Spanish</language>
            </langUsage>
        <creation>EAGLE - Europeana Network of Ancient Greek and Latin Epigraphy</creation></profileDesc>
        <revisionDesc>
         <change when="2015-02-26" who="Ioan Piso">Ioan Piso</change>
        </revisionDesc>
    </teiHeader>
         <facsimile>

   <graphic n="PO_165" url="https://upload.wikimedia.org/wikipedia/commons/a/aa/PO_165.jpg" sameAs="https://commons.wikimedia.org/wiki/File:PO_165.jpg">
       <desc> PO_165
          <ref type="license" target="http://creativecommons.org/licenses/by-sa/3.0/">Licensed under the Creative Commons Attribution-ShareAlike 3.0 Unported license. </ref>
      </desc>
   </graphic>    
   
            
        </facsimile>
        
    
    <text>
        <body>
                       
            <div type="bibliography">
                <listBibl>
<bibl>CIL III 16 </bibl><bibl> I. I. Russu, SCIV 6 / 3-4, 19, p. 883-888 dessin) </bibl><bibl> AE 196, 209 </bibl><bibl> IDR III / 3, 362.</bibl>
                </listBibl>
            </div>
            
            
            <div type="edition" xml:lang="la"><head>Text</head>
                
  
            

    <ab>
                        <lb n="1"/>
                        
                        
                            
                            <expan><abbr>D</abbr><ex>is</ex></expan> M(anibus <lb n="2"/>Scauriani <lb n="3"/><expan><abbr>Caes</abbr><ex>aris</ex></expan> <expan><abbr>n</abbr><ex>ostri</ex></expan> <expan><abbr>ser</abbr><ex>vi</ex></expan> v <supplied reason="lost"> i</supplied><expan><abbr>li</abbr><ex>ci</ex></expan> <lb n="4"/><expan><abbr>vix</abbr><ex>it</ex></expan> <expan><abbr>an</abbr><ex>nis</ex></expan> XXIII <lb n="5"/>Fuscianus <lb n="6"/>fratri <expan><abbr>b</abbr><ex>ene</ex></expan> <expan><abbr>m</abbr><ex>erenti</ex></expan> <expan><abbr>p</abbr><ex>osuit</ex></expan>.
                        
                        
                    </ab>

                
                
            </div>

            <div type="apparatus">
                <p>Mommsen : D(is) M(anibus) / Scaurianae / Caes(aris) n(ostri) servae / vix(it) an(nis) XXIII / Fuscianus / frat [ er] b(ene) m(erenti) p(osuit), construction erronée d’après les copies de Seivert, Soterius et Torma.</p>
            </div>

            
           <div type="translation" xml:lang="fr">
                <p>                    Aux dieux Mânes de Scaurianus, de l’esclave intendant, appartenant à notre empereur. A vécu 23 ans. Fuscianus érigea(le monument) à(son) frère qui a bien mérité.</p>
                    <desc><ref type="license" target="http://creativecommons.org/licenses/by-sa/3.0/">Licensed under a Creative Commons Attribution-ShareAlike 3.0 Unported licence.</ref>
                </desc>
            </div>
            

            <div type="commentary">
                <p>Scaurianus appartient à l’administration de la douane(publicum portorium Illyrici). Si l’inscription provient de Potaissa, à la liste desstations de la douane doit être ajoutée Potaissa.</p>
            </div>

        </body>
    </text>
</TEI>
