<?xml version="1.0" encoding="UTF-8"?>
<TEI xmlns="http://www.tei-c.org/ns/1.0" xml:space="preserve" xml:lang="fr">
    <teiHeader>
        <fileDesc>
            <titleStmt>
                <title>Inscription honorifique</title>
            </titleStmt>  
            <publicationStmt>
                <authority>UNIVERSITATEA BABES BOLYAI</authority>
                <idno type="URI">http://inscriptionsfromdacia.altervista.org/text/ip00000108.html</idno>
                
                
               <idno type="localID">ip00000108</idno>
  
                <availability>
                    <licence target="http://creativecommons.org/licenses/by-nc-sa/3.0/">
This file is licensed under the Creative Commons Attribution-NonCommercial-ShareAlike 3.0 Unported license.
</licence>
                </availability>
            </publicationStmt>
            <sourceDesc>
                <msDesc>
                    <msIdentifier>
                        <country>
                            <placeName type="modern">Roumanie</placeName>
                        </country>
                        <region>
                            <placeName type="modern">Jud. Bistrița-Năsăud</placeName>
                        </region>
                        <settlement>
                            <placeName>Ilișua</placeName>                     
                        </settlement>
                        <repository>Muzeul Județean Bistrița-Năsăud, Bistrița, inv. 1119</repository>
                        <collection/>
                        <idno/>
                    </msIdentifier>
                    <physDesc>
                        <objectDesc>
                            <supportDesc>
                                <support>

<objectType ref="http://www.eagle-network.eu/voc/objtyp/lod/259">Plaque honorifique</objectType>
                                    <material ref="http://www.eagle-network.eu/voc/material/lod/57">calcaire</material>                                    <p/>
                                    <dimensions unit="cm">
                                <height/>
                                         <width/>
                                         <depth>118</depth>
                                            </dimensions>
                                                                        <rs type="decoration">no</rs>
                                    <rs type="statPreserv"/> </support>
                            </supportDesc>
                            <layoutDesc>
                                <layout>
                                   <rs type="execution">sculptées, peu soignées</rs> <dimensions>
                                        <width unit="cm"/>
                                        <height unit="cm"/>
                                    </dimensions>
                                    <rs type="metre">no</rs>
                                </layout>
                            </layoutDesc>
                        </objectDesc>
                        <handDesc>
                            <handNote>
                               points de séparation
                                <height unit="cm"/>
                            </handNote>
                        </handDesc>
                    </physDesc>
                    <history>
                        <origin>
                            <origPlace>Ttrouvée en 1830 dans la zone de la porte d’est du camp, en position secondaire.
                                <placeName ref="http://www.trismegistos.org/place/030262">Arcobadara</placeName>
                                <placeName type="provincItalicRegion" ref="http://www.trismegistos.org/place/004366">Dacia</placeName>
                            </origPlace>
                              <origDate datingMethod="http://en.wikipedia.org/wiki/Julian_calendar">De l’année 213, en raison du chiffre de la puissance tribunicienne.</origDate>
                        </origin>
                        <provenance type="found">  
                            <date>1830</date>
                                <placeName>Ilișua</placeName> 
                            <placeName type="modernRegion">Jud. Bistrița-Năsăud</placeName>
                            <placeName type="modernCountry">Roumanie</placeName>
                        </provenance>
                    </history>
                </msDesc>
            </sourceDesc>
        </fileDesc>
        <encodingDesc>
            <p>Marked-up according to the EpiDoc Guidelines</p>
            <classDecl>
                <taxonomy>
                    <category xml:id="representation">
                        <catDesc>Digitized other representations</catDesc>
                    </category>
                </taxonomy>
            </classDecl>
        </encodingDesc>
        <profileDesc>
                <textClass>
<keywords>
    <term ref="http://www.eagle-network.eu/voc/typeins/lod/69">Inscription honorifique</term>
</keywords>
    </textClass>

            <langUsage>
                <language ident="ar">Arabic</language>
                <language ident="en">English</language>
                <language ident="fr">French</language>
                <language ident="de">German</language>
                <language ident="grc">Ancient Greek</language>
                <language ident="grc-Latn">Transliterated Greek</language>
                <language ident="el">Modern Greek</language>
                <language ident="he">Hebrew</language>
                <language ident="it">Italian</language>
                <language ident="la">Latin</language>
                <language ident="sp">Spanish</language>
            </langUsage>
        <creation>EAGLE - Europeana Network of Ancient Greek and Latin Epigraphy</creation></profileDesc>
        <revisionDesc>
         <change when="2015-02-26" who="Ioan Piso">Ioan Piso</change>
        </revisionDesc>
    </teiHeader><!--
         <facsimile>

   <graphic n="AR_9" url="https://commons.wikimedia.org/wiki/File:AR_9.jpg">
       <desc> AR_9
          <ref type="license" target="http://creativecommons.org/licenses/by-sa/3.0/">Licensed under the Creative Commons Attribution-ShareAlike 3.0 Unported license. </ref>
      </desc>
   </graphic>    
   
            
        </facsimile>
        -->
    
    <text>
        <body>
                       
            <div type="bibliography">
                <listBibl>
<bibl>K. Torma, ErdMúz 3-4, 1866, p. 40, no 11 </bibl><bibl> CIL III 79 </bibl><bibl> S. Nemeti, Classica et Christiana / 2, 20, p. 424, no 86 </bibl><bibl> C. Gaiu, R. Zăgreanu, Inscripții și piese sculpturale din castrul roman de la Ilișua, Cluj-Napoca 2011, p. 67-68, no I.1.2, p. 121, pl. III.</bibl>
                </listBibl>
            </div>
            
            
            <div type="edition" xml:lang="la"><head>Text</head>
                
  
            

    <ab>
                        <lb n="1"/>
                        
                        
                            
                            <expan><abbr>Imp</abbr><ex>eratori</ex></expan> <expan><abbr>Caes</abbr><ex>ari</ex></expan> Marco <lb n="2"/>Aurellio Antonino <lb n="3"/>Pio Felici <expan><abbr>Aug</abbr><ex>usto</ex></expan> Part<expan><ex>h</ex><abbr>ico</abbr></expan> <lb n="4"/><expan><abbr>max</abbr><ex>imo</ex></expan> <expan><abbr>Brit</abbr><ex>annico</ex></expan> <expan><abbr>max</abbr><ex>imo</ex></expan> <expan><abbr>pont</abbr><ex>ifici</ex></expan> <expan><abbr>max</abbr><ex>imo</ex></expan> <lb n="5"/><expan><abbr>trib</abbr><ex>unicia</ex></expan> <expan><abbr>pot</abbr><ex>estate</ex></expan> XVI co<expan><ex>n</ex><abbr>s</abbr><ex>uli</ex></expan> IIII optimo <lb n="6"/><expan><abbr>maximoq</abbr><ex>ue</ex></expan> principi ala I <expan><abbr>Tung</abbr><ex>rorum</ex></expan> <expan><abbr>Front</abbr><ex>oniana</ex></expan> <lb n="7"/>Antoniniana numini eius semper ac merito devota.
                        
                        
                    </ab>

                
                
            </div>

            
           <div type="translation" xml:lang="fr">
                <p>                    À l’empereur César Marc Aurèle, pieux heureux Auguste, grand vainqueur des Parthes, grand vainqueur des Bretons, grand pontife, investi avec la puissance tribunicienne pour la XVIème fois, consul quatre fois, au meilleur et au plus grand prince, l’ala I Tungrorum Frontoniana(érigea ceci) devouée à jamais et à bon droit à son numen(componente divine de la personne impériale).</p>
                    <desc><ref type="license" target="http://creativecommons.org/licenses/by-sa/3.0/">Licensed under a Creative Commons Attribution-ShareAlike 3.0 Unported licence.</ref>
                </desc>
            </div>
            

            <div type="commentary">
                <p>Gaiu et Zăgreanu ont tort de croire que le double L serait une erreur ; pour l’habitude d’écrire le nom de l’empereur avec deux L voir A. Mastino, Le titolature di Caracalla e Geta attraverso le iscrizioni, Bologna 1981, p. 33-34. D’après la largeur(118) et la forme, la plaque était encastrée dans la base de statue équestre de Caracalla, érigée dans la cour des principia. Plus tard, elle aura servi à la réparation des murs dans la zone de la port d’est. Il est peu probable qu’elle aurait servi comme plaque de construction, car dans ce cas le nom de l’empereur se serait trouvé au nominatif.</p>
            </div>

        </body>
    </text>
</TEI>
