<?xml version="1.0" encoding="UTF-8"?>
<TEI xmlns="http://www.tei-c.org/ns/1.0" xml:space="preserve" xml:lang="fr">
    <teiHeader>
        <fileDesc>
            <titleStmt>
                <title>Inscription votive</title>
            </titleStmt>  
            <publicationStmt>
                <authority>UNIVERSITATEA BABES BOLYAI</authority>
                <idno type="URI">http://inscriptionsfromdacia.altervista.org/text/ip00000086.html</idno>
                
                
               <idno type="localID">ip00000086</idno>
  
                <availability>
                    <licence target="http://creativecommons.org/licenses/by-nc-sa/3.0/">
This file is licensed under the Creative Commons Attribution-NonCommercial-ShareAlike 3.0 Unported license.
</licence>
                </availability>
            </publicationStmt>
            <sourceDesc>
                <msDesc>
                    <msIdentifier>
                        <country>
                            <placeName type="modern">Roumanie</placeName>
                        </country>
                        <region>
                            <placeName type="modern">Jud. Cluj</placeName>
                        </region>
                        <settlement>
                            <placeName>Turda / Torda</placeName>                     
                        </settlement>
                        <repository>Musée d'Aiud, inv. 1964</repository>
                        <collection/>
                        <idno/>
                    </msIdentifier>
                    <physDesc>
                        <objectDesc>
                            <supportDesc>
                                <support>

<objectType ref="http://www.eagle-network.eu/voc/objtyp/lod/30">Statue avec sa base</objectType>
                                    <material ref="http://www.eagle-network.eu/voc/material/lod/48">marbre</material>                                    <p/>
                                    <dimensions unit="cm">
                                <height>28</height>
                                         <width/>
                                         <depth>28</depth>
                                            </dimensions>
                                                                        <rs type="decoration" ref="http://www.eagle-network.eu/voc/decor/lod/2000">yes</rs>
                                    <rs type="statPreserv"/> </support>
                            </supportDesc>
                            <layoutDesc>
                                <layout>
                                   <rs type="execution">sculptées</rs> <dimensions>
                                        <width unit="cm"/>
                                        <height unit="cm"/>
                                    </dimensions>
                                    <rs type="metre">no</rs>
                                </layout>
                            </layoutDesc>
                        </objectDesc>
                        <handDesc>
                            <handNote>
                               
                                <height unit="cm"/>
                            </handNote>
                        </handDesc>
                    </physDesc>
                    <history>
                        <origin>
                            <origPlace>Trouvée en 1886 sur le plateau Cetate, donc dans la zone du camp ou de son voisinage.
                                <placeName ref="http://www.trismegistos.org/place/030193">Potaissa</placeName>
                                <placeName type="provincItalicRegion" ref="http://www.trismegistos.org/place/004366">Dacia</placeName>
                            </origPlace>
                              <origDate datingMethod="http://en.wikipedia.org/wiki/Julian_calendar">Probablement du IIIe siecle, en raison du nomen Aurelius pas accompagné par praenomen.</origDate>
                        </origin>
                        <provenance type="found">  
                            <date>1886</date>
                                <placeName>Turda / Torda</placeName> 
                            <placeName type="modernRegion">Jud. Cluj</placeName>
                            <placeName type="modernCountry">Roumanie</placeName>
                        </provenance>
                    </history>
                </msDesc>
            </sourceDesc>
        </fileDesc>
        <encodingDesc>
            <p>Marked-up according to the EpiDoc Guidelines</p>
            <classDecl>
                <taxonomy>
                    <category xml:id="representation">
                        <catDesc>Digitized other representations</catDesc>
                    </category>
                </taxonomy>
            </classDecl>
        </encodingDesc>
        <profileDesc>
                <textClass>
<keywords>
    <term ref="http://www.eagle-network.eu/voc/typeins/lod/372">Inscription votive</term>
</keywords>
    </textClass>

            <langUsage>
                <language ident="ar">Arabic</language>
                <language ident="en">English</language>
                <language ident="fr">French</language>
                <language ident="de">German</language>
                <language ident="grc">Ancient Greek</language>
                <language ident="grc-Latn">Transliterated Greek</language>
                <language ident="el">Modern Greek</language>
                <language ident="he">Hebrew</language>
                <language ident="it">Italian</language>
                <language ident="la">Latin</language>
                <language ident="sp">Spanish</language>
            </langUsage>
        <creation>EAGLE - Europeana Network of Ancient Greek and Latin Epigraphy</creation></profileDesc>
        <revisionDesc>
         <change when="2015-02-26" who="Ioan Piso">Ioan Piso</change>
        </revisionDesc>
    </teiHeader>
         <facsimile>

   <graphic n="PO_87" url="https://upload.wikimedia.org/wikipedia/commons/7/73/PO_87.jpg" sameAs="https://commons.wikimedia.org/wiki/File:PO_87.jpg">
       <desc> PO_87
          <ref type="license" target="http://creativecommons.org/licenses/by-sa/3.0/">Licensed under the Creative Commons Attribution-ShareAlike 3.0 Unported license. </ref>
      </desc>
   </graphic>    
   
            
        </facsimile>
        
    
    <text>
        <body>
                       
            <div type="bibliography">
                <listBibl>
<bibl>G. Téglás, ErdMúz, 1888, p. 66, no 29 </bibl><bibl> CIL III 7683.</bibl>
                </listBibl>
            </div>
            
            
            <div type="edition" xml:lang="la"><head>Text</head>
                
  
            

    <ab>
                        <lb n="1"/>
                        
                        
                            
                            <expan><abbr>Aur</abbr><ex>elius</ex></expan> Timotheus sig <supplied reason="lost" cert="low"> n(ifer) leg(ionis) V Mac(edonicae) </supplied> <lb n="2"/>votum libe<expan><ex>n</ex><abbr>s</abbr></expan> <supplied reason="lost" cert="low"> solvit </supplied>.
                        
                        
                    </ab>

                
                
            </div>

            <div type="apparatus">
                <p>A. v. Domaszewski, HD : Ayr(elius)(sic !) Timotheus sig [ num Liberi] / votum libes [ merito solvit], solution improbable ; les lettres du nomen sont très clairement AVR.</p>
            </div>

            
           <div type="translation" xml:lang="fr">
                <p>                    Aurelius Timotheus, signifer(de la Ve légion Macedonica) ?,(s’est acquitté) de son vœu de bon gré.</p>
                    <desc><ref type="license" target="http://creativecommons.org/licenses/by-sa/3.0/">Licensed under a Creative Commons Attribution-ShareAlike 3.0 Unported licence.</ref>
                </desc>
            </div>
            

            <div type="commentary">
                <p>Le dédicant porte un cognomen d’origine grecque, Τιμόθεος. On remarque la forme libes à la place de libens, avec la nasalisation du n.</p>
            </div>

        </body>
    </text>
</TEI>
