<?xml version="1.0" encoding="UTF-8"?>
<TEI xmlns="http://www.tei-c.org/ns/1.0" xml:space="preserve" xml:lang="fr">
    <teiHeader>
        <fileDesc>
            <titleStmt>
                <title>Inscription votive</title>
            </titleStmt>  
            <publicationStmt>
                <authority>UNIVERSITATEA BABES BOLYAI</authority>
                <idno type="URI">http://inscriptionsfromdacia.altervista.org/text/ip00000052.html</idno>
                
                
               <idno type="localID">ip00000052</idno>
  
                <availability>
                    <licence target="http://creativecommons.org/licenses/by-nc-sa/3.0/">
This file is licensed under the Creative Commons Attribution-NonCommercial-ShareAlike 3.0 Unported license.
</licence>
                </availability>
            </publicationStmt>
            <sourceDesc>
                <msDesc>
                    <msIdentifier>
                        <country>
                            <placeName type="modern">Roumanie</placeName>
                        </country>
                        <region>
                            <placeName type="modern">Jud. Cluj</placeName>
                        </region>
                        <settlement>
                            <placeName>Turda / Torda</placeName>                     
                        </settlement>
                        <repository>Muzeul de Istorie Turda</repository>
                        <collection/>
                        <idno/>
                    </msIdentifier>
                    <physDesc>
                        <objectDesc>
                            <supportDesc>
                                <support>

<objectType>Autel votif ou base de statue</objectType>
                                    <material ref="http://www.eagle-network.eu/voc/material/lod/57">calcaire</material>                                    <p/>
                                    <dimensions unit="cm">
                                <height>128</height>
                                         <width>40</width>
                                         <depth/>
                                            </dimensions>
                                                                        <rs type="decoration" ref="http://www.eagle-network.eu/voc/decor/lod/2000">yes</rs>
                                    <rs type="statPreserv"/> </support>
                            </supportDesc>
                            <layoutDesc>
                                <layout>
                                   <rs type="execution">sculptées</rs> <dimensions>
                                        <width unit="cm"/>
                                        <height unit="cm"/>
                                    </dimensions>
                                    <rs type="metre">no</rs>
                                </layout>
                            </layoutDesc>
                        </objectDesc>
                        <handDesc>
                            <handNote>
                               points de séparation
                                <height unit="cm"/>
                            </handNote>
                        </handDesc>
                    </physDesc>
                    <history>
                        <origin>
                            <origPlace>Ttrouvé en 1966 par I. I. Russu dans le village de Miceşti(Micuş, Mikes) 1, chez Vasile Neagu, comme pièce de construction d’une remise.
                                <placeName ref="http://www.trismegistos.org/place/030193">Potaissa</placeName>
                                <placeName type="provincItalicRegion" ref="http://www.trismegistos.org/place/004366">Dacia</placeName>
                            </origPlace>
                              <origDate notBefore-custom="0019" notAfter-custom="0196" datingMethod="http://en.wikipedia.org/wiki/Julian_calendar">De 19 ou du début de 196, en raison de la position de Caracalla de Caesar destinatus.</origDate>
                        </origin>
                        <provenance type="found">  
                            <date>Avant 1966</date>
                                <placeName>Turda / Torda</placeName> 
                            <placeName type="modernRegion">Jud. Cluj</placeName>
                            <placeName type="modernCountry">Roumanie</placeName>
                        </provenance>
                    </history>
                </msDesc>
            </sourceDesc>
        </fileDesc>
        <encodingDesc>
            <p>Marked-up according to the EpiDoc Guidelines</p>
            <classDecl>
                <taxonomy>
                    <category xml:id="representation">
                        <catDesc>Digitized other representations</catDesc>
                    </category>
                </taxonomy>
            </classDecl>
        </encodingDesc>
        <profileDesc>
                <textClass>
<keywords>
    <term ref="http://www.eagle-network.eu/voc/typeins/lod/372">Inscription votive</term>
</keywords>
    </textClass>

            <langUsage>
                <language ident="ar">Arabic</language>
                <language ident="en">English</language>
                <language ident="fr">French</language>
                <language ident="de">German</language>
                <language ident="grc">Ancient Greek</language>
                <language ident="grc-Latn">Transliterated Greek</language>
                <language ident="el">Modern Greek</language>
                <language ident="he">Hebrew</language>
                <language ident="it">Italian</language>
                <language ident="la">Latin</language>
                <language ident="sp">Spanish</language>
            </langUsage>
        <creation>EAGLE - Europeana Network of Ancient Greek and Latin Epigraphy</creation></profileDesc>
        <revisionDesc>
         <change when="2015-02-26" who="Ioan Piso">Ioan Piso</change>
        </revisionDesc>
    </teiHeader>
         <facsimile>

   <graphic n="PO_3" url="https://upload.wikimedia.org/wikipedia/commons/e/e2/PO_3.jpg" sameAs="https://commons.wikimedia.org/wiki/File:PO_3.jpg">
       <desc> PO_3
          <ref type="license" target="http://creativecommons.org/licenses/by-sa/3.0/">Licensed under the Creative Commons Attribution-ShareAlike 3.0 Unported license. </ref>
      </desc>
   </graphic>    
   
            
        </facsimile>
        
    
    <text>
        <body>
                       
            <div type="bibliography">
                <listBibl>
<bibl>I. I. Russu, Z. Milea, Studii şi comunicări Sibiu 13, 1967, p. 16-172 </bibl><bibl> I. Piso, Tyche 6, 1991, p. 16, n. 12 = An der Nordgrenze des Römischen Reiches, Stuttgart 200, p. 179, n. 12 </bibl><bibl> R. Ardevan, Viața municipală, p. 430, no 447</bibl><bibl> ILD 33.</bibl>
                </listBibl>
            </div>
            
            
            <div type="edition" xml:lang="la"><head>Text</head>
                
  
            

    <ab>
                        <lb n="1"/>
                        
                        
                            
                            <expan><abbr>Volk</abbr><ex>ano</ex></expan> <expan><abbr>Aug</abbr><ex>usto</ex></expan> <lb n="2"/>pro <expan><abbr>sal</abbr><ex>ute</ex></expan> <expan><abbr>Imp</abbr><ex>eratoris</ex></expan> <lb n="3"/><expan><abbr>L</abbr><ex>ucii</ex></expan> <expan><abbr>Sep</abbr><ex>timii</ex></expan> Severi <lb n="4"/><expan><abbr>Pert</abbr><ex>inacis</ex></expan> <expan><abbr>Aug</abbr><ex>usti</ex></expan> et <lb n="5"/><expan><abbr>M</abbr><ex>arci</ex></expan> <expan><abbr>Aur</abbr><ex>elii</ex></expan> Anton <supplied reason="lost"> i</supplied> <lb n="6"/>ni <expan><abbr>Caes</abbr><ex>aris</ex></expan> destịṇ(ati) <lb n="7"/><expan><abbr>colleg</abbr><ex>ium</ex></expan> fạḅ(rum) <lb n="8"/><expan><abbr>m</abbr><ex>unicipii</ex></expan> Sepṭ(imii) P <supplied reason="lost"> <expan><abbr>ot</abbr><ex>aissensis</ex></expan></supplied>.
                        
                        
                    </ab>

                
                
            </div>

            <div type="apparatus">
                <p>L. 6-8, Russu, Milea : Caes(aris) desti [ n(ati)] / colleg(ium) fabr(um) / munic(ipii) - - - et supposèrent que la pièce aurait été apportée d’Apulum ; l. 8, Piso : m(unicipii) Sep(timii) P [ ot(aissensis)], suivi par Petolescu(ILD) et HD.</p>
            </div>

            
           <div type="translation" xml:lang="fr">
                <p>                    À Volcain Auguste pour la santé de l’empereur Lucius Septimius Severus Pertinax Auguste et de Marc Aurèle Antoninus, César désigné. Le collège des ouvriers du municipe Septimium de Potaissa.</p>
                    <desc><ref type="license" target="http://creativecommons.org/licenses/by-sa/3.0/">Licensed under a Creative Commons Attribution-ShareAlike 3.0 Unported licence.</ref>
                </desc>
            </div>
            

            <div type="commentary">
                <p>L'inscription prouve que le municipium Septimium Potaissa est né, tout comme le municipium Septimium Apulum, dans les premières années du règne de Septime Sévère(193-19).</p>
            </div>

        </body>
    </text>
</TEI>
