<?xml version="1.0" encoding="UTF-8"?>
<TEI xmlns="http://www.tei-c.org/ns/1.0" xml:space="preserve" xml:lang="fr">
    <teiHeader>
        <fileDesc>
            <titleStmt>
                <title>Inscription votive</title>
            </titleStmt>  
            <publicationStmt>
                <authority>UNIVERSITATEA BABES BOLYAI</authority>
                <idno type="URI">http://inscriptionsfromdacia.altervista.org/text/ip00000020.html</idno>
                
                
               <idno type="localID">ip00000020</idno>
  
                <availability>
                    <licence target="http://creativecommons.org/licenses/by-nc-sa/3.0/">
This file is licensed under the Creative Commons Attribution-NonCommercial-ShareAlike 3.0 Unported license.
</licence>
                </availability>
            </publicationStmt>
            <sourceDesc>
                <msDesc>
                    <msIdentifier>
                        <country>
                            <placeName type="modern">Roumanie</placeName>
                        </country>
                        <region>
                            <placeName type="modern">Jud. Cluj</placeName>
                        </region>
                        <settlement>
                            <placeName>Turda / Torda</placeName>                     
                        </settlement>
                        <repository>Muzeul de Istorie Turda, inv. 3161</repository>
                        <collection/>
                        <idno/>
                    </msIdentifier>
                    <physDesc>
                        <objectDesc>
                            <supportDesc>
                                <support>

<objectType>Autel votif ou base de statue</objectType>
                                    <material ref="http://www.eagle-network.eu/voc/material/lod/75">grès</material>                                    <p/>
                                    <dimensions unit="cm">
                                <height>91</height>
                                         <width>29</width>
                                         <depth>43</depth>
                                            </dimensions>
                                                                        <rs type="decoration" ref="http://www.eagle-network.eu/voc/decor/lod/2000">yes</rs>
                                    <rs type="statPreserv"/> </support>
                            </supportDesc>
                            <layoutDesc>
                                <layout>
                                   <rs type="execution">sculptées</rs> <dimensions>
                                        <width unit="cm"/>
                                        <height unit="cm"/>
                                    </dimensions>
                                    <rs type="metre">no</rs>
                                </layout>
                            </layoutDesc>
                        </objectDesc>
                        <handDesc>
                            <handNote>
                               points de séparation
                                <height unit="cm"/>
                            </handNote>
                        </handDesc>
                    </physDesc>
                    <history>
                        <origin>
                            <origPlace>trouvé en 1930, rue Panait Cerna, dans le jardin de Bereczky, lors des travaux à la vignoble.
                                <placeName ref="http://www.trismegistos.org/place/030193">Potaissa</placeName>
                                <placeName type="provincItalicRegion" ref="http://www.trismegistos.org/place/004366">Dacia</placeName>
                            </origPlace>
                              <origDate notBefore-custom="0193" datingMethod="http://en.wikipedia.org/wiki/Julian_calendar">À partir du début du règne de Septime Sévère, en raison du rang municipal de la ville</origDate>
                        </origin>
                        <provenance type="found">  
                            <date>1930</date>
                                <placeName>Turda / Torda</placeName> 
                            <placeName type="modernRegion">Jud. Cluj</placeName>
                            <placeName type="modernCountry">Roumanie</placeName>
                        </provenance>
                    </history>
                </msDesc>
            </sourceDesc>
        </fileDesc>
        <encodingDesc>
            <p>Marked-up according to the EpiDoc Guidelines</p>
            <classDecl>
                <taxonomy>
                    <category xml:id="representation">
                        <catDesc>Digitized other representations</catDesc>
                    </category>
                </taxonomy>
            </classDecl>
        </encodingDesc>
        <profileDesc>
                <textClass>
<keywords>
    <term ref="http://www.eagle-network.eu/voc/typeins/lod/372">Inscription votive</term>
</keywords>
    </textClass>

            <langUsage>
                <language ident="ar">Arabic</language>
                <language ident="en">English</language>
                <language ident="fr">French</language>
                <language ident="de">German</language>
                <language ident="grc">Ancient Greek</language>
                <language ident="grc-Latn">Transliterated Greek</language>
                <language ident="el">Modern Greek</language>
                <language ident="he">Hebrew</language>
                <language ident="it">Italian</language>
                <language ident="la">Latin</language>
                <language ident="sp">Spanish</language>
            </langUsage>
        <creation>EAGLE - Europeana Network of Ancient Greek and Latin Epigraphy</creation></profileDesc>
        <revisionDesc>
         <change when="2015-02-26" who="Ioan Piso">Ioan Piso</change>
        </revisionDesc>
    </teiHeader>
         <facsimile>

   <graphic n="PO_21" url="https://upload.wikimedia.org/wikipedia/commons/f/fe/PO_21.jpg" sameAs="https://commons.wikimedia.org/wiki/File:PO_21.jpg">
       <desc> PO_21
          <ref type="license" target="http://creativecommons.org/licenses/by-sa/3.0/">Licensed under the Creative Commons Attribution-ShareAlike 3.0 Unported license. </ref>
      </desc>
   </graphic>    
   
            
        </facsimile>
        
    
    <text>
        <body>
                       
            <div type="bibliography">
                <listBibl>
<bibl>I. I. Russu, AISC 3, 1936-1940, p. 324-32, no 1, fig. 7(photo) </bibl><bibl> AE 190, 14 </bibl><bibl> R. Ardevan, Viața municipală în Dacia romană, Timișoara 1998, p. 428, no 437 </bibl><bibl> ILD 46</bibl>
                </listBibl>
            </div>
            
            
            <div type="edition" xml:lang="la"><head>Text</head>
                
  
            

    <ab>
                        <lb n="1"/>
                        
                        
                            
                            <expan><abbr>I</abbr><ex>ovi</ex></expan> <expan><abbr>o</abbr><ex>ptimo</ex></expan> <expan><abbr>m</abbr><ex>aximo</ex></expan> <lb n="2"/><expan><abbr>C</abbr><ex>aius</ex></expan> <expan><abbr>Iul</abbr><ex>ius</ex></expan> <lb n="3"/>Priscus <lb n="4"/><expan><ex>duum</ex><abbr>viral</abbr><ex>is</ex></expan> <lb n="5"/><expan><abbr>m</abbr><ex>unicipii</ex></expan> <expan><abbr>S</abbr><ex>eptimii</ex></expan> <expan><abbr>P</abbr><ex>otaissensis</ex></expan> <lb n="6"/>ex visu <lb n="7"/><expan><abbr>l</abbr><ex>ibens</ex></expan> <expan><abbr>p</abbr><ex>osuit</ex></expan>.
                        
                        
                    </ab>

                
                
            </div>

            
           <div type="translation" xml:lang="fr">
                <p>                    À Jupiter très bon(et) très grand. Caius Iulius Priscus, ancien duumvir du municipe Septimium Potaissa, érigea(ceci) de bon gré, à la suite d’un rêve.</p>
                    <desc><ref type="license" target="http://creativecommons.org/licenses/by-sa/3.0/">Licensed under a Creative Commons Attribution-ShareAlike 3.0 Unported licence.</ref>
                </desc>
            </div>
            

            <div type="commentary">
                <p>L. 4, Russu, AE, Ardevan :(duum)viralis. Selon ce texte la magistrature suprême du municipe de Potaissa serait le duumvirat.</p>
            </div>

        </body>
    </text>
</TEI>
