<?xml version="1.0" encoding="UTF-8"?>
<TEI xmlns="http://www.tei-c.org/ns/1.0" xml:space="preserve" xml:lang="fr">
    <teiHeader>
        <fileDesc>
            <titleStmt>
                <title>Inscription honorifique</title>
            </titleStmt>  
            <publicationStmt>
                <authority>UNIVERSITATEA BABES BOLYAI</authority>
                <idno type="URI">http://inscriptionsfromdacia.altervista.org/text/ip00000112.html</idno>
                
                
               <idno type="localID">ip00000112</idno>
  
                <availability>
                    <licence target="http://creativecommons.org/licenses/by-nc-sa/3.0/">
This file is licensed under the Creative Commons Attribution-NonCommercial-ShareAlike 3.0 Unported license.
</licence>
                </availability>
            </publicationStmt>
            <sourceDesc>
                <msDesc>
                    <msIdentifier>
                        <country>
                            <placeName type="modern">Roumanie</placeName>
                        </country>
                        <region>
                            <placeName type="modern">Jud. Bistrița-Năsăud</placeName>
                        </region>
                        <settlement>
                            <placeName>Ilișua</placeName>                     
                        </settlement>
                        <repository>Muzeul Județean Bistrița-Năsăud, Bistrița, inv. 23392.</repository>
                        <collection/>
                        <idno/>
                    </msIdentifier>
                    <physDesc>
                        <objectDesc>
                            <supportDesc>
                                <support>

<objectType>Base de statue impériale,</objectType>
                                    <material ref="http://www.eagle-network.eu/voc/material/lod/30">tuf volcanique</material>                                    <p/>
                                    <dimensions unit="cm">
                                <height/>
                                         <width/>
                                         <depth>40</depth>
                                            </dimensions>
                                                                        <rs type="decoration" ref="http://www.eagle-network.eu/voc/decor/lod/2000">yes</rs>
                                    <rs type="statPreserv"/> </support>
                            </supportDesc>
                            <layoutDesc>
                                <layout>
                                   <rs type="execution">sculptées; l. 6 martelée.</rs> <dimensions>
                                        <width unit="cm"/>
                                        <height unit="cm"/>
                                    </dimensions>
                                    <rs type="metre">no</rs>
                                </layout>
                            </layoutDesc>
                        </objectDesc>
                        <handDesc>
                            <handNote>
                               points de séparation
                                <height unit="cm"/>
                            </handNote>
                        </handDesc>
                    </physDesc>
                    <history>
                        <origin>
                            <origPlace>Trouvé en 1986 dans les principia du camp.
                                <placeName ref="http://www.trismegistos.org/place/030262">Arcobadara</placeName>
                                <placeName type="provincItalicRegion" ref="http://www.trismegistos.org/place/004366">Dacia</placeName>
                            </origPlace>
                              <origDate notBefore-custom="0244" notAfter-custom="0249" datingMethod="http://en.wikipedia.org/wiki/Julian_calendar">a. 244-249, règne de Philippus Arabs</origDate>
                        </origin>
                        <provenance type="found">  
                            <date>1986</date>
                                <placeName>Ilișua</placeName> 
                            <placeName type="modernRegion">Jud. Bistrița-Năsăud</placeName>
                            <placeName type="modernCountry">Roumanie</placeName>
                        </provenance>
                    </history>
                </msDesc>
            </sourceDesc>
        </fileDesc>
        <encodingDesc>
            <p>Marked-up according to the EpiDoc Guidelines</p>
            <classDecl>
                <taxonomy>
                    <category xml:id="representation">
                        <catDesc>Digitized other representations</catDesc>
                    </category>
                </taxonomy>
            </classDecl>
        </encodingDesc>
        <profileDesc>
                <textClass>
<keywords>
    <term ref="http://www.eagle-network.eu/voc/typeins/lod/69">Inscription honorifique</term>
</keywords>
    </textClass>

            <langUsage>
                <language ident="ar">Arabic</language>
                <language ident="en">English</language>
                <language ident="fr">French</language>
                <language ident="de">German</language>
                <language ident="grc">Ancient Greek</language>
                <language ident="grc-Latn">Transliterated Greek</language>
                <language ident="el">Modern Greek</language>
                <language ident="he">Hebrew</language>
                <language ident="it">Italian</language>
                <language ident="la">Latin</language>
                <language ident="sp">Spanish</language>
            </langUsage>
        <creation>EAGLE - Europeana Network of Ancient Greek and Latin Epigraphy</creation></profileDesc>
        <revisionDesc>
         <change when="2015-02-26" who="Ioan Piso">Ioan Piso</change>
        </revisionDesc>
    </teiHeader>
<!--         <facsimile>

   <graphic n="AR_113" url="https://commons.wikimedia.org/wiki/File:AR_113.jpg">
       <desc> AR_113
          <ref type="license" target="http://creativecommons.org/licenses/by-sa/3.0/">Licensed under the Creative Commons Attribution-ShareAlike 3.0 Unported license. </ref>
      </desc>
   </graphic>    
   
            
        </facsimile>
-->        
    
    <text>
        <body>
                       
            <div type="bibliography">
                <listBibl>
<bibl>V. Wollmann, R. Ardevan, dans : Fontes historiae. Studia in honorem Demetrii Protase(éd. C. Gaiu, C. Găzdac), Bistrița – Cluj-Napoca 2006, p. 670-671, no 4, p. 677, fig. 7-8(photo et dessin) </bibl><bibl> AE 2006, 1127 </bibl><bibl> R. Ardevan, V. Wollmann, RevBistr 21 / 1, 2007, p. 243-244, no 2, fig. 6 </bibl><bibl> S. Nemeti, Classica et Christiana / 2, 20, p. 42, no 90 </bibl><bibl> C. Gaiu, R. Zăgreanu, Inscripții și piese sculpturale din castrul roman de la Ilișua, Cluj-Napoca 2011, p. 69, no I.1.4, p. 121, pl. III</bibl><bibl> I. Piso, Revista Bistriței 27, 2013, p. 49-50, no 13, fig. 13 a-b (photo, dessin).</bibl>
                </listBibl>
            </div>
            
            
            <div type="edition" xml:lang="la"><head>Text</head>
                
  
            

    <ab>
                        <lb n="1"/>
                        
                        
                            
                            <supplied reason="lost"> [ [ <expan><abbr>Imp</abbr><ex>eratori</ex></expan> <expan><abbr>Caes</abbr><ex>ari</ex></expan></supplied> <lb n="2"/><supplied reason="lost"> <expan><abbr>M</abbr><ex>arco</ex></expan> Iulio Phi</supplied> <lb n="3"/><supplied reason="lost"> li</supplied>ppo <supplied reason="lost"> <expan><abbr>Aug</abbr><ex>usto</ex></expan></supplied>]] <lb n="4"/>ala Fr <supplied reason="lost"> onto</supplied> <lb n="5"/>nian <supplied reason="lost"> a [ [ Phi</supplied>]] <lb n="6"/><supplied reason="lost"> [ lippia [ na</supplied>] de] <lb n="7"/>vota <supplied reason="lost"> numi</supplied> <lb n="8"/>ṇi mạ <supplied reason="lost"> iesta</supplied> <lb n="9"/><supplied reason="lost"> tique eius</supplied>.
                        
                        
                    </ab>

                
                
            </div>

            
           <div type="translation" xml:lang="fr">
                <p>                    (À l’empereur César Marcus Iulius Philippus Auguste), l’ala Frontoniana Philippiana dévouée à son numen(componente divine de la personne impériale)(et a sa) majesté.</p>
                    <desc><ref type="license" target="http://creativecommons.org/licenses/by-sa/3.0/">Licensed under a Creative Commons Attribution-ShareAlike 3.0 Unported licence.</ref>
                </desc>
            </div>
            

            <div type="commentary">
                <p>La largeur d’environ 80 de la base justifie la supposition qu’il s’agit d’une base de statue pédestre.</p>
            </div>

        </body>
    </text>
</TEI>
