<?xml version="1.0" encoding="UTF-8"?>
<TEI xmlns="http://www.tei-c.org/ns/1.0" xml:space="preserve" xml:lang="fr">
    <teiHeader>
        <fileDesc>
            <titleStmt>
                <title>Inscription votive</title>
            </titleStmt>  
            <publicationStmt>
                <authority>UNIVERSITATEA BABES BOLYAI</authority>
                <idno type="URI">http://inscriptionsfromdacia.altervista.org/text/ip00000055.html</idno>
                
                
               <idno type="localID">ip00000055</idno>
  
                <availability>
                    <licence target="http://creativecommons.org/licenses/by-nc-sa/3.0/">
This file is licensed under the Creative Commons Attribution-NonCommercial-ShareAlike 3.0 Unported license.
</licence>
                </availability>
            </publicationStmt>
            <sourceDesc>
                <msDesc>
                    <msIdentifier>
                        <country>
                            <placeName type="modern">Roumanie</placeName>
                        </country>
                        <region>
                            <placeName type="modern">Jud. Cluj</placeName>
                        </region>
                        <settlement>
                            <placeName>Turda / Torda</placeName>                     
                        </settlement>
                        <repository>Muzeul Civilizației Dacice și Romane Deva</repository>
                        <collection/>
                        <idno/>
                    </msIdentifier>
                    <physDesc>
                        <objectDesc>
                            <supportDesc>
                                <support>

<objectType>Autel votif ou base de statue</objectType>
                                    <material ref="http://www.eagle-network.eu/voc/material/lod/75">grès</material>                                    <p/>
                                    <dimensions unit="cm">
                                <height/>
                                         <width/>
                                         <depth>20</depth>
                                            </dimensions>
                                                                        <rs type="decoration">no</rs>
                                    <rs type="statPreserv"/> </support>
                            </supportDesc>
                            <layoutDesc>
                                <layout>
                                   <rs type="execution">sculptées</rs> <dimensions>
                                        <width unit="cm"/>
                                        <height unit="cm"/>
                                    </dimensions>
                                    <rs type="metre">no</rs>
                                </layout>
                            </layoutDesc>
                        </objectDesc>
                        <handDesc>
                            <handNote>
                               
                                <height unit="cm"/>
                            </handNote>
                        </handDesc>
                    </physDesc>
                    <history>
                        <origin>
                            <origPlace>Trouvé dans les vignobles sur le vesant sud du plateau de la Cetate.
                                <placeName ref="http://www.trismegistos.org/place/030193">Potaissa</placeName>
                                <placeName type="provincItalicRegion" ref="http://www.trismegistos.org/place/004366">Dacia</placeName>
                            </origPlace>
                              <origDate   datingMethod="http://en.wikipedia.org/wiki/Julian_calendar">Il n'y a pas des critères pour une datation précise.</origDate>
                        </origin>
                        <provenance type="found">  
                            <date>Avant 1887</date>
                                <placeName>Turda / Torda</placeName> 
                            <placeName type="modernRegion">Jud. Cluj</placeName>
                            <placeName type="modernCountry">Roumanie</placeName>
                        </provenance>
                    </history>
                </msDesc>
            </sourceDesc>
        </fileDesc>
        <encodingDesc>
            <p>Marked-up according to the EpiDoc Guidelines</p>
            <classDecl>
                <taxonomy>
                    <category xml:id="representation">
                        <catDesc>Digitized other representations</catDesc>
                    </category>
                </taxonomy>
            </classDecl>
        </encodingDesc>
        <profileDesc>
                <textClass>
<keywords>
    <term ref="http://www.eagle-network.eu/voc/typeins/lod/372">Inscription votive</term>
</keywords>
    </textClass>

            <langUsage>
                <language ident="ar">Arabic</language>
                <language ident="en">English</language>
                <language ident="fr">French</language>
                <language ident="de">German</language>
                <language ident="grc">Ancient Greek</language>
                <language ident="grc-Latn">Transliterated Greek</language>
                <language ident="el">Modern Greek</language>
                <language ident="he">Hebrew</language>
                <language ident="it">Italian</language>
                <language ident="la">Latin</language>
                <language ident="sp">Spanish</language>
            </langUsage>
        <creation>EAGLE - Europeana Network of Ancient Greek and Latin Epigraphy</creation></profileDesc>
        <revisionDesc>
         <change when="2015-02-26" who="Ioan Piso">Ioan Piso</change>
        </revisionDesc>
    </teiHeader>
    
    <text>
        <body>
                       
            <div type="bibliography">
                <listBibl>
<bibl>G. Téglás, AEM 11, 1887, p. 237, no 17 </bibl><bibl> idem, ErdMúz 1888, p. 6, no 2 </bibl><bibl> CIL III 7691(+ p. 232894, 266) </bibl><bibl> I. I. Russu, Materiale și cercetări arheologice 6, 199, p. 881-882, no 16, fig. 16(dessin) </bibl><bibl> AE 1960, 234 </bibl><bibl> ILD 492.</bibl>
                </listBibl>
            </div>
            
            
            <div type="edition" xml:lang="la"><head>Text</head>
                
  
            

    <ab>
                        <lb n="1"/>
                        
                        
                            
                            <supplied reason="lost"> S</supplied><expan><abbr>il</abbr><ex>vano Dom(estico</ex></expan> <lb n="2"/><supplied reason="lost"> H</supplied>ẹrmad <lb n="3"/><supplied reason="lost"> i</supplied>o <expan><abbr>vot</abbr><ex>o</ex></expan> <lb n="4"/><supplied reason="lost"> l</supplied><expan><abbr>ib</abbr><ex>ens</ex></expan> <lb n="5"/><expan><abbr>pos</abbr><ex>uit</ex></expan>.
                        
                        
                    </ab>

                
                
            </div>

            <div type="apparatus">
                <p>L. 1-3, G. Téglás, CIL III 7691 : I DOM / NAD / VOT ; Patsch, CIL III, p. 2328,94, 266 : I(nvicto) d(eo) M(ithrae) / Na [ b(arze)] ; la lecture correcte chez Russu. L. 2-3 : division incorrecte en syllabes.</p>
            </div>

            
           <div type="translation" xml:lang="fr">
                <p>                    À Silvain domesticus(gardien de la maison). Hermadio érigea(ceci) de bon gré à la suite d’un voeu.</p>
                    <desc><ref type="license" target="http://creativecommons.org/licenses/by-sa/3.0/">Licensed under a Creative Commons Attribution-ShareAlike 3.0 Unported licence.</ref>
                </desc>
            </div>
            

            <div type="commentary">
                <p>Le dédicant porte un nom grec(Ἡρμαδίων) et pourrait être esclave.</p>
            </div>

        </body>
    </text>
</TEI>
