<?xml version="1.0" encoding="UTF-8"?>
<TEI xmlns="http://www.tei-c.org/ns/1.0" xml:space="preserve" xml:lang="fr">
    <teiHeader>
        <fileDesc>
            <titleStmt>
                <title>Inscription votive</title>
            </titleStmt>  
            <publicationStmt>
                <authority>UNIVERSITATEA BABES BOLYAI</authority>
                <idno type="URI">http://inscriptionsfromdacia.altervista.org/text/ip00000016.html</idno>
                
                
               <idno type="localID">ip00000016</idno>
  
                <availability>
                    <licence target="http://creativecommons.org/licenses/by-nc-sa/3.0/">
This file is licensed under the Creative Commons Attribution-NonCommercial-ShareAlike 3.0 Unported license.
</licence>
                </availability>
            </publicationStmt>
            <sourceDesc>
                <msDesc>
                    <msIdentifier>
                        <country>
                            <placeName type="modern">Roumanie</placeName>
                        </country>
                        <region>
                            <placeName type="modern">Jud. Cluj</placeName>
                        </region>
                        <settlement>
                            <placeName>Turda / Torda</placeName>                     
                        </settlement>
                        <repository>disparu</repository>
                        <collection/>
                        <idno/>
                    </msIdentifier>
                    <physDesc>
                        <objectDesc>
                            <supportDesc>
                                <support>

<objectType>Autel votif ou base de statue</objectType>
                                    <material/>                                    <p/>
                                    <dimensions unit="cm">
                                <height/>
                                         <width/>
                                         <depth/>
                                            </dimensions>
                                                                        <rs type="decoration">no</rs>
                                    <rs type="statPreserv"/> </support>
                            </supportDesc>
                            <layoutDesc>
                                <layout>
                                   <rs type="execution">sculptées</rs> <dimensions>
                                        <width unit="cm"/>
                                        <height unit="cm"/>
                                    </dimensions>
                                    <rs type="metre">no</rs>
                                </layout>
                            </layoutDesc>
                        </objectDesc>
                        <handDesc>
                            <handNote>
                               
                                <height unit="cm"/>
                            </handNote>
                        </handDesc>
                    </physDesc>
                    <history>
                        <origin>
                            <origPlace>Vu à Luna(Aranyoslóna) chez le comte Andreas Jósika par Ariosti, qui en 1723 l’expédia à Vienne, d’où elle disparut, probablement lors d’une restauration de la Hofbibliothek.
                                <placeName ref="http://www.trismegistos.org/place/030193">Potaissa</placeName>
                                <placeName type="provincItalicRegion" ref="http://www.trismegistos.org/place/004366">Dacia</placeName>
                            </origPlace>
                              <origDate notBefore-custom="0212" notAfter-custom="0217" datingMethod="http://en.wikipedia.org/wiki/Julian_calendar">Du règne de Caracalla.</origDate>
                        </origin>
                        <provenance type="found">  
                            <date>Avant 1723</date>
                                <placeName>Turda / Torda</placeName> 
                            <placeName type="modernRegion">Jud. Cluj</placeName>
                            <placeName type="modernCountry">Roumanie</placeName>
                        </provenance>
                    </history>
                </msDesc>
            </sourceDesc>
        </fileDesc>
        <encodingDesc>
            <p>Marked-up according to the EpiDoc Guidelines</p>
            <classDecl>
                <taxonomy>
                    <category xml:id="representation">
                        <catDesc>Digitized other representations</catDesc>
                    </category>
                </taxonomy>
            </classDecl>
        </encodingDesc>
        <profileDesc>
                <textClass>
<keywords>
    <term ref="http://www.eagle-network.eu/voc/typeins/lod/372">Inscription votive</term>
</keywords>
    </textClass>

            <langUsage>
                <language ident="ar">Arabic</language>
                <language ident="en">English</language>
                <language ident="fr">French</language>
                <language ident="de">German</language>
                <language ident="grc">Ancient Greek</language>
                <language ident="grc-Latn">Transliterated Greek</language>
                <language ident="el">Modern Greek</language>
                <language ident="he">Hebrew</language>
                <language ident="it">Italian</language>
                <language ident="la">Latin</language>
                <language ident="sp">Spanish</language>
            </langUsage>
        <creation>EAGLE - Europeana Network of Ancient Greek and Latin Epigraphy</creation></profileDesc>
        <revisionDesc>
         <change when="2015-02-26" who="Ioan Piso">Ioan Piso</change>
        </revisionDesc>
    </teiHeader><!--
         <facsimile>

   <graphic n="PO_17" url="https://commons.wikimedia.org/wiki/File:PO_17.jpg">
       <desc> PO_17
          <ref type="license" target="http://creativecommons.org/licenses/by-sa/3.0/">Licensed under the Creative Commons Attribution-ShareAlike 3.0 Unported license. </ref>
      </desc>
   </graphic>    
   
            
        </facsimile>-->
        
    
    <text>
        <body>
                       
            <div type="bibliography">
                <listBibl>
<bibl>CIL III 884 </bibl><bibl> A. Buonopane, V. La Monaca, dans : Epigrafi romane, p. 296, no 43(dessin).</bibl>
                </listBibl>
            </div>
            
            
            <div type="edition" xml:lang="la"><head>Text</head>
                
  
            

    <ab>
                        <lb n="1"/>
                        
                        
                            
                            <expan><abbr>I</abbr><ex>ovi</ex></expan> <expan><abbr>o</abbr><ex>ptimo</ex></expan> <expan><abbr>m</abbr><ex>aximo</ex></expan> <lb n="2"/><expan><abbr>p</abbr><ex>ro</ex></expan> <expan><abbr>s</abbr><ex>alute</ex></expan> <expan><abbr>d</abbr><ex>omini</ex></expan> <expan><abbr>n</abbr><ex>ostri</ex></expan> <lb n="3"/><expan><abbr>M</abbr><ex>arci</ex></expan> <expan><abbr>Aur</abbr><ex>elii</ex></expan> Anto <lb n="4"/>nini <expan><abbr>Imp</abbr><ex>eratoris</ex></expan> <lb n="5"/><expan><abbr>Aurel</abbr><ex>ius</ex></expan> Ru <lb n="6"/>sticus <expan><abbr>c</abbr><ex>ustos</ex></expan> a <supplied reason="lost" cert="low"> r(morum) </supplied> <lb n="7"/>posuit.
                        
                        
                    </ab>

                
                
            </div>

            <div type="apparatus">
                <p>L. 6, Ariosti : C AV ; Hübner chez Mommsen : fortasse l(ibens) a(nimo) v(otum) ; la même solution dans HD ; Buonopane, La Monaca : c(rato?)(!) a(nimo?) v(otum?).</p>
            </div>

            
           <div type="translation" xml:lang="fr">
                <p>                    À Jupiter très bon(et) très grand pour la santé de notre seigneur, l’empereur Marcus Aurelius Antoninus. Aurelius Rusticus, gardien des armes, érigea(ceci).</p>
                    <desc><ref type="license" target="http://creativecommons.org/licenses/by-sa/3.0/">Licensed under a Creative Commons Attribution-ShareAlike 3.0 Unported licence.</ref>
                </desc>
            </div>
            

            <div type="commentary">
                <p>Bien que les épithètes p(ius) f(elix) manquent, l’appellatif d(omini) n(ostri) et le nomen Aurelius, pas accompagné par praenomen, du dédicant parlent en faveur de Caracalla, plutôt que de Marc Aurèle. Il faut peut-être partir de l’idée qu’une dédicace faite à Jupiter pour le salut de l’empereur devait être faite par une personne qui revêtait une charge. Même en supposant une erreur de lapicide ou de lecture, la meilleure solution semble être c(ustos) a [ r(morum)].</p>
            </div>

        </body>
    </text>
</TEI>
