<?xml version="1.0" encoding="UTF-8"?>
<TEI xmlns="http://www.tei-c.org/ns/1.0" xml:space="preserve" xml:lang="fr">
    <teiHeader>
        <fileDesc>
            <titleStmt>
                <title>Inscription funéraire</title>
            </titleStmt>  
            <publicationStmt>
                <authority>UNIVERSITATEA BABES BOLYAI</authority>
                <idno type="URI">http://inscriptionsfromdacia.altervista.org/text/ip00000137.html</idno>
                
                
               <idno type="localID">ip00000137</idno>
  
                <availability>
                    <licence target="http://creativecommons.org/licenses/by-nc-sa/3.0/">
This file is licensed under the Creative Commons Attribution-NonCommercial-ShareAlike 3.0 Unported license.
</licence>
                </availability>
            </publicationStmt>
            <sourceDesc>
                <msDesc>
                    <msIdentifier>
                        <country>
                            <placeName type="modern">Roumanie</placeName>
                        </country>
                        <region>
                            <placeName type="modern">Jud. Bistrița-Năsăud</placeName>
                        </region>
                        <settlement>
                            <placeName>Ilișua</placeName>                     
                        </settlement>
                        <repository>disparue</repository>
                        <collection/>
                        <idno/>
                    </msIdentifier>
                    <physDesc>
                        <objectDesc>
                            <supportDesc>
                                <support>

<objectType ref="http://www.eagle-network.eu/voc/objtyp/lod/259">Plaque ou base de monument funéraire</objectType>
                                    <material ref="http://www.eagle-network.eu/voc/material/lod/30">tuf volcanique?</material>                                    <p/>
                                    <dimensions unit="cm">
                                <height>26</height>
                                         <width/>
                                         <depth>89</depth>
                                            </dimensions>
                                                                        <rs type="decoration">no</rs>
                                    <rs type="statPreserv"/> </support>
                            </supportDesc>
                            <layoutDesc>
                                <layout>
                                   <rs type="execution">sculptées</rs> <dimensions>
                                        <width unit="cm"/>
                                        <height unit="cm"/>
                                    </dimensions>
                                    <rs type="metre">no</rs>
                                </layout>
                            </layoutDesc>
                        </objectDesc>
                        <handDesc>
                            <handNote>
                               points de séparation
                                <height unit="cm"/>
                            </handNote>
                        </handDesc>
                    </physDesc>
                    <history>
                        <origin>
                            <origPlace>Trouvée en 1863 par K. Torma dans le vicus militaire.
                                <placeName ref="http://www.trismegistos.org/place/030262">Arcobadara</placeName>
                                <placeName type="provincItalicRegion" ref="http://www.trismegistos.org/place/004366">Dacia</placeName>
                            </origPlace>
                              <origDate datingMethod="http://en.wikipedia.org/wiki/Julian_calendar">Probablement à partir de la fin du IIème siècle, en raison de CIL III 80.</origDate>
                        </origin>
                        <provenance type="found">  
                            <date>1863</date>
                                <placeName>Ilișua</placeName> 
                            <placeName type="modernRegion">Jud. Bistrița-Năsăud</placeName>
                            <placeName type="modernCountry">Roumanie</placeName>
                        </provenance>
                    </history>
                </msDesc>
            </sourceDesc>
        </fileDesc>
        <encodingDesc>
            <p>Marked-up according to the EpiDoc Guidelines</p>
            <classDecl>
                <taxonomy>
                    <category xml:id="representation">
                        <catDesc>Digitized other representations</catDesc>
                    </category>
                </taxonomy>
            </classDecl>
        </encodingDesc>
        <profileDesc>
                <textClass>
<keywords>
    <term ref="http://www.eagle-network.eu/voc/typeins/lod/92">Inscription funéraire</term>
</keywords>
    </textClass>

            <langUsage>
                <language ident="ar">Arabic</language>
                <language ident="en">English</language>
                <language ident="fr">French</language>
                <language ident="de">German</language>
                <language ident="grc">Ancient Greek</language>
                <language ident="grc-Latn">Transliterated Greek</language>
                <language ident="el">Modern Greek</language>
                <language ident="he">Hebrew</language>
                <language ident="it">Italian</language>
                <language ident="la">Latin</language>
                <language ident="sp">Spanish</language>
            </langUsage>
        <creation>EAGLE - Europeana Network of Ancient Greek and Latin Epigraphy</creation></profileDesc>
        <revisionDesc>
         <change when="2015-02-26" who="Ioan Piso">Ioan Piso</change>
        </revisionDesc>
    </teiHeader>
 <!--        <facsimile>
 
   <graphic n="AR_138" url="https://commons.wikimedia.org/wiki/File:AR_138.jpg">
       <desc> AR_138
          <ref type="license" target="http://creativecommons.org/licenses/by-sa/3.0/">Licensed under the Creative Commons Attribution-ShareAlike 3.0 Unported license. </ref>
      </desc>
   </graphic>    
   
            
        </facsimile>
 -->       
    
    <text>
        <body>
                       
            <div type="bibliography">
                <listBibl>
<bibl>K. Torma, ErdMúz 3-4, 1866, p. 4, no 17 </bibl><bibl> CIL III 808 </bibl><bibl> S. Nemeti, Classica et Christiana / 2, 20, p. 41, no 37 </bibl><bibl> C. Gaiu, R. Zăgreanu, Inscripții și piese sculpturale din castrul roman de la Ilișua, Cluj-Napoca 2011, p. 81, no I.3.a.6, p. 124, pl. VI.</bibl>
                </listBibl>
            </div>
            
            
            <div type="edition" xml:lang="la"><head>Text</head>
                
  
            

    <ab>
                        <lb n="1"/>
                        
                        
                            
                            <expan><abbr>Iul</abbr><ex>ia</ex></expan> <supplied reason="lost"> M</supplied>ansueta <expan><abbr>vix</abbr><ex>it</ex></expan> <lb n="2"/><expan><abbr>an</abbr><ex>nis</ex></expan> <supplied reason="lost"> .</supplied>XIII <expan><abbr>Val</abbr><ex>erius</ex></expan> Valerian <lb n="3"/><supplied reason="lost"> us</supplied> <expan><abbr>vet</abbr><ex>eranus</ex></expan> ex de <supplied reason="lost"> <expan><abbr>c</abbr><ex>urione</ex></expan> alae</supplied> <lb n="4"/><supplied reason="lost"> Frontonian</supplied>ae <lb n="5"/><supplied reason="lost"> <gap reason="lost" quantity="1" unit="character"/> <gap reason="lost" quantity="1" unit="character"/> <gap reason="lost" quantity="1" unit="character"/> <gap reason="lost" quantity="1" unit="character"/> <gap reason="lost" quantity="1" unit="character"/> <gap reason="lost" quantity="1" unit="character"/></supplied>.
                        
                        
                    </ab>

                
                
            </div>

            
           <div type="translation" xml:lang="fr">
                <p>                    Iulia Mansueta a vécu … ans. Valerius Valerianus, vétéran, ancien décurion de l’(ala) Frontoniana, ….</p>
                    <desc><ref type="license" target="http://creativecommons.org/licenses/by-sa/3.0/">Licensed under a Creative Commons Attribution-ShareAlike 3.0 Unported licence.</ref>
                </desc>
            </div>
            

            <div type="commentary">
                <p>Le cognomen Mansueta est répandu dans les provinces celtiques. Un Valerius Valerianus apparaît dans CIL III 80. Il est à noter que Iulia Mansueta porte un nomen différent de celui de Valerius Valerianus. Il est donc difficile d’établir le rapport de parentèle entre les deux, vu que la femme de Valerianus s’appelait Bonosa(CIL III 80). L. 2-3 : division erronée en syllabes.</p>
            </div>

        </body>
    </text>
</TEI>
