<?xml version="1.0" encoding="UTF-8"?>
<TEI xmlns="http://www.tei-c.org/ns/1.0" xml:space="preserve" xml:lang="fr">
    <teiHeader>
        <fileDesc>
            <titleStmt>
                <title>Inscription funéraire d'un Augustale</title>
            </titleStmt>  
            <publicationStmt>
                <authority>UNIVERSITATEA BABES BOLYAI</authority>
                <idno type="URI">http://inscriptionsfromdacia.altervista.org/text/ip00000228.html</idno>
                
                
               <idno type="localID">ip00000228</idno>
  
                <availability>
                    <licence target="http://creativecommons.org/licenses/by-nc-sa/3.0/">
This file is licensed under the Creative Commons Attribution-NonCommercial-ShareAlike 3.0 Unported license.
</licence>
                </availability>
            </publicationStmt>
            <sourceDesc>
                <msDesc>
                    <msIdentifier>
                        <country>
                            <placeName type="modern">Roumanie</placeName>
                        </country>
                        <region>
                            <placeName type="modern">Jud. Cluj</placeName>
                        </region>
                        <settlement>
                            <placeName>Moldovenești / Várfalva</placeName>                     
                        </settlement>
                        <repository>disparue</repository>
                        <collection/>
                        <idno/>
                    </msIdentifier>
                    <physDesc>
                        <objectDesc>
                            <supportDesc>
                                <support>

<objectType>Stèle ou plaque funéraire,</objectType>
                                    <material ref="http://www.eagle-network.eu/voc/material/lod/57">calcaire</material>                                    <p/>
                                    <dimensions unit="cm">
                                <height>66</height>
                                         <width/>
                                         <depth>34</depth>
                                            </dimensions>
                                                                        <rs type="decoration">no</rs>
                                    <rs type="statPreserv"/> </support>
                            </supportDesc>
                            <layoutDesc>
                                <layout>
                                   <rs type="execution">sculptées</rs> <dimensions>
                                        <width unit="cm"/>
                                        <height unit="cm"/>
                                    </dimensions>
                                    <rs type="metre">no</rs>
                                </layout>
                            </layoutDesc>
                        </objectDesc>
                        <handDesc>
                            <handNote>
                               points de séparation
                                <height unit="cm"/>
                            </handNote>
                        </handDesc>
                    </physDesc>
                    <history>
                        <origin>
                            <origPlace>Trouvé vers 1870 dans le mur d'une maison de Moldovenești.
                                <placeName ref="http://www.trismegistos.org/place/002036"/>
                                <placeName type="provincItalicRegion" ref="http://www.trismegistos.org/place/004366">Dacia</placeName>
                            </origPlace>
                              <origDate datingMethod="http://en.wikipedia.org/wiki/Julian_calendar">À partir de Marc Aurèle / Commode, en raison du statut colonial de Napoca.</origDate>
                        </origin>
                        <provenance type="found">  
                            <date>Vers 1870</date>
                                <placeName>Moldovenești / Várfalva</placeName> 
                            <placeName type="modernRegion">Jud. Cluj</placeName>
                            <placeName type="modernCountry">Roumanie</placeName>
                        </provenance>
                    </history>
                </msDesc>
            </sourceDesc>
        </fileDesc>
        <encodingDesc>
            <p>Marked-up according to the EpiDoc Guidelines</p>
            <classDecl>
                <taxonomy>
                    <category xml:id="representation">
                        <catDesc>Digitized other representations</catDesc>
                    </category>
                </taxonomy>
            </classDecl>
        </encodingDesc>
        <profileDesc>
                <textClass>
<keywords>
    <term ref="http://www.eagle-network.eu/voc/typeins/lod/92">Inscription funéraire</term>
</keywords>
    </textClass>

            <langUsage>
                <language ident="ar">Arabic</language>
                <language ident="en">English</language>
                <language ident="fr">French</language>
                <language ident="de">German</language>
                <language ident="grc">Ancient Greek</language>
                <language ident="grc-Latn">Transliterated Greek</language>
                <language ident="el">Modern Greek</language>
                <language ident="he">Hebrew</language>
                <language ident="it">Italian</language>
                <language ident="la">Latin</language>
                <language ident="sp">Spanish</language>
            </langUsage>
        <creation>EAGLE - Europeana Network of Ancient Greek and Latin Epigraphy</creation></profileDesc>
        <revisionDesc>
         <change when="2015-02-26" who="Ioan Piso">Ioan Piso</change>
        </revisionDesc>
    </teiHeader><!--
         <facsimile>

   <graphic n="PO_229" url="https://commons.wikimedia.org/wiki/File:PO_229.jpg">
       <desc> PO_229
          <ref type="license" target="http://creativecommons.org/licenses/by-sa/3.0/">Licensed under the Creative Commons Attribution-ShareAlike 3.0 Unported license. </ref>
      </desc>
   </graphic>    
   
            
        </facsimile>
        
    -->
    <text>
        <body>
                       
            <div type="bibliography">
                <listBibl>
<bibl>C. Torma, AEM 3, 1879, p. 3, no 43 </bibl><bibl> CIL III 7709.</bibl>
                </listBibl>
            </div>
            
            
            <div type="edition" xml:lang="la"><head>Text</head>
                
  
            

    <ab>
                        <lb n="1"/>
                        
                        
                            
                            <expan><abbr>D</abbr><ex>is</ex></expan> <supplied reason="lost"> <expan><abbr>M</abbr><ex>anibus</ex></expan></supplied> <lb n="2"/><expan><abbr>M</abbr><ex>arcus</ex></expan> <expan><abbr>Aur</abbr><ex>elius</ex></expan> Au <supplied reason="lost"> <gap reason="lost" quantity="1" unit="character"/> <gap reason="lost" quantity="1" unit="character"/> <gap reason="lost" quantity="1" unit="character"/></supplied> <lb n="3"/><expan><abbr>Aug</abbr><ex>ustalis</ex></expan> c <supplied reason="lost"> <expan><abbr>ol</abbr><ex>oniae</ex></expan> <expan><abbr>Nap</abbr><ex>ocensis</ex></expan>(?) <expan><abbr>vix</abbr><ex>it</ex></expan></supplied> <lb n="4"/><expan><abbr>an</abbr><ex>nis</ex></expan> L A <supplied reason="lost"> <expan><abbr>ur</abbr><ex>elia</ex></expan> …</supplied> <lb n="5"/>ca heṛ <supplied reason="lost"> es<certainty locus="name" match="preceding-sibling::text()" cert="low"/><gap reason="lost" quantity="1" unit="character"/> <gap reason="lost" quantity="1" unit="character"/> <gap reason="lost" quantity="1" unit="character"/></supplied> <lb n="6"/>OR P <supplied reason="lost"> <gap reason="lost" quantity="1" unit="character"/> <gap reason="lost" quantity="1" unit="character"/> <gap reason="lost" quantity="1" unit="character"/></supplied> <lb n="7"/><expan><abbr>OPI</abbr><ex cert="low"/></expan> <supplied reason="lost"> <gap reason="lost" quantity="1" unit="character"/> <gap reason="lost" quantity="1" unit="character"/> <gap reason="lost" quantity="1" unit="character"/></supplied> <lb n="8"/><supplied reason="lost"> <gap reason="lost" quantity="1" unit="character"/> <gap reason="lost" quantity="1" unit="character"/> <gap reason="lost" quantity="1" unit="character"/> <gap reason="lost" quantity="1" unit="character"/> <gap reason="lost" quantity="1" unit="character"/> <gap reason="lost" quantity="1" unit="character"/></supplied>.
                        
                        
                    </ab>

                
                
            </div>

            
           <div type="translation" xml:lang="fr">
                <p>                    Aux dieux(Mânes). Marcus Aurelius Au…, Augustale de la colonie …, a vécu 0 ans. Aurelia …ca, héritière ….</p>
                    <desc><ref type="license" target="http://creativecommons.org/licenses/by-sa/3.0/">Licensed under a Creative Commons Attribution-ShareAlike 3.0 Unported licence.</ref>
                </desc>
            </div>
            

            <div type="commentary">
                <p>L. 2 : Au [ gurinus], Au [ relianus] etc., voir H. Solin, O. Salomies, Repertorium, p. 297-299 ; l. 3, Torma : aug(ur) c [ oloniae Potaissae] ; Kerényi : Aug(ustalis) c [ ol(oniae) Pot(aissae)] ; Ardevan : Aug(ustalis) c [ ol(oniae) Pot(aissae)(?). L’abréviation AVG pour augur est évitée, afin de ne pas créer une confusion avec Aug(ustalis). D’autre part, l’Augustalité n’est pas attestée à Potaissa. Il s’agit donc plus probablement de la colonie de Napoca. L. 4- : le cognomen pourrait être [ Formi]ca, [ Mus]ca etc., voir H. Solin, O. Salomies, p. 429 ; l. -7, Torma : [ Cast ?] / or pe [ cunia sua] / ob m [ erita], cf. HE ; solutions peu probables.</p>
            </div>

        </body>
    </text>
</TEI>
