<?xml version="1.0" encoding="UTF-8"?>
<TEI xmlns="http://www.tei-c.org/ns/1.0" xml:space="preserve" xml:lang="fr">
    <teiHeader>
        <fileDesc>
            <titleStmt>
                <title>Inscription votive</title>
            </titleStmt>  
            <publicationStmt>
                <authority>UNIVERSITATEA BABES BOLYAI</authority>
                <idno type="URI">http://inscriptionsfromdacia.altervista.org/text/ip00000035.html</idno>
                
                
               <idno type="localID">ip00000035</idno>
  
                <availability>
                    <licence target="http://creativecommons.org/licenses/by-nc-sa/3.0/">
This file is licensed under the Creative Commons Attribution-NonCommercial-ShareAlike 3.0 Unported license.
</licence>
                </availability>
            </publicationStmt>
            <sourceDesc>
                <msDesc>
                    <msIdentifier>
                        <country>
                            <placeName type="modern">Roumanie</placeName>
                        </country>
                        <region>
                            <placeName type="modern">Jud. Cluj</placeName>
                        </region>
                        <settlement>
                            <placeName>Turda / Torda</placeName>                     
                        </settlement>
                        <repository>Muzeul de Istorie Turda</repository>
                        <collection/>
                        <idno/>
                    </msIdentifier>
                    <physDesc>
                        <objectDesc>
                            <supportDesc>
                                <support>

<objectType>Autel votif ou base de statue</objectType>
                                    <material ref="http://www.eagle-network.eu/voc/material/lod/75">grès</material>                                    <p/>
                                    <dimensions unit="cm">
                                <height>47</height>
                                         <width>21</width>
                                         <depth>28</depth>
                                            </dimensions>
                                                                        <rs type="decoration">no</rs>
                                    <rs type="statPreserv"/> </support>
                            </supportDesc>
                            <layoutDesc>
                                <layout>
                                   <rs type="execution">primitivement sculptées</rs> <dimensions>
                                        <width unit="cm"/>
                                        <height unit="cm"/>
                                    </dimensions>
                                    <rs type="metre">no</rs>
                                </layout>
                            </layoutDesc>
                        </objectDesc>
                        <handDesc>
                            <handNote>
                               
                                <height unit="cm"/>
                            </handNote>
                        </handDesc>
                    </physDesc>
                    <history>
                        <origin>
                            <origPlace>Vu en 1873 par O. Hirschfeld dans le jardin de la paroisse reformée.
                                <placeName ref="http://www.trismegistos.org/place/030193">Potaissa</placeName>
                                <placeName type="provincItalicRegion" ref="http://www.trismegistos.org/place/004366">Dacia</placeName>
                            </origPlace>
                              <origDate datingMethod="http://en.wikipedia.org/wiki/Julian_calendar">En raison de l'écriture primitive et du manque du praenomen, probablement du IIIe siècle.</origDate>
                        </origin>
                        <provenance type="found">  
                            <date>Avant 1873</date>
                                <placeName>Turda / Torda</placeName> 
                            <placeName type="modernRegion">Jud. Cluj</placeName>
                            <placeName type="modernCountry">Roumanie</placeName>
                        </provenance>
                    </history>
                </msDesc>
            </sourceDesc>
        </fileDesc>
        <encodingDesc>
            <p>Marked-up according to the EpiDoc Guidelines</p>
            <classDecl>
                <taxonomy>
                    <category xml:id="representation">
                        <catDesc>Digitized other representations</catDesc>
                    </category>
                </taxonomy>
            </classDecl>
        </encodingDesc>
        <profileDesc>
                <textClass>
<keywords>
    <term ref="http://www.eagle-network.eu/voc/typeins/lod/372">Inscription votive</term>
</keywords>
    </textClass>

            <langUsage>
                <language ident="ar">Arabic</language>
                <language ident="en">English</language>
                <language ident="fr">French</language>
                <language ident="de">German</language>
                <language ident="grc">Ancient Greek</language>
                <language ident="grc-Latn">Transliterated Greek</language>
                <language ident="el">Modern Greek</language>
                <language ident="he">Hebrew</language>
                <language ident="it">Italian</language>
                <language ident="la">Latin</language>
                <language ident="sp">Spanish</language>
            </langUsage>
        <creation>EAGLE - Europeana Network of Ancient Greek and Latin Epigraphy</creation></profileDesc>
        <revisionDesc>
         <change when="2015-02-26" who="Ioan Piso">Ioan Piso</change>
        </revisionDesc>
    </teiHeader>
         <facsimile>

   <graphic n="PO_36" url="https://upload.wikimedia.org/wikipedia/commons/1/1a/PO_36.jpg" sameAs="https://commons.wikimedia.org/wiki/File:PO_36.jpg">
       <desc> PO_36
          <ref type="license" target="http://creativecommons.org/licenses/by-sa/3.0/">Licensed under the Creative Commons Attribution-ShareAlike 3.0 Unported license. </ref>
      </desc>
   </graphic>    
   
            
        </facsimile>
        
    
    <text>
        <body>
                       
            <div type="bibliography">
                <listBibl>
<bibl>O. Hirschfeld, SAWW 77, 1874, p. 379, no 9 </bibl><bibl> EphEp II, 383 </bibl><bibl> CIL III 7682.</bibl>
                </listBibl>
            </div>
            
            
            <div type="edition" xml:lang="la"><head>Text</head>
                
  
            

    <ab>
                        <lb n="1"/>
                        
                        
                            
                            Voto <lb n="2"/>Libero pa <lb n="3"/>tri An<expan><ex>n</ex><abbr>ius</abbr></expan> <lb n="4"/>Saturni <lb n="5"/>nus.
                        
                        
                    </ab>

                
                
            </div>

            
           <div type="translation" xml:lang="fr">
                <p>                    À la suite d’un vœu, à Liber le père. Annius Saturninus.</p>
                    <desc><ref type="license" target="http://creativecommons.org/licenses/by-sa/3.0/">Licensed under a Creative Commons Attribution-ShareAlike 3.0 Unported licence.</ref>
                </desc>
            </div>
            

        </body>
    </text>
</TEI>
