<?xml version="1.0" encoding="UTF-8"?>
<TEI xmlns="http://www.tei-c.org/ns/1.0" xml:space="preserve" xml:lang="fr">
    <teiHeader>
        <fileDesc>
            <titleStmt>
                <title>Estampille tégulaire provenant du domaine de la ville</title>
            </titleStmt>  
            <publicationStmt>
                <authority>UNIVERSITATEA BABES BOLYAI</authority>
                <idno type="URI">http://inscriptionsfromdacia.altervista.org/text/ip00000171.html</idno>
                
                
               <idno type="localID">ip00000171</idno>
  
                <availability>
                    <licence target="http://creativecommons.org/licenses/by-nc-sa/3.0/">
This file is licensed under the Creative Commons Attribution-NonCommercial-ShareAlike 3.0 Unported license.
</licence>
                </availability>
            </publicationStmt>
            <sourceDesc>
                <msDesc>
                    <msIdentifier>
                        <country>
                            <placeName type="modern">Roumanie</placeName>
                        </country>
                        <region>
                            <placeName type="modern">Jud. Hunedoara</placeName>
                        </region>
                        <settlement>
                            <placeName>Sarmizegetusa</placeName>                     
                        </settlement>
                        <repository>Musée de Deva</repository>
                        <collection/>
                        <idno/>
                    </msIdentifier>
                    <physDesc>
                        <objectDesc>
                            <supportDesc>
                                <support>

<objectType ref="http://www.eagle-network.eu/voc/objtyp/lod/1952">Briques et tuiles</objectType>
                                    <material ref="http://www.eagle-network.eu/voc/material/lod/130">céramique</material>                                    <p/>
                                    <dimensions unit="cm">
                                <height/>
                                         <width/>
                                         <depth/>
                                            </dimensions>
                                                                        <rs type="decoration">no</rs>
                                    <rs type="statPreserv"/> </support>
                            </supportDesc>
                            <layoutDesc>
                                <layout>
                                   <rs type="execution">en relief</rs> <dimensions>
                                        <width unit="cm"/>
                                        <height unit="cm"/>
                                    </dimensions>
                                    <rs type="metre">no</rs>
                                </layout>
                            </layoutDesc>
                        </objectDesc>
                        <handDesc>
                            <handNote>
                               Points de séparation
                                <height unit="cm">3.23.4</height>
                            </handNote>
                        </handDesc>
                    </physDesc>
                    <history>
                        <origin>
                            <origPlace>2 exemplaires trouvés dans l'amphithéâtre de Sarmizegetusa
                                <placeName ref="http://www.trismegistos.org/place/030060">Sarmizegetusa</placeName>
                                <placeName type="provincItalicRegion" ref="http://www.trismegistos.org/place/004366">Dacia</placeName>
                            </origPlace>
                              <origDate   datingMethod="http://en.wikipedia.org/wiki/Julian_calendar">À la construction de l'amphithéâtre ont été utilisées aussi des tuiles datées de 18(CIL III 8077, 1 = IDR III / 2, 8). Nous nous trouvons donc vers la moitié ou après la moitié du IIe siècle ap. J.-C.</origDate>
                        </origin>
                        <provenance type="found">  
                            <date>Vers 1880</date>
                                <placeName>Sarmizegetusa</placeName> 
                            <placeName type="modernRegion">Jud. Hunedoara</placeName>
                            <placeName type="modernCountry">Roumanie</placeName>
                        </provenance>
                    </history>
                </msDesc>
            </sourceDesc>
        </fileDesc>
        <encodingDesc>
            <p>Marked-up according to the EpiDoc Guidelines</p>
            <classDecl>
                <taxonomy>
                    <category xml:id="representation">
                        <catDesc>Digitized other representations</catDesc>
                    </category>
                </taxonomy>
            </classDecl>
        </encodingDesc>
        <profileDesc>
                <textClass>
<keywords>
    <term ref="http://www.eagle-network.eu/voc/typeins/lod/118">Estampille tégulaire</term>
</keywords>
    </textClass>

            <langUsage>
                <language ident="ar">Arabic</language>
                <language ident="en">English</language>
                <language ident="fr">French</language>
                <language ident="de">German</language>
                <language ident="grc">Ancient Greek</language>
                <language ident="grc-Latn">Transliterated Greek</language>
                <language ident="el">Modern Greek</language>
                <language ident="he">Hebrew</language>
                <language ident="it">Italian</language>
                <language ident="la">Latin</language>
                <language ident="sp">Spanish</language>
            </langUsage>
        <creation>EAGLE - Europeana Network of Ancient Greek and Latin Epigraphy</creation></profileDesc>
        <revisionDesc>
         <change when="2015-02-26" who="Ioan Piso">Ioan Piso</change>
        </revisionDesc>
    </teiHeader><!--
         <facsimile>

   <graphic n="UTS_172" url="https://commons.wikimedia.org/wiki/File:UTS_172.jpg">
       <desc> UTS_172
          <ref type="license" target="http://creativecommons.org/licenses/by-sa/3.0/">Licensed under the Creative Commons Attribution-ShareAlike 3.0 Unported license. </ref>
      </desc>
   </graphic>    
   
            
        </facsimile>
        -->
    
    <text>
        <body>
                       
            <div type="bibliography">
                <listBibl>
<bibl>CIL III 807, 12</bibl><bibl> G. Téglás, Klio, 19, p. 497, nos 18, 20, 2</bibl><bibl> IDR III / 2, 47</bibl><bibl> I. Piso, Ephemeris Napocensis 6, 1996, p. 162, no = Nordgrenze, p. 304, no </bibl><bibl> AE 1996, 1282.</bibl>
                </listBibl>
            </div>
            
            
            <div type="edition" xml:lang="la"><head>Text</head>
                
  
            

    <ab>
                        <lb n="1"/>
                        
                        
                            
                            <expan><abbr>R</abbr><ex>ei</ex></expan> <expan><abbr>p</abbr><ex>ublicae</ex></expan> <expan><abbr>Amab</abbr><ex>ilis</ex></expan>.
                        
                        
                    </ab>

                
                
            </div>

            <div type="apparatus">
                <p>G. Téglás: RPAV; I. I. Russu(IDR): RPAVAR.</p>
            </div>

            
           <div type="translation" xml:lang="fr">
                <p>                    Appartenant à la communauté.(De l'officine de) Amabilis.</p>
                    <desc><ref type="license" target="http://creativecommons.org/licenses/by-sa/3.0/">Licensed under a Creative Commons Attribution-ShareAlike 3.0 Unported licence.</ref>
                </desc>
            </div>
            

            <div type="commentary">
                <p>Amabilis, probablement un affranchi, était le fermier d'un domaine de la ville(res publica).</p>
            </div>

        </body>
    </text>
</TEI>
