<?xml version="1.0" encoding="UTF-8"?>
<TEI xmlns="http://www.tei-c.org/ns/1.0" xml:space="preserve" xml:lang="fr">
    <teiHeader>
        <fileDesc>
            <titleStmt>
                <title>Inscription funéraire d'Ulpia Claudia</title>
            </titleStmt>  
            <publicationStmt>
                <authority>UNIVERSITATEA BABES BOLYAI</authority>
                <idno type="URI">http://inscriptionsfromdacia.altervista.org/text/ip00000254.html</idno>
                
                
               <idno type="localID">ip00000254</idno>
  
                <availability>
                    <licence target="http://creativecommons.org/licenses/by-nc-sa/3.0/">
This file is licensed under the Creative Commons Attribution-NonCommercial-ShareAlike 3.0 Unported license.
</licence>
                </availability>
            </publicationStmt>
            <sourceDesc>
                <msDesc>
                    <msIdentifier>
                        <country>
                            <placeName type="modern">Roumanie</placeName>
                        </country>
                        <region>
                            <placeName type="modern">Jud. Cluj</placeName>
                        </region>
                        <settlement>
                            <placeName>Turda / Torda</placeName>                     
                        </settlement>
                        <repository>disparu</repository>
                        <collection/>
                        <idno/>
                    </msIdentifier>
                    <physDesc>
                        <objectDesc>
                            <supportDesc>
                                <support>

<objectType ref="http://www.eagle-network.eu/voc/objtyp/lod/230">Dé d'une base de monument funéraire</objectType>
                                    <material ref="http://www.eagle-network.eu/voc/material/lod/57">calcaire</material>                                    <p/>
                                    <dimensions unit="cm">
                                <height/>
                                         <width/>
                                         <depth/>
                                            </dimensions>
                                                                        <rs type="decoration">no</rs>
                                    <rs type="statPreserv"/> </support>
                            </supportDesc>
                            <layoutDesc>
                                <layout>
                                   <rs type="execution">sculptées</rs> <dimensions>
                                        <width unit="cm"/>
                                        <height unit="cm"/>
                                    </dimensions>
                                    <rs type="metre">no</rs>
                                </layout>
                            </layoutDesc>
                        </objectDesc>
                        <handDesc>
                            <handNote>
                               points de séparation
                                <height unit="cm"/>
                            </handNote>
                        </handDesc>
                    </physDesc>
                    <history>
                        <origin>
                            <origPlace>Trouvé vers 1888 dans les vignobles au sud du camp légionnaire.
                                <placeName ref="http://www.trismegistos.org/place/030193">Potaissa</placeName>
                                <placeName type="provincItalicRegion" ref="http://www.trismegistos.org/place/004366">Dacia</placeName>
                            </origPlace>
                              <origDate datingMethod="http://en.wikipedia.org/wiki/Julian_calendar">À partir de l’arrivée de la cohors I Batavorum, sous Hadrien, en Dacie; en raison des nombreuses ligatures, probablement à partir du milieu du IIe siècle.</origDate>
                        </origin>
                        <provenance type="found">  
                            <date>1888</date>
                                <placeName>Turda / Torda</placeName> 
                            <placeName type="modernRegion">Jud. Cluj</placeName>
                            <placeName type="modernCountry">Roumanie</placeName>
                        </provenance>
                    </history>
                </msDesc>
            </sourceDesc>
        </fileDesc>
        <encodingDesc>
            <p>Marked-up according to the EpiDoc Guidelines</p>
            <classDecl>
                <taxonomy>
                    <category xml:id="representation">
                        <catDesc>Digitized other representations</catDesc>
                    </category>
                </taxonomy>
            </classDecl>
        </encodingDesc>
        <profileDesc>
                <textClass>
<keywords>
    <term ref="http://www.eagle-network.eu/voc/typeins/lod/92">Inscription funéraire</term>
</keywords>
    </textClass>

            <langUsage>
                <language ident="ar">Arabic</language>
                <language ident="en">English</language>
                <language ident="fr">French</language>
                <language ident="de">German</language>
                <language ident="grc">Ancient Greek</language>
                <language ident="grc-Latn">Transliterated Greek</language>
                <language ident="el">Modern Greek</language>
                <language ident="he">Hebrew</language>
                <language ident="it">Italian</language>
                <language ident="la">Latin</language>
                <language ident="sp">Spanish</language>
            </langUsage>
        <creation>EAGLE - Europeana Network of Ancient Greek and Latin Epigraphy</creation></profileDesc>
        <revisionDesc>
         <change when="2015-02-26" who="Ioan Piso">Ioan Piso</change>
        </revisionDesc>
    </teiHeader>
         <facsimile>

   <graphic n="PO_25" url="https://upload.wikimedia.org/wikipedia/commons/8/8c/PO_25.jpg" sameAs="https://commons.wikimedia.org/wiki/File:PO_25.jpg">
       <desc> PO_25
          <ref type="license" target="http://creativecommons.org/licenses/by-sa/3.0/">Licensed under the Creative Commons Attribution-ShareAlike 3.0 Unported license. </ref>
      </desc>
   </graphic>    
   
            
        </facsimile>
        
    
    <text>
        <body>
                       
            <div type="bibliography">
                <listBibl>
<bibl>Fr. Cumont, AEM 17, 1894, p. 17, no 2 </bibl><bibl> AE 1894, 0 </bibl><bibl> CIL III 13760.</bibl>
                </listBibl>
            </div>
            
            
            <div type="edition" xml:lang="la"><head>Text</head>
                
  
            

    <ab>
                        <lb n="1"/>
                        
                        
                            
                            <expan><abbr>D</abbr><ex>is</ex></expan> <expan><abbr>M</abbr><ex>anibus</ex></expan> <lb n="2"/>Ulpia Cla <supplied reason="lost" cert="low"> u</supplied>d <lb n="3"/>ia vix <supplied reason="lost"> i</supplied>t <expan><abbr>an</abbr><ex>nis</ex></expan> XXXV <lb n="4"/><expan><abbr>Ulp</abbr><ex>ius</ex></expan> Festus <lb n="5"/>vix <supplied reason="lost"> i</supplied>t <expan><abbr>an</abbr><ex>nis</ex></expan> XVIII <lb n="6"/><expan><abbr>Ael</abbr><ex>ius</ex></expan> Certus <lb n="7"/><expan><abbr>sig</abbr><ex>nifer</ex></expan> <expan><abbr>coh</abbr><ex>ortis</ex></expan> I <expan><abbr>Bat</abbr><ex>avorum</ex></expan> <lb n="8"/><expan><abbr>coni</abbr><ex>ugi</ex></expan> <expan><abbr>pient</abbr><ex>issimae</ex></expan> <lb n="9"/><expan><abbr>f</abbr><ex>aciendum</ex></expan> <expan><abbr>c</abbr><ex>uravit</ex></expan>.
                        
                        
                    </ab>

                
                
            </div>

            
           <div type="translation" xml:lang="fr">
                <p>                    Aux dieux Mânes. Ulpia Claudia(?) a vécu 35 ans. Ulpius Festus a vécu 18 ans. Aelius Certus, signifer de la cohors I Batavorum, a pris soin de faire(ceci) à l’épouse très pieuse.</p>
                    <desc><ref type="license" target="http://creativecommons.org/licenses/by-sa/3.0/">Licensed under a Creative Commons Attribution-ShareAlike 3.0 Unported licence.</ref>
                </desc>
            </div>
            

            <div type="commentary">
                <p>L. 2-3, Cumont, AE, CIL : Clad / ia, peu probable(voir pourtant H. Solin, O. Salomies, Repertorium, p. 6) ; Kerényi : Claudia ; on remarque la division incorrecte en syllabes. Aelius Certus était signifer de la cohors I Batavorum, qui avait sa garnison à Romita ; voir C. C. Petolescu, Auxilia, p. 83-84 ; pour la charge de signifer cohortis voir A. v. Domaszewski, Rangordnung2, p. 8-9. Ulpius Festus porte le même nom que Ulpia Claudia, différent de celui de Aelius Certus. Il aura été le fils de Ulpia Claudia et pas de Aelius Festus.</p>
            </div>

        </body>
    </text>
</TEI>
